,X,Y,OBJECTID,INCKEY,COLDETKEY,REPORTNO,STATUS,ADDRTYPE,INTKEY,LOCATION,EXCEPTRSNCODE,EXCEPTRSNDESC,SEVERITYCODE,SEVERITYDESC,COLLISIONTYPE,PERSONCOUNT,PEDCOUNT,PEDCYLCOUNT,VEHCOUNT,INJURIES,SERIOUSINJURIES,FATALITIES,INCDATE,INCDTTM,JUNCTIONTYPE,SDOT_COLCODE,SDOT_COLDESC,INATTENTIONIND,UNDERINFL,WEATHER,ROADCOND,LIGHTCOND,PEDROWNOTGRNT,SDOTCOLNUM,SPEEDING,ST_COLCODE,ST_COLDESC,SEGLANEKEY,CROSSWALKKEY,HITPARKEDCAR,CLOSEST_CIRCLE_DIST,CLOSEST_CIRCLE_INDEX
12433,-122.33374316862532,47.660296472018345,12434,26328,26328,1776175,Matched,Intersection,27189.0,MERIDIAN AVE N AND N 44TH ST,,,2,Injury Collision,Cycles,2,0,1,1,1,0,0,2004-09-08T00:00:00.000Z,9/8/2004,At Intersection (intersection related),51.0,PEDALCYCLIST STRUCK MOTOR VEHICLE FRONT END AT ANGLE,,1,Overcast,Dry,Dark - No Street Lights,,4252039.0,,45,Vehicle - Pedalcyclist,0,0,N,0.0,428
169207,-122.33512697220894,47.576653178590895,170208,216342,216622,3778306,Unmatched,Block,,UTAH AVE S BETWEEN S FOREST ST AND S HANFORD ST, ,,0,Unknown,,0,0,0,0,0,0,0,2016-03-18T00:00:00.000Z,3/18/2016,,0.0,NOT ENOUGH INFORMATION / NOT APPLICABLE,,,,,,,,, ,,0,0,Y,1539.1993830427195,433
72098,-122.32126522467777,47.629577840277456,72099,87684,87684,C708981,Matched,Block,,BROADWAY E BETWEEN E PROSPECT ST AND E HIGHLAND DR,,,1,Property Damage Only Collision,Other,2,0,0,2,0,0,0,2008-08-27T00:00:00.000Z,8/27/2008 9:00:00 AM,Mid-Block (not related to intersection),12.0,"MOTOR VEHICLE STRUCK MOTOR VEHICLE, RIGHT SIDE AT ANGLE",,0,Unknown,Dry,Daylight,,8240036.0,,22,One car leaving driveway access,0,0,N,188.21560570613678,122
81797,-122.3979891830968,47.55261311508893,81798,95455,95455,3326608,Matched,Block,,BEACH DR SW BETWEEN SW SHORE PL AND SW JUNEAU ST,,,1,Property Damage Only Collision,Parked Car,2,0,0,2,0,0,0,2009-07-13T00:00:00.000Z,7/13/2009 3:00:00 AM,Mid-Block (not related to intersection),16.0,"MOTOR VEHICLE STRUCK MOTOR VEHICLE, LEFT SIDE SIDESWIPE",,0,Unknown,Unknown,Unknown,,9194026.0,,32,One parked--one moving,0,0,N,337.6651649397152,76
23398,-122.3485059886702,47.618071314628466,23399,37342,37342,2128453,Matched,Block,,4TH AVE BETWEEN CEDAR ST AND CLAY ST,,,1,Property Damage Only Collision,Parked Car,2,0,0,2,0,0,0,2005-12-10T00:00:00.000Z,12/10/2005 3:00:00 PM,Mid-Block (not related to intersection),11.0,"MOTOR VEHICLE STRUCK MOTOR VEHICLE, FRONT END AT ANGLE",,0,Unknown,Unknown,Daylight,,5344048.0,,19,One car entering parked position,0,0,N,922.3766694506099,422
167743,-122.31147652455546,47.61222470291133,167744,211851,212091,E503936,Matched,Block,,16TH AVE BETWEEN E SPRING ST AND E UNION ST, ,,1,Property Damage Only Collision,Parked Car,2,0,0,2,0,0,0,2016-01-07T00:00:00.000Z,1/7/2016 1:19:00 PM,Mid-Block (but intersection related),13.0,"MOTOR VEHICLE STRUCK MOTOR VEHICLE, LEFT SIDE AT ANGLE",Y,N,Overcast,Dry,Daylight,,,,32,One parked--one moving,0,0,Y,75.71431663767649,253
179853,-122.33993395817413,47.5743884399963,177854,231137,231537,E611264,Matched,Intersection,32155.0,EAST MARGINAL WAY S AND S HORTON ST, ,,2,Injury Collision,Cycles,1,0,1,1,1,0,0,2016-11-15T00:00:00.000Z,11/15/2016 10:28:00 AM,At Intersection (intersection related),51.0,PEDALCYCLIST STRUCK MOTOR VEHICLE FRONT END AT ANGLE,,N,Clear or Partly Cloudy,Wet,Daylight,,,,45,Vehicle - Pedalcyclist,4642,0,N,1894.5952176694802,178
14746,-122.34315664159516,47.68693800538613,14747,28452,28452,04070043,Unmatched,Block,,N 80TH ST BETWEEN AURORA AVE N AND STONE AVE N,,,0,Unknown,,0,0,0,0,0,0,0,2004-03-10T00:00:00.000Z,3/10/2004,Mid-Block (but intersection related),14.0,"MOTOR VEHICLE STRUCK MOTOR VEHICLE, REAR END",,,,,,,4070043.0,,,,0,0,N,362.2758873864232,867
138085,-122.33419928448694,47.582938394777,138086,156218,156238,3589049,Matched,Block,,1ST AVE S BETWEEN S WALKER ST AND S STACY ST, ,,1,Property Damage Only Collision,Parked Car,2,0,0,2,0,0,0,2013-10-25T00:00:00.000Z,10/25/2013 3:15:00 PM,Mid-Block (not related to intersection),11.0,"MOTOR VEHICLE STRUCK MOTOR VEHICLE, FRONT END AT ANGLE",Y,N,Unknown,Unknown,Unknown,,,,32,One parked--one moving,0,0,N,1381.5549000550232,875
148288,-122.29022428935345,47.62751774956789,148289,176852,176872,3642703,Matched,Block,,E MADISON ST BETWEEN 32ND AVE E AND 33RD AVE E, ,,2,Injury Collision,Parked Car,3,0,0,3,1,0,0,2014-10-02T00:00:00.000Z,10/2/2014 11:15:00 PM,Mid-Block (not related to intersection),11.0,"MOTOR VEHICLE STRUCK MOTOR VEHICLE, FRONT END AT ANGLE",Y,Y,Clear or Partly Cloudy,Dry,Dark - Street Lights On,,,,32,One parked--one moving,0,0,N,464.12456212674965,765
31087,-122.35556607554001,47.640692073618155,32088,46355,46355,2108408,Matched,Block,,1ST AVE N BETWEEN MCGRAW N ST AND SMITH ST,,,1,Property Damage Only Collision,Parked Car,2,0,0,2,0,0,0,2005-10-29T00:00:00.000Z,10/29/2005 7:26:00 PM,Mid-Block (not related to intersection),13.0,"MOTOR VEHICLE STRUCK MOTOR VEHICLE, LEFT SIDE AT ANGLE",,0,Clear or Partly Cloudy,Dry,Unknown,,5302031.0,,32,One parked--one moving,0,0,N,119.52516938058679,426
51398,-122.34745915788585,47.61569245756309,51399,66128,66128,2805051,Matched,Block,,WALL ST BETWEEN 2ND AVE AND 3RD AVE,,,1,Property Damage Only Collision,Parked Car,2,0,0,2,0,0,0,2007-09-24T00:00:00.000Z,9/24/2007 10:00:00 PM,Driveway Junction,12.0,"MOTOR VEHICLE STRUCK MOTOR VEHICLE, RIGHT SIDE AT ANGLE",,0,Unknown,Dry,Dark - Street Lights Off,,7267029.0,,32,One parked--one moving,0,0,N,1195.8284051174915,422
143795,-122.35677712771812,47.63231651867261,144796,168130,168150,3705002,Matched,Intersection,28545.0,QUEEN ANNE AVE N AND W GALER ST, ,,1,Property Damage Only Collision,Parked Car,3,0,0,3,0,0,0,2014-05-19T00:00:00.000Z,5/19/2014 12:18:00 AM,At Intersection (intersection related),11.0,"MOTOR VEHICLE STRUCK MOTOR VEHICLE, FRONT END AT ANGLE",,N,Clear or Partly Cloudy,Dry,Dark - Street Lights On,,,,32,One parked--one moving,0,0,N,140.07269131897706,438
151446,-122.34465107542351,47.701429983149936,152447,184124,184204,3552743,Matched,Intersection,37301.0,AURORA AVE N AND N 100TH ST, ,,2,Injury Collision,Pedestrian,2,1,0,1,1,0,0,2015-01-27T00:00:00.000Z,1/27/2015 9:40:00 PM,At Intersection (intersection related),24.0,MOTOR VEHCILE STRUCK PEDESTRIAN,Y,Y,Overcast,Dry,Dark - Street Lights On,,,,2,Vehicle turning left hits pedestrian,0,521683,N,202.1420362699762,914
136537,-122.34474332331236,47.70804273811776,135538,154442,154462,3582628,Matched,Intersection,36350.0,AURORA AVE N AND N 109TH ST, ,,1,Property Damage Only Collision,Angles,2,0,0,2,0,0,0,2013-09-22T00:00:00.000Z,9/22/2013 1:01:00 PM,At Intersection (intersection related),11.0,"MOTOR VEHICLE STRUCK MOTOR VEHICLE, FRONT END AT ANGLE",,N,Raining,Wet,Daylight,,,,10,Entering at angle,0,0,N,194.47970872162443,293
35960,-122.33943745252084,47.566062021435826,36961,51539,51539,2127741,Matched,Block,,EAST MARGINAL WAY S BETWEEN ALASKAN WY VI NB AND S NEVADA ST,,,1,Property Damage Only Collision,Sideswipe,2,0,0,2,0,0,0,2006-06-07T00:00:00.000Z,6/7/2006,Mid-Block (not related to intersection),11.0,"MOTOR VEHICLE STRUCK MOTOR VEHICLE, FRONT END AT ANGLE",,0,Clear or Partly Cloudy,Dry,Daylight,,6158027.0,,11,From same direction - both going straight - both moving - sideswipe,0,0,N,1765.8850332781026,512
64803,-122.34990541087087,47.686939083048394,64804,77854,77854,2881287,Matched,Intersection,24284.0,FREMONT AVE N AND N 80TH ST,,,2,Injury Collision,Angles,2,0,0,2,1,0,0,2007-08-14T00:00:00.000Z,8/14/2007 6:18:00 PM,At Intersection (intersection related),11.0,"MOTOR VEHICLE STRUCK MOTOR VEHICLE, FRONT END AT ANGLE",,0,Clear or Partly Cloudy,Dry,Daylight,,7226010.0,,10,Entering at angle,0,0,N,80.28717597410683,679
73975,-122.35096804253237,47.719588919588574,73976,88171,88171,2611524,Matched,Block,,N 125TH ST BETWEEN EVANSTON AVE N AND FREMONT AVE N,,,2,Injury Collision,Head On,2,0,0,2,1,0,0,2008-05-06T00:00:00.000Z,5/6/2008,Mid-Block (not related to intersection),11.0,"MOTOR VEHICLE STRUCK MOTOR VEHICLE, FRONT END AT ANGLE",,0,Clear or Partly Cloudy,Dry,Daylight,,8127011.0,,30,From opposite direction - all others,0,0,N,207.3958369891447,137
148635,-122.3553052298968,47.68142808898432,148636,176248,176268,3703137,Matched,Block,,GREENWOOD AVE N BETWEEN N 72ND N ST AND N 73RD ST, ,,2,Injury Collision,Rear Ended,3,0,0,3,1,0,0,2014-09-05T00:00:00.000Z,9/5/2014 9:27:00 AM,Mid-Block (but intersection related),14.0,"MOTOR VEHICLE STRUCK MOTOR VEHICLE, REAR END",,N,Clear or Partly Cloudy,Dry,Daylight,,,,14,From same direction - both going straight - one stopped - rear-end,0,0,N,176.37618244737249,340
176887,-122.32278641908228,47.61180029716025,174888,224745,225045,3704820,Matched,Block,,BOYLSTON AVE BETWEEN SPRING ST AND SENECA ST, ,,1,Property Damage Only Collision,Parked Car,2,0,0,2,0,0,0,2016-07-26T00:00:00.000Z,7/26/2016 11:13:00 AM,Mid-Block (not related to intersection),14.0,"MOTOR VEHICLE STRUCK MOTOR VEHICLE, REAR END",,N,Clear or Partly Cloudy,Dry,Daylight,,,,32,One parked--one moving,0,0,N,201.70289571403129,762
9226,-122.27766411018793,47.5511760244803,9227,23275,23275,1773007,Matched,Intersection,33512.0,RAINIER AVE S AND S ORCAS ST,,,2,Injury Collision,Angles,2,0,0,2,1,0,0,2004-05-01T00:00:00.000Z,5/1/2004,At Intersection (intersection related),11.0,"MOTOR VEHICLE STRUCK MOTOR VEHICLE, FRONT END AT ANGLE",,0,Overcast,Dry,Daylight,,4122024.0,,10,Entering at angle,0,0,N,190.46339897012453,528
112519,-122.29035056634373,47.678506185284746,110520,126222,126222,3554532,Matched,Block,,35TH AVE NE BETWEEN NE 68TH ST AND NE 70TH ST,,,1,Property Damage Only Collision,Rear Ended,2,0,0,2,0,0,0,2011-11-03T00:00:00.000Z,11/3/2011 7:30:00 PM,Mid-Block (but intersection related),14.0,"MOTOR VEHICLE STRUCK MOTOR VEHICLE, REAR END",Y,N,Clear or Partly Cloudy,Dry,Dark - Street Lights On,,11307017.0,,14,From same direction - both going straight - one stopped - rear-end,0,0,N,225.27675900883108,284
72103,-122.38911659634053,47.5539223227585,72104,87681,87681,2827400,Matched,Block,,SW BRANDON ST BETWEEN 44TH AVE SW AND 45TH AVE SW,,,1,Property Damage Only Collision,Parked Car,4,0,0,2,0,0,0,2008-08-29T00:00:00.000Z,8/29/2008 11:49:00 PM,Mid-Block (not related to intersection),16.0,"MOTOR VEHICLE STRUCK MOTOR VEHICLE, LEFT SIDE SIDESWIPE",Y,0,Overcast,Dry,Dark - No Street Lights,,8242013.0,,32,One parked--one moving,0,0,N,270.3818909263649,335
173597,-122.34721455841586,47.686940667445995,173598,223169,223449,3706923,Matched,Intersection,24285.0,LINDEN AVE N AND N 80TH ST, ,,1,Property Damage Only Collision,Angles,2,0,0,2,0,0,0,2016-07-09T00:00:00.000Z,7/9/2016 6:48:00 PM,At Intersection (intersection related),14.0,"MOTOR VEHICLE STRUCK MOTOR VEHICLE, REAR END",,N,Clear or Partly Cloudy,Dry,Daylight,,,,10,Entering at angle,0,0,N,217.1195557946718,679
195145,-122.32859193108857,47.70681248721328,193146,267638,268418,E762356,Matched,Intersection,36595.0,1ST AVE NE AND I5 NB 1ST AV NE OFF RP, ,,1,Property Damage Only Collision,Rear Ended,4,0,0,2,0,0,0,2018-01-25T00:00:00.000Z,1/25/2018 10:13:00 AM,At Intersection (but not related to intersection),14.0,"MOTOR VEHICLE STRUCK MOTOR VEHICLE, REAR END",,N,Raining,Wet,Daylight,,,,14,From same direction - both going straight - one stopped - rear-end,0,0,N,642.7269692747363,265
24869,-122.32085448301252,47.61873954148882,24870,38491,38491,1772320,Matched,Intersection,29068.0,BROADWAY AND E DENNY WAY,,,1,Property Damage Only Collision,Other,1,0,0,1,0,0,0,2005-09-25T00:00:00.000Z,9/25/2005 9:15:00 PM,At Intersection (intersection related),11.0,"MOTOR VEHICLE STRUCK MOTOR VEHICLE, FRONT END AT ANGLE",,0,Clear or Partly Cloudy,Dry,Dark - Street Lights On,,5268004.0,,65,Vehicle Struck by City Road or Construction Machinery,0,0,N,198.40357941398153,40
140817,-122.34290987406187,47.734130141960144,139818,161310,161330,E300951,Matched,Block,,N 145TH ST BETWEEN LENORA PL N AND STONE AVE N, ,,2,Injury Collision,Rear Ended,2,0,0,2,1,0,0,2014-01-05T00:00:00.000Z,1/5/2014 1:35:00 PM,Mid-Block (not related to intersection),14.0,"MOTOR VEHICLE STRUCK MOTOR VEHICLE, REAR END",,N,Clear or Partly Cloudy,Dry,Daylight,,,Y,14,From same direction - both going straight - one stopped - rear-end,0,0,N,316.2362793261102,337
67278,-122.31414735366957,47.61223353474635,67279,81309,81309,2904714,Matched,Block,,14TH AVE BETWEEN E SPRING ST AND E UNION ST,,,1,Property Damage Only Collision,Sideswipe,2,0,0,2,0,0,0,2008-07-11T00:00:00.000Z,7/11/2008 10:15:00 AM,Mid-Block (not related to intersection),16.0,"MOTOR VEHICLE STRUCK MOTOR VEHICLE, LEFT SIDE SIDESWIPE",,0,Clear or Partly Cloudy,Dry,Daylight,,8193036.0,,12,From same direction - both going straight - one stopped - sideswipe,0,0,N,122.43814559199919,837
123733,-122.32394607098915,47.61522806298954,122734,137248,137248,3476231,Matched,Block,,E PINE ST BETWEEN BELMONT AVE AND BOYLSTON AVE,,,1,Property Damage Only Collision,Rear Ended,3,0,0,2,0,0,0,2012-10-16T00:00:00.000Z,10/16/2012 7:55:00 PM,Mid-Block (but intersection related),14.0,"MOTOR VEHICLE STRUCK MOTOR VEHICLE, REAR END",,N,Clear or Partly Cloudy,Dry,Dark - Street Lights On,,12290023.0,,14,From same direction - both going straight - one stopped - rear-end,0,0,N,172.46806767240736,55
48074,-122.27885219496633,47.53337870212292,48075,62551,62551,2177089,Matched,Intersection,34489.0,43RD AVE S AND RENTON AVE S,,,1,Property Damage Only Collision,Angles,2,0,0,2,0,0,0,2006-01-03T00:00:00.000Z,1/3/2006,At Intersection (intersection related),11.0,"MOTOR VEHICLE STRUCK MOTOR VEHICLE, FRONT END AT ANGLE",,0,Raining,Wet,Daylight,,6003030.0,,10,Entering at angle,0,0,N,207.5652209926459,954
115834,-122.33778548243272,47.624550060881205,115835,130023,130023,3200483,Matched,Block,,MERCER SR ST BETWEEN WESTLAKE AVE N AND TERRY AVE N,,,1,Property Damage Only Collision,Sideswipe,5,0,0,2,0,0,0,2011-03-31T00:00:00.000Z,3/31/2011 7:24:00 PM,Mid-Block (but intersection related),11.0,"MOTOR VEHICLE STRUCK MOTOR VEHICLE, FRONT END AT ANGLE",,N,Clear or Partly Cloudy,Wet,Dark - Street Lights On,,11090021.0,,81,Same direction -- both turning left -- both moving -- sideswipe,0,0,N,661.8643369325994,272
172266,-122.33027463071971,47.614952472155714,169267,216003,216263,3641420,Matched,Block,,BOREN AVE BETWEEN PINE ST AND OLIVE WAY, ,,1,Property Damage Only Collision,Rear Ended,2,0,0,2,0,0,0,2016-03-20T00:00:00.000Z,3/20/2016 12:30:00 PM,Mid-Block (but intersection related),14.0,"MOTOR VEHICLE STRUCK MOTOR VEHICLE, REAR END",Y,N,Raining,Wet,Daylight,,,,14,From same direction - both going straight - one stopped - rear-end,0,0,N,337.7632792059933,185
86634,-122.35011306955884,47.614915897431594,87635,101364,101364,3344887,Matched,Block,,VINE ST BETWEEN WESTERN AVE AND 1ST AVE,,,1,Property Damage Only Collision,Parked Car,2,0,0,2,0,0,0,2009-09-10T00:00:00.000Z,9/10/2009 6:44:00 PM,Mid-Block (not related to intersection),11.0,"MOTOR VEHICLE STRUCK MOTOR VEHICLE, FRONT END AT ANGLE",,0,Clear or Partly Cloudy,Dry,Unknown,,9253033.0,,32,One parked--one moving,0,0,N,1264.7142492990536,422
176460,-122.32168580219019,47.65104751116883,174461,224391,224671,3704735,Matched,Block,,EASTLAKE AVE E BETWEEN HARVARD AVE E AND FUHRMAN AVE E, ,,2,Injury Collision,Left Turn,5,0,0,2,1,0,0,2016-06-19T00:00:00.000Z,6/19/2016 12:20:00 AM,Mid-Block (not related to intersection),11.0,"MOTOR VEHICLE STRUCK MOTOR VEHICLE, FRONT END AT ANGLE",,N,Clear or Partly Cloudy,Dry,Dark - Street Lights On,,,,28,From opposite direction - one left turn - one straight,0,0,N,639.76098646095,751
133530,-122.31664339079376,47.58455513374898,133531,148814,148834,3579584,Matched,Block,,S HILL ST BETWEEN 12TH AVE S AND 13TH AVE S, ,,1,Property Damage Only Collision,Other,1,0,0,1,0,0,0,2013-06-21T00:00:00.000Z,6/21/2013 1:46:00 PM,Mid-Block (not related to intersection),28.0,MOTOR VEHICLE RAN OFF ROAD - HIT FIXED OBJECT,,N,Clear or Partly Cloudy,Dry,Daylight,,,,50,Fixed object,0,0,N,49.22580600199513,875
91419,-122.326505815511,47.63824717822713,91420,106167,106167,09341025,Unmatched,Block,,E BOSTON ST BETWEEN YALE AVE E AND EASTLAKE AVE E,,,0,Unknown,,0,0,0,0,0,0,0,2009-12-07T00:00:00.000Z,12/7/2009,Mid-Block (not related to intersection),11.0,"MOTOR VEHICLE STRUCK MOTOR VEHICLE, FRONT END AT ANGLE",,,,,,,9341025.0,,,,0,0,N,581.7483794004561,673
102936,-122.33419545314449,47.59031216424016,102937,116622,116622,10161035,Unmatched,Intersection,30388.0,1ST AVE S AND S ATLANTIC ST,,,0,Unknown,,0,0,0,0,0,0,0,2010-06-10T00:00:00.000Z,6/10/2010 12:26:00 PM,At Intersection (intersection related),14.0,"MOTOR VEHICLE STRUCK MOTOR VEHICLE, REAR END",,,,,,,10161035.0,,,,0,0,N,1511.770667845037,875
69607,-122.32271001383812,47.552620157369965,69608,84755,84755,3279712,Matched,Block,,S FINDLAY ST BETWEEN 7TH AVE S AND 8TH AVE S,,,1,Property Damage Only Collision,Parked Car,2,0,0,2,0,0,0,2008-08-01T00:00:00.000Z,8/1/2008,Mid-Block (not related to intersection),28.0,MOTOR VEHICLE RAN OFF ROAD - HIT FIXED OBJECT,Y,0,Clear or Partly Cloudy,Dry,Daylight,,8214022.0,,32,One parked--one moving,0,0,N,237.91643688846406,202
89077,-122.33917357123379,47.61372706928747,89078,104828,104828,3326804,Matched,Intersection,29549.0,5TH AVE AND VIRGINIA ST,,,2,Injury Collision,Left Turn,4,0,0,2,1,0,0,2009-07-28T00:00:00.000Z,7/28/2009 10:46:00 AM,At Intersection (intersection related),11.0,"MOTOR VEHICLE STRUCK MOTOR VEHICLE, FRONT END AT ANGLE",,0,Clear or Partly Cloudy,Dry,Daylight,,9209026.0,,15,From same direction - one left turn - one straight,0,0,N,927.8546448033271,185
33244,-122.32907099941026,47.663799736291104,33245,47035,47035,1794548,Matched,Block,,EASTERN AVE N BETWEEN N 46TH ST AND N 50TH ST,,,1,Property Damage Only Collision,Parked Car,2,0,0,2,0,0,0,2005-05-05T00:00:00.000Z,5/5/2005,Mid-Block (not related to intersection),13.0,"MOTOR VEHICLE STRUCK MOTOR VEHICLE, LEFT SIDE AT ANGLE",,0,Unknown,Unknown,Unknown,,5125007.0,,32,One parked--one moving,0,0,N,132.39354835471988,120
186866,-122.34513248499857,47.616139557085035,185867,242340,242820,E668461,Matched,Block,,BATTERY ST TUNNEL SB BETWEEN AURORA AVE N AND ALASKAN WY VI SB, ,,2,Injury Collision,Other,1,0,0,1,1,0,0,2017-04-13T00:00:00.000Z,4/13/2017 5:47:00 AM,Mid-Block (not related to intersection),26.0,MOTOR VEHICLE STRUCK OBJECT IN ROAD,,N,Overcast,Wet,Dark - Street Lights On,,,,50,Fixed object,0,0,N,1190.4334744838513,422
24011,-122.34457786066393,47.69527046713377,24012,38285,38285,2026308,Matched,Block,,AURORA AVE N BETWEEN N 91ST ST AND N 92ND ST,,,1,Property Damage Only Collision,Parked Car,3,0,0,2,0,0,0,2005-09-15T00:00:00.000Z,9/15/2005 8:49:00 PM,Mid-Block (not related to intersection),14.0,"MOTOR VEHICLE STRUCK MOTOR VEHICLE, REAR END",,0,Clear or Partly Cloudy,Dry,Dark - Street Lights On,,5258024.0,,32,One parked--one moving,0,0,N,206.80142705541778,606
23871,-122.3244008995059,47.601709116817744,23872,37735,37735,1198767,Matched,Block,,YESLER WAY BETWEEN 6TH AVE AND 8TH AVE,,,1,Property Damage Only Collision,Parked Car,2,0,0,2,0,0,0,2005-07-31T00:00:00.000Z,7/31/2005 2:55:00 AM,Mid-Block (not related to intersection),13.0,"MOTOR VEHICLE STRUCK MOTOR VEHICLE, LEFT SIDE AT ANGLE",,0,Clear or Partly Cloudy,Dry,Dark - Street Lights On,,5212024.0,,32,One parked--one moving,0,0,N,873.4977685975016,627
19792,-122.31612076248973,47.60805605458957,19793,33398,33398,1198389,Matched,Block,,E CHERRY ST BETWEEN 12TH AVE AND 13TH AVE,,,1,Property Damage Only Collision,Sideswipe,2,0,0,2,0,0,0,2005-07-05T00:00:00.000Z,7/5/2005,Mid-Block (not related to intersection),11.0,"MOTOR VEHICLE STRUCK MOTOR VEHICLE, FRONT END AT ANGLE",,0,Clear or Partly Cloudy,Dry,Daylight,,5186022.0,,11,From same direction - both going straight - both moving - sideswipe,0,0,N,264.42919900129704,582
157855,-122.35544894026482,47.70471992862981,157856,190148,190228,C797384,Unmatched,Block,,GREENWOOD AVE N BETWEEN N 104TH ST AND HOLMAN RD N, ,,0,Unknown,,0,0,0,0,0,0,0,2014-12-18T00:00:00.000Z,12/18/2014,Mid-Block (not related to intersection),11.0,"MOTOR VEHICLE STRUCK MOTOR VEHICLE, FRONT END AT ANGLE",,,,,,,,, ,,0,0,N,206.28053565181284,294
148652,-122.30802193462112,47.73389830217525,148653,176446,176466,3511349,Matched,Block,,NE 145TH ST BETWEEN 19TH AVE NE AND 20TH AVE NE, ,,2,Injury Collision,Rear Ended,4,0,0,3,1,0,0,2014-08-09T00:00:00.000Z,8/9/2014 1:00:00 PM,Mid-Block (not related to intersection),14.0,"MOTOR VEHICLE STRUCK MOTOR VEHICLE, REAR END",,N,Clear or Partly Cloudy,Dry,Daylight,,,,13,From same direction - both going straight - both moving - rear-end,0,0,N,250.38157701509363,111
183384,-122.3982330770729,47.65496443876238,183385,237336,237776,E655057,Matched,Block,,32ND AVE W BETWEEN W EMERSON ST AND W THURMAN ST, ,,2,Injury Collision,Parked Car,0,0,0,2,1,0,0,2017-03-24T00:00:00.000Z,3/24/2017 1:35:00 PM,Mid-Block (not related to intersection),11.0,"MOTOR VEHICLE STRUCK MOTOR VEHICLE, FRONT END AT ANGLE",,N,Raining,Wet,Daylight,,,,32,One parked--one moving,0,0,N,301.56441840427,229
69839,-122.32912359482559,47.60865809544408,69840,84514,84514,2623093,Matched,Intersection,29926.0,8TH AVE AND SPRING ST,,,1,Property Damage Only Collision,Angles,2,0,0,2,0,0,0,2008-08-22T00:00:00.000Z,8/22/2008 10:45:00 AM,At Intersection (intersection related),11.0,"MOTOR VEHICLE STRUCK MOTOR VEHICLE, FRONT END AT ANGLE",,0,Clear or Partly Cloudy,Dry,Daylight,,8235027.0,,10,Entering at angle,0,0,N,392.71740000534743,762
121919,-122.29750018240736,47.61293562970684,121920,137334,137334,3551727,Matched,Intersection,30023.0,27TH AVE AND E UNION ST, ,,1,Property Damage Only Collision,Angles,3,0,0,3,0,0,0,2012-01-13T00:00:00.000Z,1/13/2012 3:23:00 PM,At Intersection (intersection related),11.0,"MOTOR VEHICLE STRUCK MOTOR VEHICLE, FRONT END AT ANGLE",,N,Clear or Partly Cloudy,Dry,Daylight,,12013011.0,,10,Entering at angle,0,0,N,132.38854452759955,166
96141,-122.29258247518905,47.56057247017807,96142,111827,111827,3335943,Matched,Block,,31ST AVE S BETWEEN S ALASKA ST AND DEAD END 2,,,2,Injury Collision,Sideswipe,3,0,0,2,2,0,0,2010-02-05T00:00:00.000Z,2/5/2010 12:09:00 AM,Mid-Block (not related to intersection),16.0,"MOTOR VEHICLE STRUCK MOTOR VEHICLE, LEFT SIDE SIDESWIPE",,N,Raining,Wet,Dark - Street Lights On,,10036033.0,,26,From opposite direction - both going straight - sideswipe,0,0,N,226.8338937415612,404
195718,-122.34009165149706,47.60554374787735,193719,267716,268496,E761092,Unmatched,Block,,ALASKAN WAY BETWEEN SENECA ST AND UNIVERSITY ST, ,,0,Unknown,,0,0,0,0,0,0,0,2018-01-21T00:00:00.000Z,1/21/2018,Mid-Block (not related to intersection),14.0,"MOTOR VEHICLE STRUCK MOTOR VEHICLE, REAR END",,,,,,,,, ,,0,0,N,1277.0860002219947,688
97873,-122.34336847739,47.61855414351815,97874,112060,112060,3560128,Matched,Intersection,29517.0,AURORA NB AVE N AND DENNY WAY,,,2,Injury Collision,Angles,3,0,0,2,3,0,0,2010-10-09T00:00:00.000Z,10/9/2010 12:50:00 AM,At Intersection (intersection related),11.0,"MOTOR VEHICLE STRUCK MOTOR VEHICLE, FRONT END AT ANGLE",,Y,Raining,Wet,Dark - Street Lights On,,10282010.0,,10,Entering at angle,0,0,N,1000.5761175411743,422
190025,-122.34732307109901,47.65344903678009,190026,251395,251995,E728078,Matched,Block,,AURORA AVE N BETWEEN N 38 UPPER ST AND N 39TH ST, ,,2,Injury Collision,Rear Ended,2,0,0,2,1,0,0,2017-10-27T00:00:00.000Z,10/27/2017 5:10:00 PM,Mid-Block (not related to intersection),14.0,"MOTOR VEHICLE STRUCK MOTOR VEHICLE, REAR END",,N,Clear or Partly Cloudy,Dry,Daylight,,,,13,From same direction - both going straight - both moving - rear-end,0,0,N,294.35205263528394,934
158437,-122.36312322651865,47.56199176398687,159438,198203,198343,3734344,Matched,Block,,DELRIDGE WAY SW BETWEEN SW OREGON ST AND SW ALASKA ST, ,,1,Property Damage Only Collision,Parked Car,2,0,0,2,0,0,0,2015-07-20T00:00:00.000Z,7/20/2015 8:30:00 AM,Mid-Block (not related to intersection),11.0,"MOTOR VEHICLE STRUCK MOTOR VEHICLE, FRONT END AT ANGLE",Y,N,Unknown,Unknown,Unknown,,,,20,One car leaving parked position,0,0,N,204.25484143803695,9