,X,Y,OBJECTID,INCKEY,COLDETKEY,REPORTNO,STATUS,ADDRTYPE,INTKEY,LOCATION,EXCEPTRSNCODE,EXCEPTRSNDESC,SEVERITYCODE,SEVERITYDESC,COLLISIONTYPE,PERSONCOUNT,PEDCOUNT,PEDCYLCOUNT,VEHCOUNT,INJURIES,SERIOUSINJURIES,FATALITIES,INCDATE,INCDTTM,JUNCTIONTYPE,SDOT_COLCODE,SDOT_COLDESC,INATTENTIONIND,UNDERINFL,WEATHER,ROADCOND,LIGHTCOND,PEDROWNOTGRNT,SDOTCOLNUM,SPEEDING,ST_COLCODE,ST_COLDESC,SEGLANEKEY,CROSSWALKKEY,HITPARKEDCAR,CLOSEST_CIRCLE_DIST,CLOSEST_CIRCLE_INDEX
2962,-122.34068746740265,47.66428986783398,3963,17812,17812,1794120,Matched,Intersection,25545.0,STONE WAY N AND N 49TH ST,,,2,Injury Collision,Angles,5,0,0,3,1,0,0,2004-11-28T00:00:00.000Z,11/28/2004 3:40:00 PM,At Intersection (intersection related),11.0,"MOTOR VEHICLE STRUCK MOTOR VEHICLE, FRONT END AT ANGLE",,0,Clear or Partly Cloudy,Dry,Daylight,,4333010.0,,10,Entering at angle,0,0,N,116.74126672457835,836
198633,-122.30503617523651,47.60474570464207,197634,289923,290783,E803274,Unmatched,Block,,21ST AVE BETWEEN E ALDER ST AND E TERRACE ST,NEI,"Not Enough Information, or Insufficient Location Information",0,Unknown,,0,0,0,0,0,0,0,2018-05-28T00:00:00.000Z,5/28/2018,,0.0,NOT ENOUGH INFORMATION / NOT APPLICABLE,,,,,,,,, ,,0,0,Y,46.167658672083824,602
130008,-122.34376188298555,47.61855574942124,132009,147359,147379,3573328,Matched,Intersection,29570.0,AURORA SB AVE N AND DENNY WAY, ,,2,Injury Collision,Cycles,2,0,1,1,1,0,0,2013-06-02T00:00:00.000Z,6/2/2013 3:52:00 PM,At Intersection (intersection related),18.0,"MOTOR VEHICLE STRUCK PEDALCYCLIST, FRONT END AT ANGLE",,N,Clear or Partly Cloudy,Dry,Daylight,,,,45,Vehicle - Pedalcyclist,0,521699,N,985.6431119040994,422
44264,-122.32752696231914,47.70862159176301,44265,58734,58734,C677205,Matched,Block,,NE NORTHGATE WAY BETWEEN 1ST AVE NE AND NE NORTHGATE DR,,,2,Injury Collision,Sideswipe,2,0,0,2,1,0,0,2006-11-07T00:00:00.000Z,11/7/2006,Mid-Block (not related to intersection),16.0,"MOTOR VEHICLE STRUCK MOTOR VEHICLE, LEFT SIDE SIDESWIPE",,0,Clear or Partly Cloudy,Wet,Daylight,,6311059.0,,11,From same direction - both going straight - both moving - sideswipe,0,0,N,499.0763071916035,265
88636,-122.35670597559307,47.62501720079402,88637,104393,104393,3328468,Matched,Block,,QUEEN ANNE AVE N BETWEEN MERCER ST AND ROY ST,,,1,Property Damage Only Collision,Parked Car,3,0,0,3,0,0,0,2009-11-05T00:00:00.000Z,11/5/2009,Mid-Block (not related to intersection),14.0,"MOTOR VEHICLE STRUCK MOTOR VEHICLE, REAR END",,0,Clear or Partly Cloudy,Dry,Dark - Street Lights On,,9309002.0,,32,One parked--one moving,0,0,N,418.1981707396399,663
83533,-122.30537181811344,47.62522053799094,82534,97246,97246,3274779,Matched,Block,,E ROY ST BETWEEN 20TH AVE E AND 21ST AVE E,,,1,Property Damage Only Collision,Parked Car,2,0,0,2,0,0,0,2009-05-03T00:00:00.000Z,5/3/2009,Mid-Block (not related to intersection),13.0,"MOTOR VEHICLE STRUCK MOTOR VEHICLE, LEFT SIDE AT ANGLE",,0,Clear or Partly Cloudy,Dry,Unknown,,9123018.0,,32,One parked--one moving,0,0,N,49.404380871255164,1027
144763,-122.29528810490278,47.54264886095396,142764,162296,162316,3672756,Matched,Block,,S HOLLY ST BETWEEN 29TH AVE S AND SHAFFER AVE S, ,,1,Property Damage Only Collision,Parked Car,2,0,0,2,0,0,0,2014-02-09T00:00:00.000Z,2/9/2014 11:28:00 AM,Mid-Block (not related to intersection),13.0,"MOTOR VEHICLE STRUCK MOTOR VEHICLE, LEFT SIDE AT ANGLE",,N,Snowing,Snow/Slush,Unknown,,,,32,One parked--one moving,0,0,N,320.4843280300478,14
110360,-122.32531782106895,47.62428940924614,112361,128560,128560,2897807,Matched,Intersection,29113.0,SUMMIT AVE E AND E MERCER ST,,,1,Property Damage Only Collision,Angles,3,0,0,2,0,0,0,2011-11-27T00:00:00.000Z,11/27/2011 7:10:00 PM,At Intersection (intersection related),11.0,"MOTOR VEHICLE STRUCK MOTOR VEHICLE, FRONT END AT ANGLE",,N,Raining,Wet,Dark - Street Lights On,,11331006.0,,10,Entering at angle,0,0,N,160.163665944448,256
184708,-122.34204813200388,47.60820951766497,184709,240583,241023,E652856,Matched,Block,,ALASKAN WY VI NB BETWEEN SENECA ST OFF RP AND WESTERN AV OFF RP, ,,1,Property Damage Only Collision,Other,0,0,0,2,0,0,0,2017-02-23T00:00:00.000Z,2/23/2017 6:19:00 AM,Mid-Block (not related to intersection),26.0,MOTOR VEHICLE STRUCK OBJECT IN ROAD,,N,Clear or Partly Cloudy,Dry,Daylight,,,,50,Fixed object,0,0,N,1256.449307986338,185
11649,-122.34521327139605,47.61260645701254,11650,25741,25741,1777522,Matched,Intersection,29703.0,1ST AVE AND BLANCHARD ST,,,1,Property Damage Only Collision,Right Turn,2,0,0,2,0,0,0,2004-06-12T00:00:00.000Z,6/12/2004 9:18:00 PM,At Intersection (intersection related),11.0,"MOTOR VEHICLE STRUCK MOTOR VEHICLE, FRONT END AT ANGLE",,0,Raining,Wet,Dark - Street Lights On,,4164022.0,,16,From same direction - one right turn - one straight,0,0,N,1378.5620989950419,185
129723,-122.316780466471,47.606203045254205,129724,143191,143191,3476609,Matched,Intersection,29809.0,12TH AVE AND E JEFFERSON ST, ,,2,Injury Collision,Angles,3,0,0,2,3,0,0,2013-01-05T00:00:00.000Z,1/5/2013 7:00:00 PM,At Intersection (intersection related),11.0,"MOTOR VEHICLE STRUCK MOTOR VEHICLE, FRONT END AT ANGLE",Y,N,Clear or Partly Cloudy,Dry,Dark - Street Lights On,,13005001.0,,10,Entering at angle,0,0,N,359.6678788698631,855
171875,-122.35696262862436,47.63534797769118,171876,219585,219865,E538008,Unmatched,Block,,QUEEN ANNE AVE N BETWEEN BLAINE ST AND HOWE ST, ,,0,Unknown,,0,0,0,0,0,0,0,2016-04-22T00:00:00.000Z,4/22/2016,,0.0,NOT ENOUGH INFORMATION / NOT APPLICABLE,,,,,,,,, ,,0,0,Y,226.5894821186089,364
166040,-122.33349737180176,47.603374920133255,166041,207306,207506,E481168,Matched,Block,,2ND AVE BETWEEN CHERRY ST AND COLUMBIA ST, ,,1,Property Damage Only Collision,Parked Car,2,0,0,2,0,0,0,2015-11-11T00:00:00.000Z,11/11/2015 10:34:00 AM,Mid-Block (not related to intersection),11.0,"MOTOR VEHICLE STRUCK MOTOR VEHICLE, FRONT END AT ANGLE",,N,Clear or Partly Cloudy,Dry,Daylight,,,,20,One car leaving parked position,0,0,N,1034.3149649942943,762
186969,-122.29168646899036,47.626528045372716,185970,241430,241870,E672418,Unmatched,Block,,E MADISON ST BETWEEN LAKE WASHINGTON BLVD E AND 32ND AVE E,NEI,"Not Enough Information, or Insufficient Location Information",0,Unknown,,2,0,0,0,0,0,0,2017-05-18T00:00:00.000Z,5/18/2017,Mid-Block (not related to intersection),14.0,"MOTOR VEHICLE STRUCK MOTOR VEHICLE, REAR END",,,,,,,,, ,,0,0,Y,355.5679444555251,781
136275,-122.30630850751629,47.60956418904549,135276,152119,152139,3476313,Matched,Block,,20TH AVE BETWEEN E COLUMBIA ST AND E MARION S ST, ,,1,Property Damage Only Collision,Parked Car,2,0,0,2,0,0,0,2013-08-10T00:00:00.000Z,8/10/2013 10:17:00 PM,Mid-Block (not related to intersection),14.0,"MOTOR VEHICLE STRUCK MOTOR VEHICLE, REAR END",Y,Y,Overcast,Dry,Dark - Street Lights On,,,,32,One parked--one moving,0,0,N,87.5436861609835,496
92503,-122.29815071351207,47.5783500437791,92504,106931,106931,3207467,Matched,Intersection,31482.0,RAINIER AVE S AND S MCCLELLAN ST,,,1,Property Damage Only Collision,Rear Ended,2,0,0,2,0,0,0,2010-09-07T00:00:00.000Z,9/7/2010 7:20:00 PM,At Intersection (intersection related),14.0,"MOTOR VEHICLE STRUCK MOTOR VEHICLE, REAR END",,N,Overcast,Wet,Dark - Street Lights On,,10250028.0,Y,14,From same direction - both going straight - one stopped - rear-end,0,0,N,418.3605884759167,888
147898,-122.37644504226195,47.544682573617074,146899,170597,170617,3644888,Matched,Intersection,34008.0,35TH AVE SW AND SW MORGAN ST, ,,1,Property Damage Only Collision,Right Turn,3,0,0,2,0,0,0,2014-06-19T00:00:00.000Z,6/19/2014 11:24:00 PM,At Intersection (intersection related),11.0,"MOTOR VEHICLE STRUCK MOTOR VEHICLE, FRONT END AT ANGLE",Y,N,Raining,Wet,Dark - Street Lights On,,,,16,From same direction - one right turn - one straight,0,0,N,225.6971187564784,505
103133,-122.37626831242838,47.55469249501092,103134,117039,117039,3342878,Matched,Block,,35TH AVE SW BETWEEN SW DAWSON ST AND SW BRANDON ST,,,1,Property Damage Only Collision,Other,4,0,0,1,0,0,0,2010-09-15T00:00:00.000Z,9/15/2010 4:53:00 PM,Mid-Block (not related to intersection),28.0,MOTOR VEHICLE RAN OFF ROAD - HIT FIXED OBJECT,,N,Raining,Wet,Daylight,,10258026.0,,50,Fixed object,0,0,N,508.37347016087256,173
194046,-122.30252358189578,47.61968766837948,194047,272358,273198,E771940,Matched,Block,,23RD AVE E BETWEEN E MADISON ST AND E JOHN ST, ,,2,Injury Collision,Rear Ended,4,0,0,2,1,0,0,2018-02-09T00:00:00.000Z,2/9/2018 9:21:00 AM,Mid-Block (but intersection related),14.0,"MOTOR VEHICLE STRUCK MOTOR VEHICLE, REAR END",,N,Clear or Partly Cloudy,Dry,Daylight,,,,14,From same direction - both going straight - one stopped - rear-end,0,0,N,204.94986023848665,580
17952,-122.38325544115497,47.57882372595874,17953,32008,32008,1775405,Matched,Block,,WALNUT AVE SW BETWEEN SW LANDER ST AND SW FOREST ST,,,1,Property Damage Only Collision,Other,1,0,0,1,0,0,0,2004-01-09T00:00:00.000Z,1/9/2004,Mid-Block (but intersection related),28.0,MOTOR VEHICLE RAN OFF ROAD - HIT FIXED OBJECT,,0,Overcast,Wet,Daylight,,4009021.0,Y,50,Fixed object,0,0,N,87.44829378914821,708
144161,-122.37676967674518,47.679528668312436,142162,165068,165088,3582572,Matched,Intersection,23926.0,15TH AVE NW AND NW 70TH ST, ,,2,Injury Collision,Pedestrian,2,1,0,1,1,0,0,2014-03-24T00:00:00.000Z,3/24/2014 11:58:00 AM,At Intersection (intersection related),24.0,MOTOR VEHCILE STRUCK PEDESTRIAN,,N,Clear or Partly Cloudy,Dry,Daylight,,,,0,Vehicle going straight hits pedestrian,0,521275,N,80.6631613447104,181
182041,-122.35670368134664,47.6257143529288,182042,234538,234938,3746517,Matched,Intersection,28619.0,QUEEN ANNE AVE N AND W ROY ST, ,,1,Property Damage Only Collision,Angles,3,0,0,2,0,0,0,2016-11-26T00:00:00.000Z,11/26/2016 12:18:00 AM,At Intersection (intersection related),0.0,NOT ENOUGH INFORMATION / NOT APPLICABLE,,N,Raining,Wet,Dark - Street Lights On,,,,10,Entering at angle,0,0,Y,398.39862234783845,663
44557,-122.32402867708586,47.60980237021236,44558,58818,58818,2064141,Matched,Intersection,29921.0,MADISON ST AND MINOR AVE,,,1,Property Damage Only Collision,Angles,2,0,0,2,0,0,0,2006-01-03T00:00:00.000Z,1/3/2006,At Intersection (intersection related),11.0,"MOTOR VEHICLE STRUCK MOTOR VEHICLE, FRONT END AT ANGLE",,0,Raining,Wet,Dark - Street Lights On,,6003015.0,,10,Entering at angle,0,0,N,93.30831426215501,762
189252,-122.34975206855756,47.6470883454034,189253,249581,250181,E718733,Unmatched,Block,,FREMONT BR BETWEEN 4TH AVE N AND POINT A, ,,0,Unknown,,0,0,0,0,0,0,0,2017-10-03T00:00:00.000Z,10/3/2017,Mid-Block (not related to intersection),14.0,"MOTOR VEHICLE STRUCK MOTOR VEHICLE, REAR END",,,,,,,,, ,,0,0,N,306.43294855326275,962
123834,-122.36612480921758,47.67344125450983,122835,136973,136973,3504795,Matched,Block,,8TH AVE NW BETWEEN NW 61ST ST AND NW 62ND S ST,,,2,Injury Collision,Cycles,2,0,1,1,1,0,0,2012-04-20T00:00:00.000Z,4/20/2012 11:01:00 PM,Mid-Block (not related to intersection),55.0,PEDALCYCLIST STRUCK MOTOR VEHICLE RIGHT SIDE SIDESWIPE,,N,Clear or Partly Cloudy,Dry,Dark - Street Lights On,,12111015.0,,45,Vehicle - Pedalcyclist,2449,0,N,200.14827613790354,563
86230,-122.37618665804298,47.566486974918526,87231,101198,101198,09069032,Unmatched,Intersection,31886.0,35TH AVE SW AND SW DAKOTA ST,,,0,Unknown,,0,0,0,0,0,0,0,2009-03-10T00:00:00.000Z,3/10/2009,At Intersection (intersection related),11.0,"MOTOR VEHICLE STRUCK MOTOR VEHICLE, FRONT END AT ANGLE",,,,,,,9069032.0,,,,0,0,N,94.80721648087552,405
70957,-122.38327336411719,47.690834458488226,71958,87148,87148,2894742,Matched,Block,,21ST AVE NW BETWEEN NW 85TH ST AND NW 86TH ST,,,1,Property Damage Only Collision,Other,1,0,0,1,0,0,0,2008-02-20T00:00:00.000Z,2/20/2008 11:20:00 PM,Mid-Block (not related to intersection),28.0,MOTOR VEHICLE RAN OFF ROAD - HIT FIXED OBJECT,,0,Clear or Partly Cloudy,Dry,Dark - Street Lights On,,8051004.0,,50,Fixed object,0,0,N,236.1713841876563,806
60045,-122.29917291670357,47.72835362854284,60046,74422,74422,2795255,Matched,Intersection,36021.0,27TH AVE NE AND NE 137TH ST,,,2,Injury Collision,Angles,2,0,0,2,2,0,0,2007-03-23T00:00:00.000Z,3/23/2007 3:58:00 PM,At Intersection (intersection related),11.0,"MOTOR VEHICLE STRUCK MOTOR VEHICLE, FRONT END AT ANGLE",,0,Overcast,Wet,Daylight,,7082009.0,,10,Entering at angle,0,0,N,196.26431168688956,425
136003,-122.32904689956757,47.59538834052639,135004,154571,154591,3506096,Unmatched,Block,,4TH AVE S BETWEEN SEATTLE BLVD S AND I90 WB 4TH AV OFF RP, ,,1,Property Damage Only Collision,,2,0,0,0,0,0,0,2013-08-19T00:00:00.000Z,8/19/2013,Mid-Block (not related to intersection),11.0,"MOTOR VEHICLE STRUCK MOTOR VEHICLE, FRONT END AT ANGLE",,,,,,,,, ,,0,0,N,1323.3422607707141,900
5309,-122.34696046216636,47.61973701099146,5310,19141,19141,1472948,Matched,Block,,JOHN ST BETWEEN 5TH AVE N AND TAYLOR AVE N,,,1,Property Damage Only Collision,Parked Car,2,0,0,2,0,0,0,2004-07-14T00:00:00.000Z,7/14/2004 1:50:00 PM,Mid-Block (not related to intersection),16.0,"MOTOR VEHICLE STRUCK MOTOR VEHICLE, LEFT SIDE SIDESWIPE",,0,Unknown,Dry,Unknown,,4196043.0,,32,One parked--one moving,0,0,N,767.5283717543408,422
165211,-122.37651816727761,47.63350099170946,165212,209575,209795,3563617,Matched,Block,,MAGNOLIA BR BETWEEN 15TH AVE W AND MAGNOLIA BR OFF RP, ,,1,Property Damage Only Collision,Rear Ended,3,0,0,2,0,0,0,2015-12-17T00:00:00.000Z,12/17/2015 7:28:00 AM,Mid-Block (not related to intersection),14.0,"MOTOR VEHICLE STRUCK MOTOR VEHICLE, REAR END",Y,N,Raining,Wet,Dusk,,,,14,From same direction - both going straight - one stopped - rear-end,0,0,N,360.7629716418224,247
15159,-122.30238184524136,47.62675925838626,16160,30466,30466,1220241,Matched,Intersection,29328.0,23RD AVE E AND E ALOHA ST,,,1,Property Damage Only Collision,Angles,3,0,0,2,0,0,0,2004-10-07T00:00:00.000Z,10/7/2004,At Intersection (intersection related),11.0,"MOTOR VEHICLE STRUCK MOTOR VEHICLE, FRONT END AT ANGLE",Y,0,Clear or Partly Cloudy,Dry,Daylight,,4281029.0,,10,Entering at angle,0,0,N,194.1764281171656,826
126646,-122.32588269581478,47.644493218271954,127647,145497,145497,3552150,Unmatched,Intersection,28294.0,EASTLAKE AVE E AND E EDGAR ST, ,,2,Injury Collision,,2,0,0,0,1,0,0,2013-05-04T00:00:00.000Z,5/4/2013,At Intersection (intersection related),51.0,PEDALCYCLIST STRUCK MOTOR VEHICLE FRONT END AT ANGLE,,,,,,,,, ,,24709,0,N,94.5369832568186,149
192455,-122.34456925948327,47.694546596036815,192456,254345,254985,E736022,Matched,Block,,AURORA AVE N BETWEEN N 90TH ST AND N 91ST ST, ,,1,Property Damage Only Collision,Rear Ended,3,0,0,2,0,0,0,2017-11-13T00:00:00.000Z,11/13/2017 12:30:00 PM,Mid-Block (not related to intersection),14.0,"MOTOR VEHICLE STRUCK MOTOR VEHICLE, REAR END",,N,Raining,Wet,Daylight,,,,13,From same direction - both going straight - both moving - rear-end,0,0,N,204.66560932165407,915
180056,-122.32368438408895,47.54051322015704,180057,235293,235733,3563309,Matched,Intersection,34187.0,CORSON AVE S AND EAST MARGINAL WAY S, ,,2,Injury Collision,Angles,7,0,0,2,1,0,0,2017-02-05T00:00:00.000Z,2/5/2017 2:51:00 PM,At Intersection (intersection related),11.0,"MOTOR VEHICLE STRUCK MOTOR VEHICLE, FRONT END AT ANGLE",,N,Raining,Wet,Daylight,,,,10,Entering at angle,0,0,N,142.12326011788315,789
169004,-122.34736636753736,47.70361077157626,170005,217323,217603,3695563,Matched,Intersection,37390.0,LINDEN AVE N AND N 103RD ST, ,,1,Property Damage Only Collision,Angles,3,0,0,2,0,0,0,2016-04-03T00:00:00.000Z,4/3/2016 4:44:00 PM,At Intersection (intersection related),14.0,"MOTOR VEHICLE STRUCK MOTOR VEHICLE, REAR END",Y,N,Clear or Partly Cloudy,Dry,Daylight,,,,10,Entering at angle,0,0,N,80.53452616768571,6
21728,-122.39295645466999,47.67590595226152,21729,35609,35609,2020400,Matched,Intersection,24037.0,28TH AVE NW AND NW 65TH ST,,,2,Injury Collision,Angles,2,0,0,2,1,0,0,2005-11-29T00:00:00.000Z,11/29/2005 6:20:00 AM,At Intersection (intersection related),11.0,"MOTOR VEHICLE STRUCK MOTOR VEHICLE, FRONT END AT ANGLE",,0,Raining,Wet,Dark - Street Lights On,,5333037.0,,10,Entering at angle,0,0,N,161.14541679921703,840
112308,-122.3165789341517,47.661291960354745,110309,127045,127045,3564613,Matched,Intersection,27065.0,11TH AVE NE AND NE 45TH ST,,,2,Injury Collision,Angles,2,0,0,2,1,0,0,2011-08-30T00:00:00.000Z,8/30/2011 12:21:00 AM,At Intersection (intersection related),11.0,"MOTOR VEHICLE STRUCK MOTOR VEHICLE, FRONT END AT ANGLE",Y,N,Clear or Partly Cloudy,Dry,Dark - Street Lights On,,11242001.0,,10,Entering at angle,0,0,N,245.31187465860324,785
86854,-122.33036292569818,47.606658369684155,87855,101387,101387,2612758,Matched,Block,,6TH AVE BETWEEN MARION ST AND MADISON ST,,,1,Property Damage Only Collision,Parked Car,2,0,0,2,0,0,0,2009-04-12T00:00:00.000Z,4/12/2009 6:27:00 AM,Mid-Block (not related to intersection),14.0,"MOTOR VEHICLE STRUCK MOTOR VEHICLE, REAR END",,0,Overcast,Wet,Unknown,,9102016.0,,32,One parked--one moving,0,0,N,605.3544060356918,762
87949,-122.33865118258694,47.71636608761773,86950,102807,102807,3332769,Matched,Block,,N 121ST ST BETWEEN ASHWORTH AVE N AND DEAD END,,,1,Property Damage Only Collision,Other,1,0,0,1,0,0,0,2009-11-29T00:00:00.000Z,11/29/2009 1:28:00 PM,Mid-Block (not related to intersection),28.0,MOTOR VEHICLE RAN OFF ROAD - HIT FIXED OBJECT,,0,Clear or Partly Cloudy,Dry,Daylight,,9333006.0,,50,Fixed object,0,0,N,598.4686960349516,601
138854,-122.31736335212265,47.67374443640511,138855,158471,158491,3585277,Matched,Block,,ROOSEVELT WAY NE BETWEEN NE 62ND ST AND NE 63RD ST, ,,1,Property Damage Only Collision,Sideswipe,3,0,0,2,0,0,0,2013-12-13T00:00:00.000Z,12/13/2013 10:52:00 AM,Mid-Block (not related to intersection),11.0,"MOTOR VEHICLE STRUCK MOTOR VEHICLE, FRONT END AT ANGLE",Y,N,Overcast,Wet,Daylight,,,,11,From same direction - both going straight - both moving - sideswipe,0,0,N,110.98546044990178,790
75351,-122.3473443053124,47.70143785929966,74352,88470,88470,2899128,Matched,Intersection,37406.0,LINDEN AVE N AND N 100TH ST,,,1,Property Damage Only Collision,Other,1,0,0,1,0,0,0,2008-12-22T00:00:00.000Z,12/22/2008 11:34:00 PM,At Intersection (intersection related),26.0,MOTOR VEHICLE STRUCK OBJECT IN ROAD,,0,Overcast,Ice,Dark - Street Lights On,,8357002.0,,50,Fixed object,0,0,N,0.0,914
111756,-122.30459125885454,47.64899740410285,111757,126440,126440,C757179,Unmatched,Intersection,27299.0,MONTLAKE BLVD NE AND NE PACIFIC ST, ,,0,Unknown,,0,0,0,0,0,0,0,2011-10-18T00:00:00.000Z,10/18/2011,At Intersection (intersection related),0.0,NOT ENOUGH INFORMATION / NOT APPLICABLE,,,,,,,11291029.0,, ,,0,0,N,730.0633211144425,1034
122697,-122.34586655194221,47.690566701467645,123698,139421,139421,3551514,Matched,Block,,N 85TH ST BETWEEN LINDEN AVE N AND AURORA AVE N,,,1,Property Damage Only Collision,Rear Ended,2,0,0,2,0,0,0,2012-11-20T00:00:00.000Z,11/20/2012 1:38:00 PM,Mid-Block (not related to intersection),14.0,"MOTOR VEHICLE STRUCK MOTOR VEHICLE, REAR END",,N,Raining,Wet,Daylight,,12325008.0,Y,14,From same direction - both going straight - one stopped - rear-end,0,0,N,129.39308220548304,648
41382,-122.30601575313936,47.62963544046665,41383,55663,55663,2622838,Matched,Block,,20TH AVE E BETWEEN E PROSPECT ST AND E HIGHLAND DR,,,1,Property Damage Only Collision,Other,3,0,0,3,0,0,0,2006-09-20T00:00:00.000Z,9/20/2006 1:00:00 PM,Mid-Block (not related to intersection),26.0,MOTOR VEHICLE STRUCK OBJECT IN ROAD,Y,0,Raining,Wet,Daylight,,6263006.0,,50,Fixed object,0,0,N,222.75333419270254,964
144869,-122.28905531295904,47.55346030184574,142870,165361,165381,3643197,Matched,Intersection,33598.0,M L KING JR ER WAY S AND S BRANDON ST, ,,1,Property Damage Only Collision,Other,2,0,0,2,0,0,0,2014-03-28T00:00:00.000Z,3/28/2014 2:19:00 PM,At Intersection (intersection related),11.0,"MOTOR VEHICLE STRUCK MOTOR VEHICLE, FRONT END AT ANGLE",Y,N,Raining,Wet,Daylight,,,,40,Railway Vehicle Strikes Vehicle,0,0,N,188.3613006072727,261
153025,-122.3167796621427,47.60980943523944,153026,184940,185020,3626732,Matched,Block,,12TH AVE BETWEEN E COLUMBIA ST AND E MARION ST, ,,1,Property Damage Only Collision,Rear Ended,2,0,0,2,0,0,0,2015-02-05T00:00:00.000Z,2/5/2015 12:40:00 PM,Mid-Block (but intersection related),14.0,"MOTOR VEHICLE STRUCK MOTOR VEHICLE, REAR END",,Y,Raining,Wet,Daylight,,,,14,From same direction - both going straight - one stopped - rear-end,0,0,N,119.53006677384919,582
62262,-122.31198370276657,47.62326036021024,62263,76970,76970,C684336,Matched,Block,,E REPUBLICAN ST BETWEEN 15TH N AVE E AND 16TH AVE E,,,1,Property Damage Only Collision,Other,2,0,0,2,0,0,0,2007-04-01T00:00:00.000Z,4/1/2007,Driveway Junction,11.0,"MOTOR VEHICLE STRUCK MOTOR VEHICLE, FRONT END AT ANGLE",,0,Clear or Partly Cloudy,Dry,Daylight,,7091028.0,,22,One car leaving driveway access,0,0,N,48.38104781364009,221
109898,-122.32606185900428,47.734073034109116,109899,124793,124793,E146265,Matched,Intersection,35905.0,4TH AVE NE AND NE 145TH ST,,,2,Injury Collision,Left Turn,4,0,0,2,3,0,0,2011-12-30T00:00:00.000Z,12/30/2011 8:45:00 PM,At Intersection (intersection related),11.0,"MOTOR VEHICLE STRUCK MOTOR VEHICLE, FRONT END AT ANGLE",,N,Raining,Wet,Dark - Street Lights On,,11364030.0,,28,From opposite direction - one left turn - one straight,0,0,N,574.6392891237451,825
64089,-122.30880441029863,47.57606733004357,64090,78335,78335,2610540,Matched,Block,,18TH AVE S BETWEEN S STEVENS ST AND S HANFORD ST,,,1,Property Damage Only Collision,Parked Car,2,0,0,2,0,0,0,2007-01-01T00:00:00.000Z,1/1/2007,Mid-Block (not related to intersection),12.0,"MOTOR VEHICLE STRUCK MOTOR VEHICLE, RIGHT SIDE AT ANGLE",,0,Unknown,Unknown,Dark - Street Lights On,,7001016.0,,32,One parked--one moving,0,0,N,253.81302062264578,300
154548,-122.30817327605124,47.58296394027981,154549,188921,189001,3730046,Matched,Intersection,31575.0,19TH AVE S AND S COLLEGE ST, ,,2,Injury Collision,Angles,2,0,0,2,2,0,0,2015-04-03T00:00:00.000Z,4/3/2015 2:28:00 PM,At Intersection (intersection related),11.0,"MOTOR VEHICLE STRUCK MOTOR VEHICLE, FRONT END AT ANGLE",,N,Overcast,Dry,Daylight,,,,10,Entering at angle,0,0,N,211.7257585970472,476
146647,-122.29090682978381,47.72646363931889,147648,174480,174500,3695851,Matched,Intersection,36173.0,35TH AVE NE AND ERICKSON PL NE, ,,2,Injury Collision,Angles,2,0,0,2,1,0,0,2014-08-27T00:00:00.000Z,8/27/2014 10:50:00 AM,At Intersection (intersection related),11.0,"MOTOR VEHICLE STRUCK MOTOR VEHICLE, FRONT END AT ANGLE",Y,N,Clear or Partly Cloudy,Dry,Daylight,,,,10,Entering at angle,0,0,N,202.38777720546742,757
70813,-122.39285110418395,47.660050793434,71814,86998,86998,3280496,Matched,Block,,28TH AVE W BETWEEN W JAMESON N ST AND GILMAN AVE W,,,1,Property Damage Only Collision,Parked Car,2,0,0,2,0,0,0,2008-10-17T00:00:00.000Z,10/17/2008 8:00:00 PM,Mid-Block (not related to intersection),15.0,"MOTOR VEHICLE STRUCK MOTOR VEHICLE, RIGHT SIDE SIDESWIPE",,0,Unknown,Unknown,Dark - Street Lights On,,8291035.0,,32,One parked--one moving,0,0,N,871.9322569906682,136
71510,-122.28971997532079,47.67578379276471,70511,85479,85479,2896902,Matched,Block,,NE 65TH ST BETWEEN 35TH AVE NE AND 36TH W AVE NE,,,1,Property Damage Only Collision,Parked Car,2,0,0,2,0,0,0,2008-04-04T00:00:00.000Z,4/4/2008,Mid-Block (not related to intersection),14.0,"MOTOR VEHICLE STRUCK MOTOR VEHICLE, REAR END",Y,0,Raining,Wet,Daylight,,8095010.0,,32,One parked--one moving,0,0,N,205.05111692810485,455
196087,-122.325608025346,47.664987533575975,196088,273259,274099,3762861,Matched,Intersection,25868.0,LATONA AVE NE AND NE 50TH W ST, ,,2,Injury Collision,Left Turn,4,0,0,3,1,0,0,2018-02-28T00:00:00.000Z,2/28/2018 3:19:00 PM,At Intersection (intersection related),11.0,"MOTOR VEHICLE STRUCK MOTOR VEHICLE, FRONT END AT ANGLE",,N,Raining,Wet,Daylight,,,,28,From opposite direction - one left turn - one straight,0,0,N,218.51578766973344,992
89901,-122.33983235245165,47.618540125961275,89902,103521,103521,3325979,Matched,Intersection,29512.0,BELL ST AND DENNY WAY,,,1,Property Damage Only Collision,Left Turn,2,0,0,2,0,0,0,2009-12-30T00:00:00.000Z,12/30/2009 8:05:00 AM,At Intersection (intersection related),11.0,"MOTOR VEHICLE STRUCK MOTOR VEHICLE, FRONT END AT ANGLE",,0,Clear or Partly Cloudy,Dry,Daylight,,9364001.0,,28,From opposite direction - one left turn - one straight,0,0,N,1101.6614244436407,55