,X,Y,OBJECTID,INCKEY,COLDETKEY,REPORTNO,STATUS,ADDRTYPE,INTKEY,LOCATION,EXCEPTRSNCODE,EXCEPTRSNDESC,SEVERITYCODE,SEVERITYDESC,COLLISIONTYPE,PERSONCOUNT,PEDCOUNT,PEDCYLCOUNT,VEHCOUNT,INJURIES,SERIOUSINJURIES,FATALITIES,INCDATE,INCDTTM,JUNCTIONTYPE,SDOT_COLCODE,SDOT_COLDESC,INATTENTIONIND,UNDERINFL,WEATHER,ROADCOND,LIGHTCOND,PEDROWNOTGRNT,SDOTCOLNUM,SPEEDING,ST_COLCODE,ST_COLDESC,SEGLANEKEY,CROSSWALKKEY,HITPARKEDCAR,CLOSEST_CIRCLE_DIST,CLOSEST_CIRCLE_INDEX
40629,-122.38553591123964,47.558400335018966,39630,54027,54027,2619926,Matched,Block,,42ND AVE SW BETWEEN SW EDMUNDS ST AND SW HUDSON ST,,,1,Property Damage Only Collision,Parked Car,2,0,0,2,0,0,0,2006-08-10T00:00:00.000Z,8/10/2006 1:00:00 PM,Mid-Block (not related to intersection),16.0,"MOTOR VEHICLE STRUCK MOTOR VEHICLE, LEFT SIDE SIDESWIPE",,0,Unknown,Unknown,Unknown,,6222044.0,,32,One parked--one moving,0,0,N,302.2439437098409,833
77169,-122.4126211271104,47.57854873463146,77170,91957,91957,2895862,Matched,Block,,ALKI AVE SW BETWEEN 62ND AVE SW AND 63RD AVE SW,,,1,Property Damage Only Collision,Parked Car,2,0,0,2,0,0,0,2008-05-25T00:00:00.000Z,5/25/2008 12:10:00 PM,Mid-Block (not related to intersection),14.0,"MOTOR VEHICLE STRUCK MOTOR VEHICLE, REAR END",,0,Clear or Partly Cloudy,Dry,Daylight,,8146014.0,,32,One parked--one moving,0,0,N,513.2741670485312,709
182098,-122.30832987284671,47.683046656038634,182099,237018,237458,2829836,Matched,Block,,NE 75TH ST BETWEEN 18TH AVE NE AND 19TH AVE NE, ,,1,Property Damage Only Collision,Rear Ended,2,0,0,2,0,0,0,2017-03-17T00:00:00.000Z,3/17/2017 5:30:00 PM,Mid-Block (but intersection related),14.0,"MOTOR VEHICLE STRUCK MOTOR VEHICLE, REAR END",Y,N,Raining,Wet,Daylight,,,,14,From same direction - both going straight - one stopped - rear-end,0,0,N,205.35993295949692,315
29571,-122.27000207507305,47.52075753147326,29572,43482,43482,1478898,Matched,Block,,RAINIER AVE S BETWEEN S FISHER PL AND 51ST AVE S,,,1,Property Damage Only Collision,Other,1,0,0,1,0,0,0,2005-05-17T00:00:00.000Z,5/17/2005 3:20:00 AM,Mid-Block (not related to intersection),26.0,MOTOR VEHICLE STRUCK OBJECT IN ROAD,,1,Clear or Partly Cloudy,Dry,Dark - Street Lights On,,5137034.0,,50,Fixed object,0,0,N,576.9206682080722,60
182763,-122.3762225615747,47.656987822174656,182764,240007,240447,3501793,Matched,Block,,BALLARD BR BETWEEN 15TH AVE W AND POINT A, ,,2,Injury Collision,Other,2,0,0,1,2,0,0,2017-04-27T00:00:00.000Z,4/27/2017 12:06:00 AM,Mid-Block (not related to intersection),26.0,MOTOR VEHICLE STRUCK OBJECT IN ROAD,,N,Raining,Wet,Dark - Street Lights On,,,,50,Fixed object,0,0,N,1043.84291755817,682
173325,-122.33026479318455,47.60171615634633,173326,218940,219240,3740184,Matched,Intersection,30487.0,3RD AVE AND YESLER WAY, ,,1,Property Damage Only Collision,Sideswipe,2,0,0,2,0,0,0,2016-04-29T00:00:00.000Z,4/29/2016 4:40:00 PM,At Intersection (intersection related),11.0,"MOTOR VEHICLE STRUCK MOTOR VEHICLE, FRONT END AT ANGLE",Y,Y,Clear or Partly Cloudy,Dry,Daylight,,,,11,From same direction - both going straight - both moving - sideswipe,0,0,N,1064.6730428081864,762
7359,-122.30766954545501,47.59748218660511,7360,21460,21460,1789993,Matched,Block,,S WELLER ST BETWEEN 18TH AVE S AND 20TH AVE S,,,1,Property Damage Only Collision,Parked Car,2,0,0,2,0,0,0,2004-04-12T00:00:00.000Z,4/12/2004 4:25:00 PM,Mid-Block (not related to intersection),11.0,"MOTOR VEHICLE STRUCK MOTOR VEHICLE, FRONT END AT ANGLE",,0,Clear or Partly Cloudy,Dry,Daylight,,4103021.0,,32,One parked--one moving,0,0,N,98.01851983185078,464
110483,-122.34465536396776,47.7017907382411,112484,128846,128846,3564792,Matched,Block,,AURORA AVE N BETWEEN N 100TH ST AND N 101ST ST,,,2,Injury Collision,Right Turn,2,0,0,2,2,0,0,2011-10-17T00:00:00.000Z,10/17/2011 5:05:00 PM,Mid-Block (not related to intersection),14.0,"MOTOR VEHICLE STRUCK MOTOR VEHICLE, REAR END",Y,N,Clear or Partly Cloudy,Dry,Daylight,,11290025.0,,16,From same direction - one right turn - one straight,0,0,N,205.5959386258071,914
143625,-122.30515359470064,47.58840682494986,144626,167671,167691,3641841,Matched,Intersection,31516.0,21ST AVE S AND S MASSACHUSETTS ST, ,,1,Property Damage Only Collision,Left Turn,2,0,0,2,0,0,0,2014-05-11T00:00:00.000Z,5/11/2014 10:59:00 AM,At Intersection (intersection related),11.0,"MOTOR VEHICLE STRUCK MOTOR VEHICLE, FRONT END AT ANGLE",,N,Clear or Partly Cloudy,Dry,Daylight,,,,15,From same direction - one left turn - one straight,0,0,N,321.29600272455656,142
141357,-122.31389078078764,47.65355966088568,141358,162929,162949,3062286,Matched,Block,,NE PACIFIC ST BETWEEN BROOKLYN AVE NE AND UNIVERSITY WAY NE, ,,1,Property Damage Only Collision,Rear Ended,2,0,0,2,0,0,0,2011-01-06T00:00:00.000Z,1/6/2011 8:30:00 AM,Mid-Block (not related to intersection),14.0,"MOTOR VEHICLE STRUCK MOTOR VEHICLE, REAR END",Y,N,Raining,Wet,Daylight,,,,14,From same direction - both going straight - one stopped - rear-end,0,0,N,545.6678409733773,899
111256,-122.316879238596,47.70855483566597,111257,127244,127244,3564652,Matched,Block,,NE NORTHGATE WAY BETWEEN ROOSEVELT WAY NE AND 11TH AVE NE,,,1,Property Damage Only Collision,Angles,2,0,0,2,0,0,0,2011-04-14T00:00:00.000Z,4/14/2011 3:22:00 PM,Driveway Junction,11.0,"MOTOR VEHICLE STRUCK MOTOR VEHICLE, FRONT END AT ANGLE",,N,Raining,Wet,Daylight,,11104014.0,,10,Entering at angle,0,0,N,306.047409689106,287
114804,-122.34376188298555,47.61855574942124,114805,130380,130380,3560748,Matched,Intersection,29570.0,AURORA SB AVE N AND DENNY WAY,,,1,Property Damage Only Collision,Rear Ended,2,0,0,2,0,0,0,2011-01-29T00:00:00.000Z,1/29/2011 6:21:00 PM,At Intersection (but not related to intersection),14.0,"MOTOR VEHICLE STRUCK MOTOR VEHICLE, REAR END",,N,Raining,Wet,Dark - Street Lights On,,11029020.0,,14,From same direction - both going straight - one stopped - rear-end,0,0,N,985.6431119040994,422
42667,-122.2963179445138,47.62306521387242,42668,56890,56890,1071440,Matched,Block,,M L KING JR WAY E BETWEEN E ARTHUR PL AND E MADISON ST,,,1,Property Damage Only Collision,Rear Ended,37,0,0,2,0,0,0,2006-03-27T00:00:00.000Z,3/27/2006 8:23:00 AM,Mid-Block (but intersection related),14.0,"MOTOR VEHICLE STRUCK MOTOR VEHICLE, REAR END",Y,0,Clear or Partly Cloudy,Dry,Daylight,,6086042.0,,14,From same direction - both going straight - one stopped - rear-end,0,0,N,314.64836499098067,231
14863,-122.4046683248878,47.65279698959569,14864,28347,28347,1069527,Matched,Block,,37TH AVE W BETWEEN W RUFFNER ST AND W TILDEN ST,,,1,Property Damage Only Collision,Other,2,0,0,2,0,0,0,2004-11-04T00:00:00.000Z,11/4/2004,Driveway Junction,11.0,"MOTOR VEHICLE STRUCK MOTOR VEHICLE, FRONT END AT ANGLE",Y,0,Clear or Partly Cloudy,Dry,Dark - Street Lights On,,4309010.0,,22,One car leaving driveway access,0,0,N,390.7790036407132,982
171139,-122.36127908589172,47.62460077697477,171140,215062,215322,3734159,Matched,Block,,W MERCER ST BETWEEN 3RD AVE W AND 4TH AVE W, ,,2,Injury Collision,Rear Ended,3,0,0,2,1,0,0,2016-01-24T00:00:00.000Z,1/24/2016 11:30:00 AM,Mid-Block (not related to intersection),14.0,"MOTOR VEHICLE STRUCK MOTOR VEHICLE, REAR END",Y,N,Clear or Partly Cloudy,Dry,Daylight,,,,14,From same direction - both going straight - one stopped - rear-end,0,0,N,760.7413298052459,663
171597,-122.31748476936609,47.682901681222745,171598,221199,221479,3787215,Matched,Block,,ROOSEVELT WAY NE BETWEEN ROOSEVELT TURN RD NE AND NE 75TH ST, ,,2,Injury Collision,Sideswipe,3,0,0,3,2,0,0,2016-06-02T00:00:00.000Z,6/2/2016 5:00:00 PM,Mid-Block (not related to intersection),11.0,"MOTOR VEHICLE STRUCK MOTOR VEHICLE, FRONT END AT ANGLE",Y,N,Clear or Partly Cloudy,Dry,Daylight,,,,11,From same direction - both going straight - both moving - sideswipe,0,0,N,384.36262734012075,940
45019,-122.33750849447145,47.589699164715796,45020,59035,59035,2607354,Matched,Block,,ALASKAN WY VI SB BETWEEN ALASKAN WY VI SB EFR OFF RP AND S HOLGATE ST,,,2,Injury Collision,Other,1,0,0,1,1,0,0,2006-07-23T00:00:00.000Z,7/23/2006 6:28:00 PM,Mid-Block (not related to intersection),28.0,MOTOR VEHICLE RAN OFF ROAD - HIT FIXED OBJECT,,0,Clear or Partly Cloudy,Dry,Daylight,,6204003.0,Y,52,Vehicle overturned,0,0,N,1716.8248304281665,875
168603,-122.30993511609115,47.593790074880026,168604,211454,211694,C808805,Unmatched,Block,,RAINIER AVE S BETWEEN S CHARLES S ST AND S NORMAN ST, ,,0,Unknown,,0,0,0,0,0,0,0,2015-11-25T00:00:00.000Z,11/25/2015,Mid-Block (not related to intersection),11.0,"MOTOR VEHICLE STRUCK MOTOR VEHICLE, FRONT END AT ANGLE",,,,,,,,, ,,0,0,N,94.06207632866791,13
9296,-122.34468980524905,47.70468772397645,9297,22910,22910,04290057,Unmatched,Block,,AURORA AVE N BETWEEN N 104TH ST AND N NORTHGATE WAY,,,0,Unknown,,0,0,0,0,0,0,0,2004-10-16T00:00:00.000Z,10/16/2004,Mid-Block (not related to intersection),14.0,"MOTOR VEHICLE STRUCK MOTOR VEHICLE, REAR END",,,,,,,4290057.0,,,,0,0,N,205.30947939669355,6
119034,-122.36780128813037,47.681442747455044,120035,135933,135933,3609262,Matched,Block,,NW 73RD ST BETWEEN DIBBLE AVE NW AND 9TH AVE NW,,,1,Property Damage Only Collision,Parked Car,2,0,0,2,0,0,0,2012-11-29T00:00:00.000Z,11/29/2012 12:40:00 PM,Mid-Block (not related to intersection),11.0,"MOTOR VEHICLE STRUCK MOTOR VEHICLE, FRONT END AT ANGLE",,N,Overcast,Wet,Daylight,,12334024.0,,32,One parked--one moving,0,0,N,39.47897436673291,894
139371,-122.33400021024799,47.54768957328204,140372,158025,158045,E279248,Matched,Block,,EAST MARGINAL WAY S BETWEEN 1ST AV S BR SB AND 1ST AV S BR NB, ,,2,Injury Collision,Rear Ended,4,0,0,2,3,0,0,2013-10-17T00:00:00.000Z,10/17/2013 2:49:00 PM,Mid-Block (not related to intersection),14.0,"MOTOR VEHICLE STRUCK MOTOR VEHICLE, REAR END",,N,Clear or Partly Cloudy,Dry,Daylight,,,Y,13,From same direction - both going straight - both moving - rear-end,0,0,N,885.3574380400844,202
186854,-122.2932215248577,47.57384181157318,185855,242650,243130,3735410,Matched,Block,,WETMORE AVE S BETWEEN S BYRON ST AND S WALDEN ST, ,,1,Property Damage Only Collision,Parked Car,2,0,0,2,0,0,0,2017-06-02T00:00:00.000Z,6/2/2017 10:25:00 AM,Mid-Block (not related to intersection),0.0,NOT ENOUGH INFORMATION / NOT APPLICABLE,Y,N,Clear or Partly Cloudy,Dry,Daylight,,,,32,One parked--one moving,0,0,Y,63.918720605371085,977
16491,-122.31692013212385,47.686725633040545,15492,29342,29342,1793778,Matched,Block,,NE 80TH ST BETWEEN ROOSEVELT WAY NE AND 11TH AVE NE,,,1,Property Damage Only Collision,Parked Car,2,0,0,2,0,0,0,2004-05-19T00:00:00.000Z,5/19/2004 4:00:00 PM,Mid-Block (not related to intersection),14.0,"MOTOR VEHICLE STRUCK MOTOR VEHICLE, REAR END",,0,Clear or Partly Cloudy,Dry,Daylight,,4140029.0,,32,One parked--one moving,0,0,N,250.03477869596153,383
56559,-122.3290596721254,47.57404264952782,56560,70952,70952,2616286,Matched,Block,,4TH AVE S BETWEEN S HORTON ST AND S HINDS ST,,,2,Injury Collision,Other,3,0,0,2,1,0,0,2007-06-06T00:00:00.000Z,6/6/2007,Driveway Junction,11.0,"MOTOR VEHICLE STRUCK MOTOR VEHICLE, FRONT END AT ANGLE",,0,Overcast,Dry,Daylight,,7157008.0,,21,One car entering driveway access,0,0,N,1081.196613960292,178
9364,-122.33421214998212,47.54937951385586,9365,23060,23060,1198077,Unmatched,Block,,1ST AVE S BETWEEN S FIDALGO ST AND EAST MARGINAL WAY S,,,0,Unknown,,0,0,0,0,0,0,0,2004-11-05T00:00:00.000Z,11/5/2004,Mid-Block (but intersection related),14.0,"MOTOR VEHICLE STRUCK MOTOR VEHICLE, REAR END",,,,,,,4310013.0,,,,0,0,N,853.7535544969843,202
46936,-122.33106068748187,47.61850522786926,46937,61221,61221,2071781,Matched,Block,,DENNY WAY BETWEEN YALE AVE AND STEWART ST,,,1,Property Damage Only Collision,Sideswipe,3,0,0,2,0,0,0,2006-06-04T00:00:00.000Z,6/4/2006,Mid-Block (not related to intersection),11.0,"MOTOR VEHICLE STRUCK MOTOR VEHICLE, FRONT END AT ANGLE",Y,0,Overcast,Wet,Daylight,,6155019.0,,11,From same direction - both going straight - both moving - sideswipe,0,0,N,479.4924314876397,55
76728,-122.35530634648184,47.69150543506142,76729,90869,90869,2880914,Matched,Block,,GREENWOOD AVE N BETWEEN N 85TH ST AND N 87TH ST,,,1,Property Damage Only Collision,Parked Car,2,0,0,2,0,0,0,2008-02-23T00:00:00.000Z,2/23/2008 11:20:00 AM,Mid-Block (not related to intersection),11.0,"MOTOR VEHICLE STRUCK MOTOR VEHICLE, FRONT END AT ANGLE",,0,Clear or Partly Cloudy,Dry,Daylight,,8054020.0,,32,One parked--one moving,0,0,N,144.28529476061772,398
163933,-122.31169339333047,47.553435471945136,161934,201553,201693,3587959,Matched,Block,,S LUCILE ST BETWEEN 16TH AVE S AND 17TH AVE S, ,,1,Property Damage Only Collision,Parked Car,5,0,0,3,0,0,0,2015-03-30T00:00:00.000Z,3/30/2015 12:05:00 PM,Mid-Block (not related to intersection),16.0,"MOTOR VEHICLE STRUCK MOTOR VEHICLE, LEFT SIDE SIDESWIPE",,N,Clear or Partly Cloudy,Dry,Daylight,,,,32,One parked--one moving,0,0,N,257.2326805523881,327
175567,-122.31523873737572,47.66491734164597,176568,226687,227027,3613268,Matched,Intersection,25791.0,12TH AVE NE AND NE 50TH ST, ,,2,Injury Collision,Pedestrian,2,1,0,1,1,0,0,2016-09-09T00:00:00.000Z,9/9/2016 6:30:00 PM,At Intersection (intersection related),24.0,MOTOR VEHCILE STRUCK PEDESTRIAN,,N,Clear or Partly Cloudy,Dry,Daylight,,,,1,Vehicle turning right hits pedestrian,0,25791,N,169.8926910368752,268
19805,-122.35623251173875,47.6414344768797,19806,34063,34063,1783689,Matched,Block,,SMITH ST BETWEEN QUEEN ANNE AVE N AND 1ST AVE N,,,1,Property Damage Only Collision,Parked Car,3,0,0,3,0,0,0,2005-01-28T00:00:00.000Z,1/28/2005 7:10:00 PM,Mid-Block (not related to intersection),13.0,"MOTOR VEHICLE STRUCK MOTOR VEHICLE, LEFT SIDE AT ANGLE",,0,Raining,Wet,Dark - Street Lights On,,5028016.0,,32,One parked--one moving,0,0,N,206.7099046509064,921
10982,-122.34099409382908,47.6281913119473,10983,24588,24588,1783435,Matched,Block,,8TH AVE N BETWEEN ALOHA ST AND WESTLAKE S AVE N,,,1,Property Damage Only Collision,Parked Car,2,0,0,2,0,0,0,2004-09-03T00:00:00.000Z,9/3/2004,Mid-Block (not related to intersection),11.0,"MOTOR VEHICLE STRUCK MOTOR VEHICLE, FRONT END AT ANGLE",,0,Unknown,Unknown,Daylight,,4247003.0,,32,One parked--one moving,0,0,N,296.8494976238779,272
179758,-122.36095972598282,47.541220481559655,177759,231322,231722,3692729,Matched,Block,,DELRIDGE WAY SW BETWEEN SW WILLOW ST AND CROFT PL SW, ,,2,Injury Collision,Other,1,0,0,1,1,0,0,2016-11-19T00:00:00.000Z,11/19/2016 5:10:00 AM,Mid-Block (not related to intersection),28.0,MOTOR VEHICLE RAN OFF ROAD - HIT FIXED OBJECT,,Y,Raining,Wet,Dark - Street Lights On,,,,50,Fixed object,0,0,N,362.7693408295828,846
135042,-122.3276669944082,47.59919492412836,136043,153985,154005,3573102,Matched,Intersection,30510.0,5TH AVE S AND S JACKSON ST, ,,1,Property Damage Only Collision,Sideswipe,4,0,0,2,0,0,0,2013-09-15T00:00:00.000Z,9/15/2013 10:30:00 PM,At Intersection (intersection related),11.0,"MOTOR VEHICLE STRUCK MOTOR VEHICLE, FRONT END AT ANGLE",,N,Overcast,Wet,Dark - Street Lights On,,,,11,From same direction - both going straight - both moving - sideswipe,0,0,N,1177.957031626782,627
122991,-122.29562083376386,47.665010849357614,123992,139584,139584,3552354,Matched,Block,,30TH AVE NE BETWEEN NE 50TH ST AND NE BLAKELEY N ST,,,2,Injury Collision,Pedestrian,2,1,0,1,1,0,0,2012-05-25T00:00:00.000Z,5/25/2012 5:04:00 AM,Mid-Block (not related to intersection),24.0,MOTOR VEHCILE STRUCK PEDESTRIAN,,N,Clear or Partly Cloudy,Dry,Daylight,,12146027.0,,0,Vehicle going straight hits pedestrian,0,0,N,444.2457631098648,144
108621,-122.34351515133079,47.617467640256464,108622,124427,124427,3562434,Matched,Intersection,29519.0,AURORA AVE AND BATTERY ST,,,1,Property Damage Only Collision,Angles,3,0,0,2,0,0,0,2011-07-20T00:00:00.000Z,7/20/2011 10:50:00 PM,At Intersection (intersection related),14.0,"MOTOR VEHICLE STRUCK MOTOR VEHICLE, REAR END",,N,Clear or Partly Cloudy,Dry,Dark - Street Lights On,,11201013.0,,10,Entering at angle,0,0,N,1101.1025679665263,422
175415,-122.3208822586121,47.620490441063716,176416,226884,227224,3771362,Matched,Block,,BROADWAY E BETWEEN E OLIVE WAY AND E THOMAS ST, ,,1,Property Damage Only Collision,Parked Car,2,0,0,2,0,0,0,2016-08-20T00:00:00.000Z,8/20/2016 2:12:00 AM,Mid-Block (not related to intersection),13.0,"MOTOR VEHICLE STRUCK MOTOR VEHICLE, LEFT SIDE AT ANGLE",,N,Clear or Partly Cloudy,Dry,Dark - Street Lights On,,,,32,One parked--one moving,0,0,Y,119.52166239884417,957
13113,-122.33506754264307,47.62461728362733,13114,27070,27070,1059684,Unmatched,Block,,MERCER SR ST BETWEEN BOREN AVE N AND FAIRVIEW N AVE N,,,0,Unknown,,0,0,0,0,0,0,0,2004-12-23T00:00:00.000Z,12/23/2004,Mid-Block (not related to intersection),11.0,"MOTOR VEHICLE STRUCK MOTOR VEHICLE, FRONT END AT ANGLE",,,,,,,4358034.0,,,,0,0,N,789.91806562431,717
39964,-122.37783284470542,47.542884663623454,38965,52808,52808,2018635,Matched,Intersection,33765.0,36TH AVE SW AND SW HOLLY ST,,,1,Property Damage Only Collision,Angles,2,0,0,2,0,0,0,2006-05-09T00:00:00.000Z,5/9/2006,At Intersection (intersection related),11.0,"MOTOR VEHICLE STRUCK MOTOR VEHICLE, FRONT END AT ANGLE",,0,Overcast,Dry,Daylight,,6129018.0,,10,Entering at angle,0,0,N,202.73453937960426,505
81677,-122.32375005348827,47.59918859651812,81678,95170,95170,3289650,Matched,Intersection,30513.0,7TH AVE S AND S JACKSON ST,,,2,Injury Collision,Other,2,0,0,1,1,0,0,2009-07-21T00:00:00.000Z,7/21/2009 9:39:00 AM,At Intersection (intersection related),11.0,"MOTOR VEHICLE STRUCK MOTOR VEHICLE, FRONT END AT ANGLE",,0,Clear or Partly Cloudy,Dry,Daylight,,9202002.0,,50,Fixed object,0,0,N,905.2880415745967,627
107266,-122.33804772095336,47.61170567866243,107267,122266,122266,3375407,Matched,Block,,4TH AVE BETWEEN PINE ST AND OLIVE WAY,,,1,Property Damage Only Collision,Left Turn,3,0,0,2,0,0,0,2011-03-05T00:00:00.000Z,3/5/2011 3:09:00 PM,Mid-Block (not related to intersection),11.0,"MOTOR VEHICLE STRUCK MOTOR VEHICLE, FRONT END AT ANGLE",,N,Clear or Partly Cloudy,Dry,Daylight,,11064014.0,,15,From same direction - one left turn - one straight,0,0,N,850.7817626307342,185
65849,-122.33127712112213,47.604303838446725,65850,79882,79882,2804565,Unmatched,Block,,4TH AVE BETWEEN CHERRY ST AND COLUMBIA ST,,,0,Unknown,,0,0,0,0,0,0,0,2008-02-22T00:00:00.000Z,2/22/2008,Mid-Block (not related to intersection),56.0,PEDALCYCLIST STRUCK MOTOR VEHICLE LEFT SIDE SIDESWIPE,,,,,,,8053003.0,,,,12605,0,N,850.3014962717656,762
130523,-122.3280785780535,47.60416123456064,132524,149068,149088,3582072,Matched,Intersection,29973.0,6TH AVE AND JAMES ST, ,,1,Property Damage Only Collision,Left Turn,4,0,0,2,0,0,0,2013-06-28T00:00:00.000Z,6/28/2013 5:19:00 PM,At Intersection (intersection related),11.0,"MOTOR VEHICLE STRUCK MOTOR VEHICLE, FRONT END AT ANGLE",,N,Clear or Partly Cloudy,Dry,Daylight,,,,28,From opposite direction - one left turn - one straight,0,0,N,751.3095467064553,762
149250,-122.36129766795301,47.536041399173776,149251,175132,175152,3644520,Matched,Block,,DELRIDGE WAY SW BETWEEN SYLVAN WAY SW AND SW WEBSTER ST, ,,2,Injury Collision,Other,1,0,0,1,1,0,0,2014-09-07T00:00:00.000Z,9/7/2014 1:57:00 PM,Mid-Block (not related to intersection),28.0,MOTOR VEHICLE RAN OFF ROAD - HIT FIXED OBJECT,Y,N,Clear or Partly Cloudy,Dry,Daylight,,,,50,Fixed object,0,0,N,458.70799505829797,846
166797,-122.34564415195278,47.6122730038605,166798,209924,210144,3776062,Matched,Block,,BLANCHARD ST BETWEEN WESTERN AVE AND 1ST AVE,NEI,"Not Enough Information, or Insufficient Location Information",1,Property Damage Only Collision,Parked Car,2,0,0,2,0,0,0,2015-11-27T00:00:00.000Z,11/27/2015 10:00:00 PM,,11.0,"MOTOR VEHICLE STRUCK MOTOR VEHICLE, FRONT END AT ANGLE",,N,Unknown,Unknown,Unknown,,,,32,One parked--one moving,0,0,Y,1412.4647376168648,185
177294,-122.37677695909755,47.682308411960314,179295,233215,233615,E620182,Matched,Block,,15TH AVE NW BETWEEN NW 73RD ST AND NW 75TH ST, ,,2,Injury Collision,Angles,2,0,0,2,1,0,0,2016-12-12T00:00:00.000Z,12/12/2016 11:07:00 AM,Mid-Block (not related to intersection),11.0,"MOTOR VEHICLE STRUCK MOTOR VEHICLE, FRONT END AT ANGLE",Y,N,Raining,Wet,Daylight,,,,10,Entering at angle,0,0,N,130.46100538437642,141
146106,-122.33043217797828,47.685971180473565,147107,169958,169978,3703302,Matched,Block,,CORLISS AVE N BETWEEN N 77TH ST AND N 80TH E ST, ,,1,Property Damage Only Collision,Parked Car,2,0,0,2,0,0,0,2014-05-30T00:00:00.000Z,5/30/2014 8:30:00 PM,Mid-Block (not related to intersection),16.0,"MOTOR VEHICLE STRUCK MOTOR VEHICLE, LEFT SIDE SIDESWIPE",Y,N,Clear or Partly Cloudy,Dry,Dark - Street Lights On,,,,32,One parked--one moving,0,0,N,129.28539661511508,567
169326,-122.3235914915307,47.71948580504656,170327,215208,215468,3777814,Unmatched,Intersection,36435.0,5TH AVE NE AND NE 125TH ST,NEI,"Not Enough Information, or Insufficient Location Information",1,Property Damage Only Collision,,1,0,0,0,0,0,0,2016-03-05T00:00:00.000Z,3/5/2016,At Intersection (intersection related),11.0,"MOTOR VEHICLE STRUCK MOTOR VEHICLE, FRONT END AT ANGLE",,,,,,,,, ,,0,0,N,291.62367048105335,750
122973,-122.35555822604431,47.641854813688965,123974,139295,139295,3581853,Matched,Intersection,28076.0,1ST AVE N AND QUEEN ANNE DR,,,1,Property Damage Only Collision,Other,1,0,0,1,0,0,0,2012-11-30T00:00:00.000Z,11/30/2012 4:04:00 AM,At Intersection (intersection related),26.0,MOTOR VEHICLE STRUCK OBJECT IN ROAD,,N,Raining,Wet,Dark - Street Lights On,,12335027.0,,50,Fixed object,0,0,N,172.99828864221408,350
146157,-122.3228593931159,47.68016309860914,147158,171063,171083,3703356,Matched,Intersection,24457.0,5TH AVE NE AND NE 71ST ST, ,,2,Injury Collision,Cycles,2,0,1,1,1,0,0,2014-07-02T00:00:00.000Z,7/2/2014 12:48:00 PM,At Intersection (intersection related),51.0,PEDALCYCLIST STRUCK MOTOR VEHICLE FRONT END AT ANGLE,,N,Clear or Partly Cloudy,Dry,Daylight,,,,45,Vehicle - Pedalcyclist,0,521889,N,654.7817198758557,1023
60177,-122.33433916816301,47.572701817457926,60178,74852,74852,2607467,Matched,Block,,1ST WR AVE S BETWEEN S HINDS ST AND S SPOKANE NR ST,,,2,Injury Collision,Other,2,1,0,1,1,0,0,2007-05-05T00:00:00.000Z,5/5/2007,Mid-Block (but intersection related),24.0,MOTOR VEHCILE STRUCK PEDESTRIAN,,0,Clear or Partly Cloudy,Dry,Dark - Street Lights On,,7125004.0,Y,50,Fixed object,0,0,N,1495.9549941364453,178
72543,-122.36095657644226,47.5715936218157,72544,86139,86139,2827319,Matched,Block,,WEST SEATTLE BR WB BETWEEN W SEATTLE BR WB OFF RP AND HARBOR AV SW OFF RP,,,1,Property Damage Only Collision,Other,1,0,0,1,0,0,0,2008-05-05T00:00:00.000Z,5/5/2008,Mid-Block (not related to intersection),29.0,MOTOR VEHICLE OVERTURNED IN ROAD,,0,Clear or Partly Cloudy,Dry,Daylight,,8126003.0,Y,52,Vehicle overturned,0,0,N,1023.6527655350518,9
197545,-122.37618931768107,47.56407659830421,199546,300014,301214,3745971,Matched,Intersection,31899.0,35TH AVE SW AND SW AVALON WAY, ,,1,Property Damage Only Collision,Right Turn,2,0,0,2,0,0,0,2018-08-01T00:00:00.000Z,8/1/2018 9:45:00 PM,At Intersection (intersection related),11.0,"MOTOR VEHICLE STRUCK MOTOR VEHICLE, FRONT END AT ANGLE",,N,Clear or Partly Cloudy,Dry,Dark - Street Lights On,,,,16,From same direction - one right turn - one straight,0,0,N,284.2734809612337,405
178473,-122.32789196669422,47.703175374962385,178474,231982,232382,3762834,Matched,Block,,NE 103RD ST BETWEEN 1ST AVE NE AND 2ND AVE NE, ,,1,Property Damage Only Collision,Rear Ended,3,0,0,3,0,0,0,2016-11-16T00:00:00.000Z,11/16/2016 5:39:00 PM,Mid-Block (but intersection related),14.0,"MOTOR VEHICLE STRUCK MOTOR VEHICLE, REAR END",Y,N,Raining,Wet,Dark - Street Lights On,,,,13,From same direction - both going straight - both moving - rear-end,0,0,N,565.4005684419946,989
134182,-122.34009165149706,47.60554374787735,134183,151766,151786,3581948,Matched,Block,,ALASKAN WAY BETWEEN SENECA ST AND UNIVERSITY ST, ,,1,Property Damage Only Collision,Rear Ended,2,0,0,2,0,0,0,2013-08-05T00:00:00.000Z,8/5/2013 6:55:00 PM,Mid-Block (not related to intersection),14.0,"MOTOR VEHICLE STRUCK MOTOR VEHICLE, REAR END",,N,Clear or Partly Cloudy,Dry,Daylight,,,,13,From same direction - both going straight - both moving - rear-end,0,0,N,1277.0860002219947,688