,X,Y,OBJECTID,INCKEY,COLDETKEY,REPORTNO,STATUS,ADDRTYPE,INTKEY,LOCATION,EXCEPTRSNCODE,EXCEPTRSNDESC,SEVERITYCODE,SEVERITYDESC,COLLISIONTYPE,PERSONCOUNT,PEDCOUNT,PEDCYLCOUNT,VEHCOUNT,INJURIES,SERIOUSINJURIES,FATALITIES,INCDATE,INCDTTM,JUNCTIONTYPE,SDOT_COLCODE,SDOT_COLDESC,INATTENTIONIND,UNDERINFL,WEATHER,ROADCOND,LIGHTCOND,PEDROWNOTGRNT,SDOTCOLNUM,SPEEDING,ST_COLCODE,ST_COLDESC,SEGLANEKEY,CROSSWALKKEY,HITPARKEDCAR,CLOSEST_CIRCLE_DIST,CLOSEST_CIRCLE_INDEX
158811,-122.3285256849723,47.70318004419152,159812,196220,196320,3503408,Matched,Intersection,37555.0,1ST AVE NE AND NE 103RD ST, ,,1,Property Damage Only Collision,Left Turn,3,0,0,2,0,0,0,2015-06-26T00:00:00.000Z,6/26/2015 11:00:00 PM,At Intersection (intersection related),11.0,"MOTOR VEHICLE STRUCK MOTOR VEHICLE, FRONT END AT ANGLE",,N,Clear or Partly Cloudy,Dry,Dark - Street Lights On,,,,28,From opposite direction - one left turn - one straight,0,0,N,612.2574867144046,989
105481,-122.37630450683679,47.69371046840621,105482,119823,119823,3564527,Matched,Block,,HOLMAN RD NW BETWEEN 15TH AVE NW AND NW 90TH ST,,,1,Property Damage Only Collision,Rear Ended,4,0,0,2,0,0,0,2011-11-29T00:00:00.000Z,11/29/2011 7:09:00 PM,Mid-Block (not related to intersection),14.0,"MOTOR VEHICLE STRUCK MOTOR VEHICLE, REAR END",,N,Raining,Wet,Dark - Street Lights On,,11333007.0,,14,From same direction - both going straight - one stopped - rear-end,0,0,N,175.7601824315073,675
5665,-122.29231140547355,47.730113943992606,5666,19925,19925,1780508,Matched,Intersection,36007.0,LAKE CITY WAY NE AND NE 140TH ST,,,2,Injury Collision,Left Turn,3,0,0,2,1,0,0,2004-03-20T00:00:00.000Z,3/20/2004 5:07:00 PM,At Intersection (intersection related),11.0,"MOTOR VEHICLE STRUCK MOTOR VEHICLE, FRONT END AT ANGLE",,0,Clear or Partly Cloudy,Dry,Daylight,,4080030.0,,28,From opposite direction - one left turn - one straight,0,0,N,98.25018214998371,874
38106,-122.35672458716034,47.622691216304894,40107,54674,54674,2071934,Matched,Block,,QUEEN ANNE AVE N BETWEEN HARRISON ST AND REPUBLICAN ST,,,1,Property Damage Only Collision,Left Turn,3,0,0,2,0,0,0,2006-01-20T00:00:00.000Z,1/20/2006 2:54:00 PM,Mid-Block (but intersection related),11.0,"MOTOR VEHICLE STRUCK MOTOR VEHICLE, FRONT END AT ANGLE",,0,Overcast,Wet,Daylight,,6020038.0,,15,From same direction - one left turn - one straight,0,0,N,562.5014116332352,663
51420,-122.32226920831103,47.60955200106906,51421,65753,65753,2906127,Matched,Block,,MARION ST BETWEEN MINOR AVE AND BOYLSTON AVE,,,1,Property Damage Only Collision,Parked Car,2,0,0,2,0,0,0,2007-11-19T00:00:00.000Z,11/19/2007 2:30:00 PM,Mid-Block (not related to intersection),16.0,"MOTOR VEHICLE STRUCK MOTOR VEHICLE, LEFT SIDE SIDESWIPE",,0,Overcast,Dry,Daylight,,7323012.0,,32,One parked--one moving,0,0,N,210.67547295625846,762
50691,-122.29707687085444,47.57694362644242,50692,64930,64930,2797109,Matched,Block,,RAINIER AVE S BETWEEN S FOREST ST AND M L KING JR WAY S,,,2,Injury Collision,Other,4,0,0,2,1,0,0,2007-08-01T00:00:00.000Z,8/1/2007,Driveway Junction,11.0,"MOTOR VEHICLE STRUCK MOTOR VEHICLE, FRONT END AT ANGLE",Y,0,Clear or Partly Cloudy,Dry,Daylight,,7213017.0,,21,One car entering driveway access,0,0,N,388.5442172378018,977
46552,-122.33251943988401,47.602305601181115,46553,60466,60466,2608132,Matched,Intersection,30482.0,2ND AVE AND JAMES ST,,,1,Property Damage Only Collision,Angles,5,0,0,4,0,0,0,2006-10-01T00:00:00.000Z,10/1/2006,At Intersection (intersection related),14.0,"MOTOR VEHICLE STRUCK MOTOR VEHICLE, REAR END",,0,Clear or Partly Cloudy,Dry,Dark - Street Lights On,,6274007.0,,10,Entering at angle,0,0,N,1086.5837551730199,762
138019,-122.2954819792352,47.622509454697855,138020,157758,157778,3672637,Matched,Block,,E HARRISON ST BETWEEN M L KING JR WAY E AND 29TH AVE E, ,,1,Property Damage Only Collision,Parked Car,2,0,0,2,0,0,0,2013-11-26T00:00:00.000Z,11/26/2013 12:00:00 PM,Mid-Block (not related to intersection),14.0,"MOTOR VEHICLE STRUCK MOTOR VEHICLE, REAR END",,N,Clear or Partly Cloudy,Dry,Unknown,,,,32,One parked--one moving,0,0,N,265.402855636689,987
102687,-122.3197539937272,47.55208187898924,102688,116459,116459,3387906,Matched,Intersection,33108.0,AIRPORT WAY S AND CORSON AVE S, ,,2,Injury Collision,Pedestrian,2,1,0,1,1,0,0,2010-10-19T00:00:00.000Z,10/19/2010 5:43:00 PM,At Intersection (intersection related),24.0,MOTOR VEHCILE STRUCK PEDESTRIAN,,N,Clear or Partly Cloudy,Dry,Dusk,Y,10292028.0,,2,Vehicle turning left hits pedestrian,0,522738,N,301.1076283762863,202
56099,-122.33932453893549,47.582923782215595,56100,70444,70444,2804858,Matched,Block,,ALASKAN WY VI NB BETWEEN S HOLGATE ST AND S LANDER ST,,,1,Property Damage Only Collision,Sideswipe,2,0,0,2,0,0,0,2007-10-06T00:00:00.000Z,10/6/2007,Mid-Block (not related to intersection),16.0,"MOTOR VEHICLE STRUCK MOTOR VEHICLE, LEFT SIDE SIDESWIPE",,0,Clear or Partly Cloudy,Dry,Daylight,,7279010.0,,11,From same direction - both going straight - both moving - sideswipe,0,0,N,1764.70487532094,875
52874,-122.27150342227209,47.51904834716989,52875,67290,67290,2796981,Matched,Intersection,35299.0,RENTON AVE S AND S FLETCHER ST,,,1,Property Damage Only Collision,Angles,5,0,0,2,0,0,0,2007-09-13T00:00:00.000Z,9/13/2007 9:10:00 AM,At Intersection (intersection related),11.0,"MOTOR VEHICLE STRUCK MOTOR VEHICLE, FRONT END AT ANGLE",,0,Overcast,Dry,Daylight,,7256009.0,,10,Entering at angle,0,0,N,655.9043803792805,60
133932,-122.38075956197576,47.56109479221385,133933,151739,151759,3504908,Matched,Block,,SW ALASKA ST BETWEEN 38TH AVE SW AND FAUNTLEROY WAY SW, ,,1,Property Damage Only Collision,Sideswipe,2,0,0,2,0,0,0,2013-08-04T00:00:00.000Z,8/4/2013 1:19:00 PM,Mid-Block (not related to intersection),16.0,"MOTOR VEHICLE STRUCK MOTOR VEHICLE, LEFT SIDE SIDESWIPE",,N,Clear or Partly Cloudy,Dry,Daylight,,,,12,From same direction - both going straight - one stopped - sideswipe,0,0,N,427.70516153473307,597
94507,-122.31996824735619,47.679494984084066,95508,110285,110285,3377304,Matched,Intersection,24460.0,8TH AVE NE AND NE 70TH ST ON RP,,,1,Property Damage Only Collision,Left Turn,3,0,0,2,0,0,0,2010-08-02T00:00:00.000Z,8/2/2010 9:28:00 PM,At Intersection (intersection related),11.0,"MOTOR VEHICLE STRUCK MOTOR VEHICLE, FRONT END AT ANGLE",,N,Clear or Partly Cloudy,Dry,Dark - Street Lights On,,10214020.0,,28,From opposite direction - one left turn - one straight,0,0,N,510.2588900613265,1023
79045,-122.35108139796331,47.61607682431039,78046,92670,92670,3280617,Matched,Block,,1ST AVE BETWEEN CEDAR ST AND CLAY ST,,,1,Property Damage Only Collision,Sideswipe,2,0,0,2,0,0,0,2008-12-27T00:00:00.000Z,12/27/2008 7:12:00 PM,Mid-Block (not related to intersection),11.0,"MOTOR VEHICLE STRUCK MOTOR VEHICLE, FRONT END AT ANGLE",,0,Raining,Wet,Dark - Street Lights On,,8362013.0,,26,From opposite direction - both going straight - sideswipe,0,0,N,1136.5630455777966,663
46038,-122.33173015962991,47.57157751326114,46039,60342,60342,2404453,Matched,Block,,WEST SEATTLE BR WB BETWEEN I5 NB - W SEATTLE BR RP AND 1ST AV S OFF RP,,,1,Property Damage Only Collision,Other,1,0,0,1,0,0,0,2006-05-20T00:00:00.000Z,5/20/2006 8:22:00 AM,Mid-Block (not related to intersection),26.0,MOTOR VEHICLE STRUCK OBJECT IN ROAD,,0,Overcast,Dry,Daylight,,6140004.0,,50,Fixed object,0,0,N,1334.452386371068,178
115497,-122.32390855567337,47.55336811633481,115498,131547,131547,3617691,Matched,Intersection,33106.0,7TH AVE S AND S LUCILE ST,,,2,Injury Collision,Left Turn,2,0,0,2,1,0,0,2012-09-13T00:00:00.000Z,9/13/2012 3:30:00 PM,At Intersection (intersection related),11.0,"MOTOR VEHICLE STRUCK MOTOR VEHICLE, FRONT END AT ANGLE",,N,Clear or Partly Cloudy,Dry,Daylight,,12257011.0,,28,From opposite direction - one left turn - one straight,0,0,N,327.5470395024616,202
49790,-122.32773441545557,47.66499994245019,49791,64165,64165,2405629,Matched,Block,,NE 50TH ST BETWEEN 1ST AVE NE AND 2ND AVE NE,,,1,Property Damage Only Collision,Rear Ended,3,0,0,3,0,0,0,2006-06-11T00:00:00.000Z,6/11/2006 6:58:00 PM,Mid-Block (but intersection related),14.0,"MOTOR VEHICLE STRUCK MOTOR VEHICLE, REAR END",,0,Clear or Partly Cloudy,Dry,Daylight,,6162039.0,,13,From same direction - both going straight - both moving - rear-end,0,0,N,92.01787219446321,992
3730,-122.32563295134672,47.61848878121481,4731,18425,18425,1772002,Matched,Intersection,29162.0,E DENNY WAY AND E OLIVE WAY,,,1,Property Damage Only Collision,Left Turn,2,0,0,2,0,0,0,2004-03-18T00:00:00.000Z,3/18/2004 9:49:00 PM,At Intersection (intersection related),11.0,"MOTOR VEHICLE STRUCK MOTOR VEHICLE, FRONT END AT ANGLE",,0,Overcast,Wet,Dark - Street Lights On,,4078019.0,,15,From same direction - one left turn - one straight,0,0,N,194.46906807945413,107
161841,-122.29891734148524,47.60166062570858,163842,202802,202942,3737879,Matched,Intersection,30581.0,26TH AVE AND E YESLER WAY, ,,2,Injury Collision,Angles,3,0,0,2,1,0,0,2015-09-12T00:00:00.000Z,9/12/2015 10:34:00 AM,At Intersection (intersection related),11.0,"MOTOR VEHICLE STRUCK MOTOR VEHICLE, FRONT END AT ANGLE",,N,Clear or Partly Cloudy,Dry,Daylight,,,,10,Entering at angle,0,0,N,88.37322359213826,902
27090,-122.34451629533615,47.68947301389481,27091,41554,41554,2023516,Matched,Block,,AURORA AVE N BETWEEN GREEN LAKE DR N AND N 84TH ST,,,1,Property Damage Only Collision,Rear Ended,8,0,0,2,0,0,0,2005-07-22T00:00:00.000Z,7/22/2005 4:40:00 PM,Mid-Block (but intersection related),14.0,"MOTOR VEHICLE STRUCK MOTOR VEHICLE, REAR END",,0,Clear or Partly Cloudy,Dry,Daylight,,5203015.0,,14,From same direction - both going straight - one stopped - rear-end,0,0,N,286.28838864651783,648
184469,-122.30843073001526,47.572508868310024,184470,241173,241613,E668031,Matched,Block,,BEACON AVE S BETWEEN S HINDS ST AND S SPOKANE ST, ,,1,Property Damage Only Collision,Parked Car,2,0,0,2,0,0,0,2017-05-04T00:00:00.000Z,5/4/2017 9:15:00 AM,Mid-Block (not related to intersection),11.0,"MOTOR VEHICLE STRUCK MOTOR VEHICLE, FRONT END AT ANGLE",Y,N,Clear or Partly Cloudy,Dry,Daylight,,,,32,One parked--one moving,0,0,N,108.00589587330134,783
130023,-122.33443722637095,47.665035622015715,132024,147177,147197,3507951,Matched,Block,,N 50TH ST BETWEEN BURKE AVE N AND MERIDIAN AVE N, ,,2,Injury Collision,Rear Ended,2,0,0,2,1,0,0,2012-09-30T00:00:00.000Z,9/30/2012 12:06:00 PM,Mid-Block (not related to intersection),14.0,"MOTOR VEHICLE STRUCK MOTOR VEHICLE, REAR END",,N,Clear or Partly Cloudy,Dry,Daylight,,,,14,From same direction - both going straight - one stopped - rear-end,0,0,N,168.960290484778,199
109577,-122.270155015883,47.53644521702946,109578,124486,124486,3373208,Matched,Block,,RAINIER AVE S BETWEEN S OTHELLO ST AND S FONTANELLE ST,,,2,Injury Collision,Rear Ended,6,0,0,3,4,0,0,2011-03-27T00:00:00.000Z,3/27/2011 2:38:00 PM,Mid-Block (but intersection related),14.0,"MOTOR VEHICLE STRUCK MOTOR VEHICLE, REAR END",Y,N,Raining,Wet,Daylight,,11086018.0,,13,From same direction - both going straight - both moving - rear-end,0,0,N,228.86595313983642,794
30776,-122.32929210567913,47.618449353789465,31777,45882,45882,1745343,Matched,Block,,DENNY WAY BETWEEN STEWART ST AND MELROSE AVE,,,1,Property Damage Only Collision,Rear Ended,3,0,0,2,0,0,0,2005-10-16T00:00:00.000Z,10/16/2005 1:58:00 PM,Mid-Block (but intersection related),14.0,"MOTOR VEHICLE STRUCK MOTOR VEHICLE, REAR END",,0,Clear or Partly Cloudy,Dry,Daylight,,5289012.0,,14,From same direction - both going straight - one stopped - rear-end,0,0,N,366.52913241237854,55
158594,-122.32266473951073,47.567636501989405,159595,194717,194817,E422746,Matched,Block,,AIRPORT WAY S BETWEEN S ANDOVER ST AND S DAKOTA ST,NEI,"Not Enough Information, or Insufficient Location Information",1,Property Damage Only Collision,Parked Car,2,0,0,2,0,0,0,2015-04-27T00:00:00.000Z,4/27/2015 10:30:00 AM,,0.0,NOT ENOUGH INFORMATION / NOT APPLICABLE,,N,Clear or Partly Cloudy,Dry,Daylight,,,,32,One parked--one moving,0,0,N,564.2256318804497,512
153404,-122.34577721206695,47.6176311758243,153405,185245,185325,3733327,Matched,Block,,5TH AVE BETWEEN WALL ST AND VINE ST, ,,1,Property Damage Only Collision,Parked Car,4,0,0,4,0,0,0,2015-02-09T00:00:00.000Z,2/9/2015 12:51:00 AM,Mid-Block (not related to intersection),13.0,"MOTOR VEHICLE STRUCK MOTOR VEHICLE, LEFT SIDE AT ANGLE",,N,Overcast,Wet,Dark - Street Lights On,,,,32,One parked--one moving,0,0,N,1017.8089335902216,422
83907,-122.3174136262305,47.664026175811856,82908,96997,96997,3206530,Matched,Block,,ROOSEVELT WAY NE BETWEEN NE 47TH ST AND NE 50TH ST,,,2,Injury Collision,Cycles,3,0,1,1,1,0,0,2009-05-20T00:00:00.000Z,5/20/2009 8:49:00 PM,Driveway Junction,51.0,PEDALCYCLIST STRUCK MOTOR VEHICLE FRONT END AT ANGLE,,0,Clear or Partly Cloudy,Dry,Dusk,,9140002.0,,45,Vehicle - Pedalcyclist,9118,0,N,124.55038488311884,785
29265,-122.3539518839368,47.68694122793139,29266,43711,43711,2025668,Matched,Block,,N 80TH ST BETWEEN GREENWOOD AVE N AND DAYTON AVE N,,,1,Property Damage Only Collision,Parked Car,2,0,0,2,0,0,0,2005-08-06T00:00:00.000Z,8/6/2005,Mid-Block (not related to intersection),13.0,"MOTOR VEHICLE STRUCK MOTOR VEHICLE, LEFT SIDE AT ANGLE",,0,Unknown,Unknown,Unknown,,5218030.0,,32,One parked--one moving,0,0,N,134.71869656543814,1030
81508,-122.3707596089818,47.668661918522304,81509,95023,95023,3286797,Matched,Intersection,25422.0,11TH AVE NW AND NW MARKET ST,,,1,Property Damage Only Collision,Angles,2,0,0,2,0,0,0,2009-06-19T00:00:00.000Z,6/19/2009 6:57:00 PM,At Intersection (intersection related),11.0,"MOTOR VEHICLE STRUCK MOTOR VEHICLE, FRONT END AT ANGLE",,0,Raining,Wet,Dusk,,9170019.0,,10,Entering at angle,0,0,N,86.34237169166113,647
144514,-122.31843273845254,47.599186557411784,142515,163051,163071,3386831,Matched,Block,,S JACKSON ST BETWEEN 10TH AVE S AND 12TH AVE S, ,,1,Property Damage Only Collision,Pedestrian,2,1,0,1,0,0,0,2011-01-24T00:00:00.000Z,1/24/2011 7:00:00 PM,Driveway Junction,24.0,MOTOR VEHCILE STRUCK PEDESTRIAN,,N,Overcast,Wet,Dark - Street Lights On,,,,1,Vehicle turning right hits pedestrian,0,0,N,524.080832890364,52
198754,-122.30551350762143,47.633209652145645,197755,285257,286117,E792284,Unmatched,Block,,E CRESCENT DR BETWEEN 20TH AVE E AND PEACH CT E, ,,0,Unknown,,0,0,0,0,0,0,0,2018-04-26T00:00:00.000Z,4/26/2018,Mid-Block (not related to intersection),0.0,NOT ENOUGH INFORMATION / NOT APPLICABLE,,,,,,,,, ,,0,0,Y,31.89998024726172,830
63554,-122.34803066293001,47.66509736671008,63555,78036,78036,C697007,Matched,Block,,N 50TH ST BETWEEN FREMONT AVE N AND WHITMAN AVE N,,,1,Property Damage Only Collision,Rear Ended,2,0,0,2,0,0,0,2007-12-07T00:00:00.000Z,12/7/2007,Mid-Block (but intersection related),14.0,"MOTOR VEHICLE STRUCK MOTOR VEHICLE, REAR END",,0,Overcast,Dry,Daylight,,7341038.0,,14,From same direction - both going straight - one stopped - rear-end,0,0,N,272.9157202438818,163
10062,-122.30614646209317,47.71883299079151,10063,24352,24352,1780897,Matched,Block,,22ND AVE NE BETWEEN DEAD END 1 AND NE 125TH W ST,,,1,Property Damage Only Collision,Parked Car,2,0,0,2,0,0,0,2004-11-03T00:00:00.000Z,11/3/2004,Mid-Block (not related to intersection),13.0,"MOTOR VEHICLE STRUCK MOTOR VEHICLE, LEFT SIDE AT ANGLE",,0,Unknown,Unknown,Unknown,,4308022.0,,32,One parked--one moving,0,0,N,352.4781521374236,910
116442,-122.27893296624843,47.51342478976165,116443,130895,130895,C761031,Unmatched,Intersection,38140.0,M L KING JR WR WAY S AND S NORFOLK ST,,,0,Unknown,,0,0,0,0,0,0,0,2012-01-13T00:00:00.000Z,1/13/2012,At Intersection (intersection related),0.0,NOT ENOUGH INFORMATION / NOT APPLICABLE,,,,,,,12013037.0,,,,0,0,N,1271.7256127793992,213
107404,-122.38676894065132,47.568836415061284,107405,122418,122418,2896215,Matched,Block,,CALIFORNIA AVE SW BETWEEN SW BRADFORD ST AND SW ANDOVER ST,,,1,Property Damage Only Collision,Parked Car,2,0,0,2,0,0,0,2011-01-16T00:00:00.000Z,1/16/2011 3:16:00 PM,Mid-Block (not related to intersection),16.0,"MOTOR VEHICLE STRUCK MOTOR VEHICLE, LEFT SIDE SIDESWIPE",,N,Overcast,Dry,Daylight,,11016016.0,,32,One parked--one moving,0,0,N,110.81993109397725,802
9351,-122.3280785780535,47.60416123456064,9352,23196,23196,1069338,Matched,Intersection,29973.0,6TH AVE AND JAMES ST,,,2,Injury Collision,Left Turn,2,0,0,2,1,0,0,2004-11-15T00:00:00.000Z,11/15/2004 2:49:00 PM,At Intersection (intersection related),11.0,"MOTOR VEHICLE STRUCK MOTOR VEHICLE, FRONT END AT ANGLE",,0,Overcast,Wet,Daylight,,4320019.0,,28,From opposite direction - one left turn - one straight,0,0,N,751.3095467064553,762
81483,-122.26559264421437,47.52623207568335,81484,94890,94890,3342119,Unmatched,Block,,WABASH AVE S BETWEEN 53RD AVE S AND SEWARD PARK AVE S,,,0,Unknown,,0,0,0,0,0,0,0,2009-12-31T00:00:00.000Z,12/31/2009,Mid-Block (not related to intersection),16.0,"MOTOR VEHICLE STRUCK MOTOR VEHICLE, LEFT SIDE SIDESWIPE",,,,,,,9365027.0,,,,0,0,N,290.154971198142,113
26556,-122.33556992889457,47.5217841204985,26557,41041,41041,2024681,Matched,Block,,OLSON PL SW BETWEEN 1ST AVE S AND 2ND AVE SW,,,2,Injury Collision,Rear Ended,2,0,0,2,1,0,0,2005-05-31T00:00:00.000Z,5/31/2005 7:43:00 AM,Mid-Block (but intersection related),14.0,"MOTOR VEHICLE STRUCK MOTOR VEHICLE, REAR END",,0,Overcast,Wet,Daylight,,5151013.0,,13,From same direction - both going straight - both moving - rear-end,0,0,N,1035.1041774464895,415
25193,-122.35487069062465,47.64848444097585,25194,39234,39234,2108964,Matched,Block,,NICKERSON ST BETWEEN DRAVUS ST AND WARREN AVE N,,,1,Property Damage Only Collision,Rear Ended,2,0,0,2,0,0,0,2005-11-22T00:00:00.000Z,11/22/2005 4:47:00 PM,Mid-Block (but intersection related),14.0,"MOTOR VEHICLE STRUCK MOTOR VEHICLE, REAR END",,0,Clear or Partly Cloudy,Dry,Dark - Street Lights On,,5326046.0,,14,From same direction - both going straight - one stopped - rear-end,0,0,N,212.0701286081,217
92944,-122.32147486584604,47.64319169892194,92945,107640,107640,2791860,Matched,Block,,E ROANOKE ST BETWEEN HARVARD AVE E AND BROADWAY E,,,1,Property Damage Only Collision,Rear Ended,3,0,0,2,0,0,0,2010-10-13T00:00:00.000Z,10/13/2010 4:18:00 PM,Mid-Block (not related to intersection),14.0,"MOTOR VEHICLE STRUCK MOTOR VEHICLE, REAR END",Y,N,Clear or Partly Cloudy,Dry,Daylight,,10286033.0,,14,From same direction - both going straight - one stopped - rear-end,0,0,N,277.32779877417335,149
64327,-122.28796085636688,47.54608599198856,64328,77958,77958,2828723,Matched,Block,,S GRAHAM ST BETWEEN 33RD AVE S AND M L KING JR WR WAY S,,,1,Property Damage Only Collision,Other,2,0,0,2,0,0,0,2007-12-18T00:00:00.000Z,12/18/2007 4:40:00 PM,Driveway Junction,11.0,"MOTOR VEHICLE STRUCK MOTOR VEHICLE, FRONT END AT ANGLE",,0,Raining,Wet,Dark - Street Lights On,,7352017.0,,22,One car leaving driveway access,0,0,N,359.05561872361386,625
180014,-122.3578224377998,47.663413032267435,180015,234059,234459,3747760,Matched,Block,,NW MARKET ST BETWEEN 1ST AVE NW AND NW 48TH ST, ,,2,Injury Collision,Rear Ended,3,0,0,3,2,0,0,2017-01-24T00:00:00.000Z,1/24/2017 7:29:00 PM,Mid-Block (but intersection related),14.0,"MOTOR VEHICLE STRUCK MOTOR VEHICLE, REAR END",,N,Clear or Partly Cloudy,Dry,Dark - Street Lights On,,,,14,From same direction - both going straight - one stopped - rear-end,0,0,N,181.54271189478263,706
39012,-122.32314837088076,47.703140321077996,38013,52571,52571,2178859,Matched,Intersection,37475.0,5TH AVE NE AND NE 103RD ST,,,2,Injury Collision,Left Turn,2,0,0,2,1,0,0,2006-02-09T00:00:00.000Z,2/9/2006,At Intersection (intersection related),11.0,"MOTOR VEHICLE STRUCK MOTOR VEHICLE, FRONT END AT ANGLE",,0,Clear or Partly Cloudy,Dry,Daylight,,6040020.0,,28,From opposite direction - one left turn - one straight,0,0,N,224.33230315541232,989
931,-122.37658197973373,47.538308186548825,932,87900,87900,2792590,Matched,Block,,35TH AVE SW BETWEEN SW MYRTLE ST AND SW OTHELLO ST,,,2,Injury Collision,Rear Ended,2,0,0,2,1,0,0,2008-05-06T00:00:00.000Z,5/6/2008,Mid-Block (but intersection related),14.0,"MOTOR VEHICLE STRUCK MOTOR VEHICLE, REAR END",,0,Clear or Partly Cloudy,Dry,Daylight,,8127030.0,,14,From same direction - both going straight - one stopped - rear-end,0,0,N,226.73622511755448,452
161055,-122.36140653705169,47.70206270579305,163056,203346,203486,E464907,Matched,Block,,HOLMAN RD NW BETWEEN 4TH AVE NW AND 3RD AVE NW, ,,2,Injury Collision,Rear Ended,0,0,0,2,1,0,0,2015-09-16T00:00:00.000Z,9/16/2015 3:42:00 PM,Mid-Block (but intersection related),14.0,"MOTOR VEHICLE STRUCK MOTOR VEHICLE, REAR END",,N,Clear or Partly Cloudy,Dry,Daylight,,,,13,From same direction - both going straight - both moving - rear-end,0,0,N,470.21318734925023,892
89614,-122.3291606772506,47.61817658000528,89615,104856,104856,09336023,Unmatched,Block,,EASTLAKE AVE BETWEEN HOWELL ST AND DENNY LOWER WAY,,,0,Unknown,,0,0,0,0,0,0,0,2009-12-02T00:00:00.000Z,12/2/2009,Mid-Block (not related to intersection),11.0,"MOTOR VEHICLE STRUCK MOTOR VEHICLE, FRONT END AT ANGLE",,,,,,,9336023.0,,,,0,0,N,339.96860635184964,55
135755,-122.29394466239883,47.71831678051785,136756,157467,157487,3570623,Unmatched,Block,,32ND AVE NE BETWEEN NE 123RD ST AND NE 125TH ST, ,,0,Unknown,,0,0,0,0,0,0,0,2013-11-21T00:00:00.000Z,11/21/2013,Mid-Block (not related to intersection),0.0,NOT ENOUGH INFORMATION / NOT APPLICABLE,,,,,,,,, ,,0,0,N,105.8478782421186,148
89972,-122.33739360436388,47.61266534728218,89973,105167,105167,3344812,Matched,Intersection,29567.0,5TH AVE AND OLIVE WAY,,,1,Property Damage Only Collision,Sideswipe,3,0,0,2,0,0,0,2009-11-28T00:00:00.000Z,11/28/2009 3:39:00 AM,At Intersection (intersection related),11.0,"MOTOR VEHICLE STRUCK MOTOR VEHICLE, FRONT END AT ANGLE",,0,Overcast,Dry,Dark - Street Lights On,,9332005.0,,11,From same direction - both going straight - both moving - sideswipe,0,0,N,790.7799930751246,185
160876,-122.39058449105013,47.54198011346817,158877,196776,196896,E427698,Matched,Block,,45TH AVE SW BETWEEN SW WILLOW ST AND SW MILLS ST, ,,1,Property Damage Only Collision,Parked Car,0,0,0,2,0,0,0,2014-12-19T00:00:00.000Z,12/19/2014 7:00:00 AM,,0.0,NOT ENOUGH INFORMATION / NOT APPLICABLE,,N,Unknown,Unknown,Unknown,,,,32,One parked--one moving,0,0,Y,810.7096315909245,183
175536,-122.35514465491042,47.51919567026296,176537,229637,229997,E596861,Matched,Intersection,35051.0,16TH AVE SW AND SW CAMBRIDGE ST, ,,2,Injury Collision,Angles,2,0,0,2,1,0,0,2016-10-04T00:00:00.000Z,10/4/2016 7:16:00 AM,At Intersection (intersection related),11.0,"MOTOR VEHICLE STRUCK MOTOR VEHICLE, FRONT END AT ANGLE",,N,Clear or Partly Cloudy,Wet,Daylight,,,,10,Entering at angle,0,0,N,172.0910805807627,260
114429,-122.31601270830936,47.661288285456685,114430,131734,131734,C760412,Unmatched,Block,,NE 45TH ST BETWEEN 11TH AVE NE AND 12TH AVE NE,,,0,Unknown,,0,0,0,0,0,0,0,2012-01-06T00:00:00.000Z,1/6/2012,Mid-Block (not related to intersection),0.0,NOT ENOUGH INFORMATION / NOT APPLICABLE,,,,,,,12006055.0,,,,0,0,N,271.6127309011731,785
16706,-122.33841927614165,47.66212666883444,15707,29657,29657,1780037,Matched,Block,,N 46TH ST BETWEEN WOODLAWN AVE N AND DENSMORE AVE N,,,1,Property Damage Only Collision,Parked Car,2,0,0,2,0,0,0,2004-02-04T00:00:00.000Z,2/4/2004,Mid-Block (not related to intersection),13.0,"MOTOR VEHICLE STRUCK MOTOR VEHICLE, LEFT SIDE AT ANGLE",,0,Clear or Partly Cloudy,Dry,Dark - Street Lights On,,4035022.0,,32,One parked--one moving,0,0,N,54.93310366868031,704
181392,-122.34476001115519,47.70905834780453,181393,233751,234151,3747905,Matched,Block,,AURORA AVE N BETWEEN N 109TH ST AND N 112TH ST, ,,2,Injury Collision,Angles,3,0,0,2,1,0,0,2017-01-22T00:00:00.000Z,1/22/2017 2:45:00 PM,Mid-Block (not related to intersection),11.0,"MOTOR VEHICLE STRUCK MOTOR VEHICLE, FRONT END AT ANGLE",,N,Overcast,Wet,Daylight,,,,10,Entering at angle,0,0,N,296.92824503991926,293