,X,Y,OBJECTID,INCKEY,COLDETKEY,REPORTNO,STATUS,ADDRTYPE,INTKEY,LOCATION,EXCEPTRSNCODE,EXCEPTRSNDESC,SEVERITYCODE,SEVERITYDESC,COLLISIONTYPE,PERSONCOUNT,PEDCOUNT,PEDCYLCOUNT,VEHCOUNT,INJURIES,SERIOUSINJURIES,FATALITIES,INCDATE,INCDTTM,JUNCTIONTYPE,SDOT_COLCODE,SDOT_COLDESC,INATTENTIONIND,UNDERINFL,WEATHER,ROADCOND,LIGHTCOND,PEDROWNOTGRNT,SDOTCOLNUM,SPEEDING,ST_COLCODE,ST_COLDESC,SEGLANEKEY,CROSSWALKKEY,HITPARKEDCAR,CLOSEST_CIRCLE_DIST,CLOSEST_CIRCLE_INDEX
122523,-122.32077135051792,47.61351814837144,123524,138984,138984,3564291,Unmatched,Block,,BROADWAY BETWEEN E UNION ST AND E PIKE ST,,,0,Unknown,,0,0,0,0,0,0,0,2012-03-12T00:00:00.000Z,3/12/2012,,0.0,NOT ENOUGH INFORMATION / NOT APPLICABLE,,,,,,,12072027.0,,,,0,0,N,429.4269007308601,688
70843,-122.29084747347858,47.66172868360371,71844,87536,87536,3284279,Matched,Block,,NE BLAKELEY ST BETWEEN NE 45TH PL AND 35TH AVE NE,,,2,Injury Collision,Other,3,0,0,2,1,0,0,2008-08-06T00:00:00.000Z,8/6/2008,Driveway Junction,11.0,"MOTOR VEHICLE STRUCK MOTOR VEHICLE, FRONT END AT ANGLE",,0,Clear or Partly Cloudy,Dry,Daylight,,8219011.0,,22,One car leaving driveway access,0,0,N,238.78243494248034,310
50844,-122.3391506316273,47.66212614319896,50845,65469,65469,2802699,Matched,Intersection,25570.0,WOODLAWN AVE N AND N 46TH ST,,,1,Property Damage Only Collision,Right Turn,2,0,0,2,0,0,0,2007-08-29T00:00:00.000Z,8/29/2007 5:48:00 PM,At Intersection (intersection related),11.0,"MOTOR VEHICLE STRUCK MOTOR VEHICLE, FRONT END AT ANGLE",,0,Clear or Partly Cloudy,Dry,Daylight,,7241048.0,,16,From same direction - one right turn - one straight,0,0,N,0.0,704
116572,-122.4026354866898,47.580848780889426,116573,133014,133014,3553210,Matched,Block,,55TH AVE SW BETWEEN ALKI AVE SW AND SW LANDER ST,,,1,Property Damage Only Collision,Parked Car,2,0,0,2,0,0,0,2012-08-27T00:00:00.000Z,8/27/2012 11:15:00 AM,Mid-Block (not related to intersection),11.0,"MOTOR VEHICLE STRUCK MOTOR VEHICLE, FRONT END AT ANGLE",,N,Clear or Partly Cloudy,Dry,Daylight,,12240021.0,,32,One parked--one moving,0,0,N,968.4386976623204,491
78153,-122.30740915787302,47.61673275898729,79154,93142,93142,2620684,Matched,Intersection,30125.0,19TH AVE AND E MADISON ST,,,2,Injury Collision,Angles,3,0,0,2,2,0,0,2008-02-05T00:00:00.000Z,2/5/2008,At Intersection (intersection related),11.0,"MOTOR VEHICLE STRUCK MOTOR VEHICLE, FRONT END AT ANGLE",,0,Raining,Wet,Daylight,,8036033.0,,10,Entering at angle,0,0,N,144.5836699149876,937
64564,-122.33029745925337,47.60323265391005,64565,79564,79564,2908631,Matched,Intersection,30479.0,4TH AVE AND JAMES ST,,,1,Property Damage Only Collision,Rear Ended,2,0,0,2,0,0,0,2008-05-08T00:00:00.000Z,5/8/2008,At Intersection (intersection related),14.0,"MOTOR VEHICLE STRUCK MOTOR VEHICLE, REAR END",,0,Clear or Partly Cloudy,Dry,Daylight,,8129006.0,,14,From same direction - both going straight - one stopped - rear-end,0,0,N,913.2832654197821,762
105371,-122.34236126738043,47.62322375030086,105372,120092,120092,3552811,Matched,Intersection,28775.0,DEXTER AVE N AND REPUBLICAN ST,,,2,Injury Collision,Cycles,2,0,1,1,1,0,0,2011-07-15T00:00:00.000Z,7/15/2011 5:30:00 PM,At Intersection (intersection related),51.0,PEDALCYCLIST STRUCK MOTOR VEHICLE FRONT END AT ANGLE,,N,Unknown,Unknown,Unknown,Y,11196030.0,,45,Vehicle - Pedalcyclist,12628,0,N,567.746740343161,272
138338,-122.34351515133079,47.617467640256464,138339,155748,155768,3585513,Matched,Intersection,29519.0,AURORA AVE AND BATTERY ST, ,,1,Property Damage Only Collision,Right Turn,3,0,0,2,0,0,0,2013-10-23T00:00:00.000Z,10/23/2013 8:59:00 PM,At Intersection (intersection related),11.0,"MOTOR VEHICLE STRUCK MOTOR VEHICLE, FRONT END AT ANGLE",,N,Fog/Smog/Smoke,Dry,Dark - Street Lights On,,,,16,From same direction - one right turn - one straight,0,0,N,1101.1025679665263,422
57097,-122.3333665056188,47.617328391253345,57098,71477,71477,2805426,Matched,Block,,BOREN AVE BETWEEN STEWART ST AND VIRGINIA ST,,,2,Injury Collision,Other,3,0,0,2,1,0,0,2007-04-06T00:00:00.000Z,4/6/2007,Driveway Junction,11.0,"MOTOR VEHICLE STRUCK MOTOR VEHICLE, FRONT END AT ANGLE",,0,Clear or Partly Cloudy,Dry,Daylight,,7096026.0,,21,One car entering driveway access,0,0,N,598.2816731825875,55
136676,-122.345017036586,47.72685955506986,135677,154817,154837,3609291,Matched,Intersection,35812.0,AURORA AVE N AND N 135TH ST, ,,2,Injury Collision,Other,5,0,0,2,1,0,0,2013-09-28T00:00:00.000Z,9/28/2013 1:16:00 PM,At Intersection (intersection related),11.0,"MOTOR VEHICLE STRUCK MOTOR VEHICLE, FRONT END AT ANGLE",,N,Raining,Wet,Daylight,,,,23,From same direction - all others,0,0,N,405.8638474589189,27
100714,-122.2813806661606,47.53216015100057,100715,115368,115368,2892172,Matched,Block,,S BOZEMAN ST BETWEEN DEAD END AND M L KING JR WR WAY S,,,1,Property Damage Only Collision,Parked Car,2,0,0,2,0,0,0,2010-12-20T00:00:00.000Z,12/20/2010 12:01:00 AM,Mid-Block (not related to intersection),15.0,"MOTOR VEHICLE STRUCK MOTOR VEHICLE, RIGHT SIDE SIDESWIPE",,N,Unknown,Unknown,Unknown,,10354001.0,,32,One parked--one moving,0,0,N,350.83474645144673,994
94817,-122.31737321600777,47.67655440134596,95818,110713,110713,10007025,Unmatched,Intersection,24499.0,ROOSEVELT WAY NE AND NE 66TH ST,,,0,Unknown,,0,0,0,0,0,0,0,2010-01-07T00:00:00.000Z,1/7/2010,At Intersection (intersection related),11.0,"MOTOR VEHICLE STRUCK MOTOR VEHICLE, FRONT END AT ANGLE",,,,,,,10007025.0,,,,0,0,N,200.9642633357102,1023
8894,-122.33340509443424,47.6267500825094,8895,22392,22392,1772058,Matched,Block,,FAIRVIEW AVE N BETWEEN FAIRVIEW PL N AND ALOHA ST,,,1,Property Damage Only Collision,Other,2,0,0,2,0,0,0,2004-03-24T00:00:00.000Z,3/24/2004 5:36:00 PM,Driveway Junction,11.0,"MOTOR VEHICLE STRUCK MOTOR VEHICLE, FRONT END AT ANGLE",,0,Overcast,Wet,Daylight,,4084010.0,Y,22,One car leaving driveway access,0,0,N,695.8811519192828,868
103525,-122.3250990185658,47.68676835519882,103526,118870,118870,3564860,Matched,Intersection,24537.0,BANNER WAY NE AND NE 80TH ST,,,1,Property Damage Only Collision,Angles,2,0,0,2,0,0,0,2011-04-08T00:00:00.000Z,4/8/2011,At Intersection (intersection related),11.0,"MOTOR VEHICLE STRUCK MOTOR VEHICLE, FRONT END AT ANGLE",,0,Clear or Partly Cloudy,Dry,Daylight,,11098006.0,,10,Entering at angle,0,0,N,102.51067688094538,976
150423,-122.32578972671594,47.700251845543114,151424,179065,179105,3590509,Matched,Block,,3RD AVE NE BETWEEN NE 97TH ST AND NE 100TH ST, ,,1,Property Damage Only Collision,Parked Car,2,0,0,2,0,0,0,2014-11-06T00:00:00.000Z,11/6/2014 5:11:00 PM,Mid-Block (not related to intersection),14.0,"MOTOR VEHICLE STRUCK MOTOR VEHICLE, REAR END",,N,Unknown,Unknown,Unknown,,,,32,One parked--one moving,0,0,N,405.61716701623914,17
40101,-122.35706582972908,47.553700477770384,39102,53643,53643,2018676,Matched,Intersection,32949.0,18TH AVE SW AND SW BRANDON ST,,,1,Property Damage Only Collision,Angles,3,0,0,2,0,0,0,2006-04-13T00:00:00.000Z,4/13/2006 2:58:00 PM,At Intersection (intersection related),11.0,"MOTOR VEHICLE STRUCK MOTOR VEHICLE, FRONT END AT ANGLE",,0,Raining,Wet,Daylight,,6103031.0,,10,Entering at angle,0,0,N,0.0,756
163424,-122.31867238890172,47.6431961319333,161425,202354,202494,3737827,Matched,Block,,E ROANOKE ST BETWEEN DELMAR DR E AND 11TH AVE E, ,,1,Property Damage Only Collision,Cycles,2,0,1,1,0,0,0,2015-09-09T00:00:00.000Z,9/9/2015 8:15:00 AM,Mid-Block (not related to intersection),18.0,"MOTOR VEHICLE STRUCK PEDALCYCLIST, FRONT END AT ANGLE",,N,Clear or Partly Cloudy,Dry,Daylight,Y,,,45,Vehicle - Pedalcyclist,8328,0,N,406.1492035830815,673
152640,-122.337026061362,47.615387948696096,150641,180406,180466,3588432,Matched,Block,,VIRGINIA ST BETWEEN 7TH AVE AND 8TH AVE, ,,2,Injury Collision,Cycles,2,0,1,1,1,0,0,2014-12-08T00:00:00.000Z,12/8/2014 6:04:00 AM,Driveway Junction,51.0,PEDALCYCLIST STRUCK MOTOR VEHICLE FRONT END AT ANGLE,,N,Clear or Partly Cloudy,Wet,Dark - Street Lights On,,,,45,Vehicle - Pedalcyclist,14306,0,N,808.8633637643634,185
83567,-122.34367984409157,47.6214756339104,82568,97915,97915,3200546,Matched,Block,,AURORA AVE N BETWEEN THOMAS ST AND HARRISON ST,,,1,Property Damage Only Collision,Sideswipe,2,0,0,2,0,0,0,2009-06-05T00:00:00.000Z,6/5/2009,Mid-Block (not related to intersection),11.0,"MOTOR VEHICLE STRUCK MOTOR VEHICLE, FRONT END AT ANGLE",,0,Clear or Partly Cloudy,Dry,Daylight,,9156019.0,,11,From same direction - both going straight - both moving - sideswipe,0,0,N,724.1912070400184,422
184614,-122.30565008056816,47.69529465970659,184615,242009,242449,E678357,Matched,Block,,LAKE CITY WAY NE BETWEEN NE 91ST ST AND NE 92ND ST, ,,1,Property Damage Only Collision,Rear Ended,3,0,0,2,0,0,0,2017-06-05T00:00:00.000Z,6/5/2017 12:49:00 PM,Mid-Block (not related to intersection),14.0,"MOTOR VEHICLE STRUCK MOTOR VEHICLE, REAR END",Y,N,Clear or Partly Cloudy,Dry,Daylight,,,,13,From same direction - both going straight - both moving - rear-end,0,0,N,312.8767772013571,57
47122,-122.35499373301776,47.63826457167042,47123,61407,61407,1772134,Matched,Block,,BOSTON ST BETWEEN 1ST AVE N AND WARREN AVE N,,,1,Property Damage Only Collision,Parked Car,2,0,0,2,0,0,0,2006-04-05T00:00:00.000Z,4/5/2006,Mid-Block (not related to intersection),11.0,"MOTOR VEHICLE STRUCK MOTOR VEHICLE, FRONT END AT ANGLE",,0,Unknown,Unknown,Daylight,,6095032.0,,32,One parked--one moving,0,0,N,192.48290411545813,426
51419,-122.34368464947201,47.62089317028582,51420,65878,65878,2807386,Matched,Intersection,28787.0,AURORA AVE N AND THOMAS ST,,,1,Property Damage Only Collision,Angles,3,0,0,2,0,0,0,2007-01-11T00:00:00.000Z,1/11/2007 11:40:00 AM,At Intersection (intersection related),11.0,"MOTOR VEHICLE STRUCK MOTOR VEHICLE, FRONT END AT ANGLE",,0,Clear or Partly Cloudy,Dry,Daylight,,7011005.0,,10,Entering at angle,0,0,N,773.0713447238334,422
84215,-122.32201662678469,47.62256198558897,84216,100613,100613,3199570,Matched,Block,,HARVARD AVE E BETWEEN E HARRISON ST AND E REPUBLICAN ST,,,1,Property Damage Only Collision,Parked Car,2,0,0,2,0,0,0,2009-12-16T00:00:00.000Z,12/16/2009 3:30:00 PM,Mid-Block (not related to intersection),13.0,"MOTOR VEHICLE STRUCK MOTOR VEHICLE, LEFT SIDE AT ANGLE",,0,Raining,Wet,Daylight,,9350039.0,,32,One parked--one moving,0,0,N,101.26476882184153,909
67732,-122.37064237189028,47.57167480652682,67733,82131,82131,2792752,Matched,Block,,HARBOR AVE SW BETWEEN SW SPOKANE NR ST AND SW AVALON WAY,,,1,Property Damage Only Collision,Parked Car,2,0,0,2,0,0,0,2008-01-26T00:00:00.000Z,1/26/2008 1:36:00 PM,Mid-Block (not related to intersection),16.0,"MOTOR VEHICLE STRUCK MOTOR VEHICLE, LEFT SIDE SIDESWIPE",Y,0,Raining,Wet,Daylight,,8026014.0,,32,One parked--one moving,0,0,N,510.5382079752233,252
197657,-122.33261241725955,47.706385860176404,199658,297678,298798,E817263,Unmatched,Block,,BAGLEY AVE N BETWEEN N 106TH ST AND N 107TH ST,NEI,"Not Enough Information, or Insufficient Location Information",0,Unknown,,0,0,0,0,0,0,0,2018-07-12T00:00:00.000Z,7/12/2018,,0.0,NOT ENOUGH INFORMATION / NOT APPLICABLE,,,,,,,,, ,,0,0,Y,371.4870339120915,924
49495,-122.37489946277462,47.668666144477655,49496,63975,63975,2059097,Matched,Block,,NW MARKET ST BETWEEN 14TH AVE NW AND 15TH AVE NW,,,1,Property Damage Only Collision,Rear Ended,2,0,0,2,0,0,0,2006-04-07T00:00:00.000Z,4/7/2006,Mid-Block (but intersection related),14.0,"MOTOR VEHICLE STRUCK MOTOR VEHICLE, REAR END",,0,Clear or Partly Cloudy,Dry,Daylight,,6097046.0,,14,From same direction - both going straight - one stopped - rear-end,0,0,N,322.72888498178116,647
14684,-122.35007763872477,47.64226878363686,14685,28712,28712,C649404,Matched,Block,,HALLADAY ST BETWEEN NOB HILL N AVE N AND 4TH AVE N,,,1,Property Damage Only Collision,Parked Car,2,0,0,2,0,0,0,2004-11-01T00:00:00.000Z,11/1/2004,Mid-Block (not related to intersection),14.0,"MOTOR VEHICLE STRUCK MOTOR VEHICLE, REAR END",,0,Clear or Partly Cloudy,Dry,Dark - Street Lights On,,4306065.0,,32,One parked--one moving,0,0,N,241.16712720946614,962
68270,-122.31634655104645,47.66401835563,68271,83091,83091,2895418,Matched,Block,,11TH AVE NE BETWEEN NE 47TH ST AND NE 50TH ST,,,1,Property Damage Only Collision,Other,1,0,0,1,0,0,0,2008-05-22T00:00:00.000Z,5/22/2008 11:14:00 AM,Mid-Block (but intersection related),28.0,MOTOR VEHICLE RAN OFF ROAD - HIT FIXED OBJECT,,0,Overcast,Dry,Daylight,,8143033.0,,50,Fixed object,0,0,N,183.33260993528143,785
5751,-122.36047908428793,47.52469334530178,5752,19806,19806,1781611,Matched,Intersection,34861.0,DELRIDGE WAY SW AND SW TRENTON ST,,,1,Property Damage Only Collision,Right Turn,3,0,0,2,0,0,0,2004-07-12T00:00:00.000Z,7/12/2004 1:43:00 PM,At Intersection (intersection related),16.0,"MOTOR VEHICLE STRUCK MOTOR VEHICLE, LEFT SIDE SIDESWIPE",,0,Clear or Partly Cloudy,Dry,Daylight,,4194022.0,,16,From same direction - one right turn - one straight,0,0,N,102.2155358263818,467
87073,-122.31023222122305,47.60525300016858,86074,100320,100320,3285281,Matched,Block,,17TH AVE BETWEEN E ALDER ST AND E JEFFERSON ST,,,2,Injury Collision,Rear Ended,2,0,0,2,1,0,0,2009-10-05T00:00:00.000Z,10/5/2009,Mid-Block (but intersection related),14.0,"MOTOR VEHICLE STRUCK MOTOR VEHICLE, REAR END",,0,Clear or Partly Cloudy,Dry,Daylight,,9278036.0,,14,From same direction - both going straight - one stopped - rear-end,0,0,N,140.7965033570242,680
47463,-122.3232392280778,47.5470245031927,47464,62035,62035,2072453,Matched,Block,,S MICHIGAN ST BETWEEN 7TH AVE S AND CORSON AVE S,,,1,Property Damage Only Collision,Right Turn,6,0,0,2,0,0,0,2006-04-09T00:00:00.000Z,4/9/2006,Mid-Block (but intersection related),14.0,"MOTOR VEHICLE STRUCK MOTOR VEHICLE, REAR END",Y,0,Clear or Partly Cloudy,Dry,Dark - Street Lights On,,6099017.0,,16,From same direction - one right turn - one straight,0,0,N,237.58352443306316,399
198372,-122.3371873034489,47.605284183138245,197373,289808,290668,E801895,Matched,Block,,SPRING ST BETWEEN POST AVE AND 1ST AVE, ,,1,Property Damage Only Collision,Other,3,0,0,2,0,0,0,2018-05-24T00:00:00.000Z,5/24/2018 12:34:00 PM,Mid-Block (not related to intersection),11.0,"MOTOR VEHICLE STRUCK MOTOR VEHICLE, FRONT END AT ANGLE",,N,Clear or Partly Cloudy,Dry,Daylight,,,,23,From same direction - all others,0,0,N,1105.6910611153614,762
49214,-122.35500077921687,47.537761379831075,49215,63358,63358,2620270,Matched,Block,,16TH AVE SW BETWEEN SW ORCHARD ST AND SW OTHELLO ST,,,1,Property Damage Only Collision,Rear Ended,2,0,0,2,0,0,0,2006-11-03T00:00:00.000Z,11/3/2006,Mid-Block (not related to intersection),14.0,"MOTOR VEHICLE STRUCK MOTOR VEHICLE, REAR END",,0,Raining,Wet,Daylight,,6307028.0,,13,From same direction - both going straight - both moving - rear-end,0,0,N,228.22930690764676,846
82720,-122.31776595018732,47.65891124921488,83721,96911,96911,3206415,Unmatched,Block,,ROOSEVELT WAY NE BETWEEN NE 42ND N ST AND NE 43RD S ST,,,0,Unknown,,0,0,0,0,0,0,0,2009-05-08T00:00:00.000Z,5/8/2009,Driveway Junction,13.0,"MOTOR VEHICLE STRUCK MOTOR VEHICLE, LEFT SIDE AT ANGLE",,,,,,,9128032.0,,,,0,0,N,180.1838285059076,899
44977,-122.3446123169084,47.69816959656684,44978,59032,59032,2611403,Matched,Block,,AURORA AVE N BETWEEN N 95TH ST AND N 96TH S ST,,,2,Injury Collision,Angles,2,0,0,2,1,0,0,2006-07-26T00:00:00.000Z,7/26/2006 3:26:00 PM,Mid-Block (but intersection related),14.0,"MOTOR VEHICLE STRUCK MOTOR VEHICLE, REAR END",Y,0,Clear or Partly Cloudy,Dry,Daylight,,6207028.0,,10,Entering at angle,0,0,N,205.7453853154952,211
26531,-122.3285701065502,47.60888951723326,26532,40229,40229,2028328,Matched,Block,,SPRING ST BETWEEN 8TH AVE AND 9TH AVE,,,3,Fatality Collision,Pedestrian,5,1,0,1,0,0,1,2005-05-10T00:00:00.000Z,5/10/2005 2:46:00 PM,Driveway Junction,24.0,MOTOR VEHCILE STRUCK PEDESTRIAN,,0,Clear or Partly Cloudy,Dry,Daylight,,5130001.0,,0,Vehicle going straight hits pedestrian,0,0,N,343.78996542087754,762
162411,-122.31683913852885,47.66942957962996,162412,201854,201994,E446999,Matched,Block,,NE 56TH ST BETWEEN ROOSEVELT WAY NE AND 11TH AVE NE, ,,1,Property Damage Only Collision,Angles,0,0,0,2,0,0,0,2015-07-26T00:00:00.000Z,7/26/2015 5:02:00 PM,Mid-Block (not related to intersection),11.0,"MOTOR VEHICLE STRUCK MOTOR VEHICLE, FRONT END AT ANGLE",,N,Raining,Wet,Daylight,,,,10,Entering at angle,0,0,N,123.78800238873484,725
115252,-122.36062160126772,47.62579703288189,115253,131103,131103,C759643,Unmatched,Intersection,28615.0,3RD AVE W AND W ROY ST,,,0,Unknown,,0,0,0,0,0,0,0,2012-01-01T00:00:00.000Z,1/1/2012,At Intersection (intersection related),14.0,"MOTOR VEHICLE STRUCK MOTOR VEHICLE, REAR END",,,,,,,12001025.0,,,,0,0,N,646.2360748477637,438
72331,-122.33420643973776,47.5678488032113,72332,87432,87432,2797879,Matched,Block,,1ST AVE S BETWEEN S ANDOVER ST AND S DAKOTA ST,,,2,Injury Collision,Rear Ended,4,0,0,2,1,0,0,2008-08-21T00:00:00.000Z,8/21/2008 8:00:00 AM,Mid-Block (not related to intersection),14.0,"MOTOR VEHICLE STRUCK MOTOR VEHICLE, REAR END",Y,0,Clear or Partly Cloudy,Dry,Daylight,,8234003.0,,14,From same direction - both going straight - one stopped - rear-end,0,0,N,1398.91602299404,512
169805,-122.33702591233879,47.55344007501255,170806,217601,217881,3735531,Matched,Intersection,33036.0,EAST MARGINAL WAY S AND S LUCILE ST, ,,1,Property Damage Only Collision,Left Turn,2,0,0,2,0,0,0,2016-04-15T00:00:00.000Z,4/15/2016 5:48:00 AM,At Intersection (intersection related),11.0,"MOTOR VEHICLE STRUCK MOTOR VEHICLE, FRONT END AT ANGLE",Y,N,Clear or Partly Cloudy,Dry,Daylight,,,,28,From opposite direction - one left turn - one straight,0,0,N,1106.3441421199886,202
58751,-122.31260424157476,47.62434590064346,58752,73213,73213,2615341,Matched,Block,,15TH AVE E BETWEEN E MERCER S ST AND E MERCER N ST,,,2,Injury Collision,Rear Ended,2,0,0,2,2,0,0,2007-05-24T00:00:00.000Z,5/24/2007 9:28:00 AM,Mid-Block (but intersection related),14.0,"MOTOR VEHICLE STRUCK MOTOR VEHICLE, REAR END",Y,0,Clear or Partly Cloudy,Dry,Daylight,,7144008.0,,14,From same direction - both going straight - one stopped - rear-end,0,0,N,76.43304071684197,537
89815,-122.32076121797354,47.612109989989754,89816,104058,104058,2899186,Matched,Block,,BROADWAY BETWEEN HARVARD AVE AND E UNION ST,,,1,Property Damage Only Collision,Parked Car,2,0,0,2,0,0,0,2009-09-01T00:00:00.000Z,9/1/2009,Mid-Block (not related to intersection),16.0,"MOTOR VEHICLE STRUCK MOTOR VEHICLE, LEFT SIDE SIDESWIPE",,0,Overcast,Dry,Daylight,,9244013.0,,32,One parked--one moving,0,0,N,343.90846233323447,762
24353,-122.33322759652599,47.65559865015768,24354,38237,38237,2025130,Matched,Block,,N 40TH ST BETWEEN MERIDIAN AVE N AND BAGLEY AVE N,,,1,Property Damage Only Collision,Rear Ended,2,0,0,2,0,0,0,2005-12-02T00:00:00.000Z,12/2/2005,Mid-Block (but intersection related),14.0,"MOTOR VEHICLE STRUCK MOTOR VEHICLE, REAR END",,0,Raining,Wet,Dark - Street Lights On,,5336022.0,,13,From same direction - both going straight - both moving - rear-end,0,0,N,136.4519662677762,376
78328,-122.34423436144607,47.63058644204207,79329,93952,93952,2826673,Matched,Block,,COMSTOCK ST BETWEEN 6TH AVE N AND AURORA AVE N,,,1,Property Damage Only Collision,Parked Car,2,0,0,2,0,0,0,2009-04-29T00:00:00.000Z,4/29/2009 10:37:00 PM,Mid-Block (not related to intersection),16.0,"MOTOR VEHICLE STRUCK MOTOR VEHICLE, LEFT SIDE SIDESWIPE",,0,Clear or Partly Cloudy,Dry,Dark - Street Lights On,,9119034.0,,32,One parked--one moving,0,0,N,108.8781376954371,77
7674,-122.3838887398814,47.58117585662971,7675,21118,21118,1798493,Matched,Intersection,31064.0,41ST AVE SW AND SW ADMIRAL WAY,,,2,Injury Collision,Angles,3,0,0,2,3,0,0,2004-11-06T00:00:00.000Z,11/6/2004,At Intersection (intersection related),11.0,"MOTOR VEHICLE STRUCK MOTOR VEHICLE, FRONT END AT ANGLE",,0,Raining,Wet,Dark - Street Lights On,,4311016.0,,10,Entering at angle,0,0,N,221.71768780590784,180
64716,-122.3062145564623,47.554155941889135,64717,77982,77982,2797252,Matched,Intersection,33347.0,21ST AVE S AND S BRANDON ST,,,2,Injury Collision,Angles,4,0,0,2,1,0,0,2007-10-30T00:00:00.000Z,10/30/2007 6:35:00 PM,At Intersection (intersection related),11.0,"MOTOR VEHICLE STRUCK MOTOR VEHICLE, FRONT END AT ANGLE",,0,Clear or Partly Cloudy,Dry,Dark - Street Lights On,,7303007.0,,10,Entering at angle,0,0,N,348.93884029789814,525
133837,-122.3814562157215,47.56110746698443,133838,150021,150041,C778124,Unmatched,Intersection,31920.0,FAUNTLEROY WAY SW AND SW ALASKA ST, ,,0,Unknown,,0,0,0,0,0,0,0,2013-05-22T00:00:00.000Z,5/22/2013,At Intersection (intersection related),11.0,"MOTOR VEHICLE STRUCK MOTOR VEHICLE, FRONT END AT ANGLE",,,,,,,,, ,,0,0,N,410.3217474450867,597
98130,-122.32273033629738,47.570706003457346,98131,113296,113296,3211230,Matched,Intersection,32250.0,AIRPORT WAY S AND S COURT ST,,,1,Property Damage Only Collision,Angles,2,0,0,2,0,0,0,2010-02-01T00:00:00.000Z,2/1/2010 4:22:00 PM,At Intersection (intersection related),11.0,"MOTOR VEHICLE STRUCK MOTOR VEHICLE, FRONT END AT ANGLE",,N,Raining,Wet,Daylight,,10032009.0,,10,Entering at angle,0,0,N,772.5266387821566,178
183459,-122.32031135827471,47.65946149555048,183460,239386,239826,3748216,Matched,Block,,NE 43RD ST BETWEEN 7TH AVE NE AND 8TH AVE NE, ,,2,Injury Collision,Pedestrian,3,1,0,1,1,0,0,2017-04-19T00:00:00.000Z,4/19/2017 10:02:00 PM,Mid-Block (not related to intersection),24.0,MOTOR VEHCILE STRUCK PEDESTRIAN,Y,N,Raining,Wet,Dark - Street Lights On,,,,0,Vehicle going straight hits pedestrian,0,0,N,288.28554536281223,1018
203017,-122.28941844267072,47.55482282375821,202828,303278,304518,3810821,Matched,Block,,35TH AVE S BETWEEN S DAWSON ST AND M L KING JR ER WAY S, ,,1,Property Damage Only Collision,Parked Car,2,0,0,2,0,0,0,2018-09-20T00:00:00.000Z,9/20/2018 11:40:00 AM,Mid-Block (not related to intersection),11.0,"MOTOR VEHICLE STRUCK MOTOR VEHICLE, FRONT END AT ANGLE",,Y,Clear or Partly Cloudy,Dry,Daylight,,,,32,One parked--one moving,0,0,N,221.28251386336672,261
119162,-122.32871169834942,47.61492109106138,120163,135935,135935,3645085,Matched,Intersection,29864.0,MINOR AVE AND PINE ST,,,1,Property Damage Only Collision,Other,2,0,0,2,0,0,0,2012-11-30T00:00:00.000Z,11/30/2012 7:55:00 PM,At Intersection (intersection related),0.0,NOT ENOUGH INFORMATION / NOT APPLICABLE,,N,Unknown,Unknown,Unknown,,12335046.0,,23,From same direction - all others,0,0,N,257.7952637199104,185
9599,-122.31358783488392,47.668551595885226,9600,23832,23832,1179495,Unmatched,Block,,NE 55TH ST BETWEEN BROOKLYN AVE NE AND UNIVERSITY WAY NE,,,0,Unknown,,0,0,0,0,0,0,0,2004-09-15T00:00:00.000Z,9/15/2004,Mid-Block (not related to intersection),11.0,"MOTOR VEHICLE STRUCK MOTOR VEHICLE, FRONT END AT ANGLE",,,,,,,4259025.0,,,,0,0,N,155.36514118280948,725
186320,-122.3278184467782,47.6072310070584,185321,243019,243499,E684411,Matched,Intersection,29937.0,8TH AVE AND MARION ST, ,,2,Injury Collision,Left Turn,3,0,0,2,1,0,0,2017-06-23T00:00:00.000Z,6/23/2017 11:50:00 AM,At Intersection (intersection related),11.0,"MOTOR VEHICLE STRUCK MOTOR VEHICLE, FRONT END AT ANGLE",,N,Clear or Partly Cloudy,Dry,Daylight,,,,28,From opposite direction - one left turn - one straight,0,0,N,434.787469311218,762
18088,-122.3208822586121,47.620490441063716,18089,31645,31645,1772241,Matched,Block,,BROADWAY E BETWEEN E OLIVE WAY AND E THOMAS ST,,,1,Property Damage Only Collision,Parked Car,3,0,0,2,0,0,0,2004-04-29T00:00:00.000Z,4/29/2004 2:00:00 AM,Mid-Block (not related to intersection),14.0,"MOTOR VEHICLE STRUCK MOTOR VEHICLE, REAR END",,0,Clear or Partly Cloudy,Dry,Dark - Street Lights On,,4120003.0,,32,One parked--one moving,0,0,N,119.52166239884417,957
88457,-122.31191982429527,47.67437189731483,88458,103427,103427,C719953,Matched,Block,,15TH AVE NE BETWEEN NE 62ND ST AND NE 63RD ST,,,1,Property Damage Only Collision,Rear Ended,2,0,0,2,0,0,0,2009-04-12T00:00:00.000Z,4/12/2009 1:15:00 PM,Mid-Block (but intersection related),14.0,"MOTOR VEHICLE STRUCK MOTOR VEHICLE, REAR END",,0,Raining,Wet,Daylight,,9102031.0,,14,From same direction - both going straight - one stopped - rear-end,0,0,N,183.1331345056792,853