,X,Y,OBJECTID,INCKEY,COLDETKEY,REPORTNO,STATUS,ADDRTYPE,INTKEY,LOCATION,EXCEPTRSNCODE,EXCEPTRSNDESC,SEVERITYCODE,SEVERITYDESC,COLLISIONTYPE,PERSONCOUNT,PEDCOUNT,PEDCYLCOUNT,VEHCOUNT,INJURIES,SERIOUSINJURIES,FATALITIES,INCDATE,INCDTTM,JUNCTIONTYPE,SDOT_COLCODE,SDOT_COLDESC,INATTENTIONIND,UNDERINFL,WEATHER,ROADCOND,LIGHTCOND,PEDROWNOTGRNT,SDOTCOLNUM,SPEEDING,ST_COLCODE,ST_COLDESC,SEGLANEKEY,CROSSWALKKEY,HITPARKEDCAR,CLOSEST_CIRCLE_DIST,CLOSEST_CIRCLE_INDEX
48170,-122.31728076581378,47.59268800139508,48171,62449,62449,2622830,Matched,Block,,12TH AVE S BETWEEN S CHARLES S ST AND S JUDKINS ST,,,1,Property Damage Only Collision,Rear Ended,4,0,0,2,0,0,0,2006-09-09T00:00:00.000Z,9/9/2006,Mid-Block (not related to intersection),14.0,"MOTOR VEHICLE STRUCK MOTOR VEHICLE, REAR END",,0,Clear or Partly Cloudy,Dry,Dawn,,6252021.0,,14,From same direction - both going straight - one stopped - rear-end,0,0,N,388.9032221083707,900
108921,-122.37062601142335,47.571367799913844,108922,124449,124449,3288303,Matched,Intersection,32115.0,SW AVALON WAY AND SW SPOKANE SR ST,,,1,Property Damage Only Collision,Left Turn,2,0,0,2,0,0,0,2011-05-20T00:00:00.000Z,5/20/2011 5:20:00 PM,At Intersection (intersection related),11.0,"MOTOR VEHICLE STRUCK MOTOR VEHICLE, FRONT END AT ANGLE",,N,Clear or Partly Cloudy,Dry,Daylight,,11140015.0,,28,From opposite direction - one left turn - one straight,0,0,N,523.4505920904531,252
49321,-122.34240185261628,47.618550164551785,49322,63778,63778,1933481,Matched,Intersection,29515.0,DENNY WAY AND DEXTER AVE,,,2,Injury Collision,Left Turn,3,0,0,2,1,0,0,2006-04-02T00:00:00.000Z,4/2/2006,At Intersection (intersection related),11.0,"MOTOR VEHICLE STRUCK MOTOR VEHICLE, FRONT END AT ANGLE",,0,Clear or Partly Cloudy,Dry,Dark - Street Lights On,,6092020.0,,28,From opposite direction - one left turn - one straight,0,0,N,1039.9348396576154,422
6087,-122.29228074438812,47.72919974016953,6088,19471,19471,1782245,Matched,Block,,LAKE CITY WAY NE BETWEEN NE 137TH ST AND NE 140TH ST,,,2,Injury Collision,Rear Ended,2,0,0,2,1,0,0,2004-07-15T00:00:00.000Z,7/15/2004 6:20:00 PM,Mid-Block (not related to intersection),14.0,"MOTOR VEHICLE STRUCK MOTOR VEHICLE, REAR END",Y,0,Clear or Partly Cloudy,Dry,Daylight,,4197010.0,,14,From same direction - both going straight - one stopped - rear-end,0,0,N,138.87772363017407,874
11248,-122.30905805927205,47.57456877575026,11249,25068,25068,1793377,Matched,Block,,BEACON AVE S BETWEEN S HANFORD ST AND S HORTON ST,,,2,Injury Collision,Cycles,2,0,1,1,1,0,0,2004-08-26T00:00:00.000Z,8/26/2004 7:19:00 PM,Mid-Block (not related to intersection),18.0,"MOTOR VEHICLE STRUCK PEDALCYCLIST, FRONT END AT ANGLE",,0,Overcast,Dry,Dusk,,4239005.0,,45,Vehicle - Pedalcyclist,0,0,N,168.86877031825242,783
86222,-122.3280785780535,47.60416123456064,87223,101202,101202,2797885,Matched,Intersection,29973.0,6TH AVE AND JAMES ST,,,2b,Serious Injury Collision,Left Turn,3,0,0,2,3,1,0,2009-05-11T00:00:00.000Z,5/11/2009 12:48:00 PM,At Intersection (intersection related),11.0,"MOTOR VEHICLE STRUCK MOTOR VEHICLE, FRONT END AT ANGLE",,0,Clear or Partly Cloudy,Dry,Daylight,,9131027.0,,28,From opposite direction - one left turn - one straight,0,0,N,751.3095467064553,762
71210,-122.31276631227426,47.687101729820796,70211,84663,84663,C700007,Matched,Block,,LAKE CITY WAY NE BETWEEN NE 80TH ST AND 15TH AVE NE,,,1,Property Damage Only Collision,Right Turn,2,0,0,2,0,0,0,2008-02-16T00:00:00.000Z,2/16/2008 11:50:00 AM,Mid-Block (but intersection related),14.0,"MOTOR VEHICLE STRUCK MOTOR VEHICLE, REAR END",,0,Clear or Partly Cloudy,Dry,Daylight,,8047039.0,,16,From same direction - one right turn - one straight,0,0,N,227.28829109571106,383
85672,-122.32191685069401,47.5958313572194,85673,100015,100015,3326837,Matched,Block,,S DEARBORN ST BETWEEN 8TH AVE S AND DEARBORN OFF RP,,,2,Injury Collision,Rear Ended,8,0,0,3,1,0,0,2009-08-12T00:00:00.000Z,8/12/2009 3:05:00 PM,Mid-Block (but intersection related),14.0,"MOTOR VEHICLE STRUCK MOTOR VEHICLE, REAR END",,0,Clear or Partly Cloudy,Dry,Daylight,,9224003.0,,14,From same direction - both going straight - one stopped - rear-end,0,0,N,798.6830147552566,956
122449,-122.29685103830299,47.57504772492688,123450,139836,139836,3608102,Matched,Intersection,31504.0,M L KING JR WR WAY S AND S HANFORD N ST, ,,2,Injury Collision,Other,3,0,0,3,1,0,0,2012-01-15T00:00:00.000Z,1/15/2012 9:40:00 AM,At Intersection (intersection related),11.0,"MOTOR VEHICLE STRUCK MOTOR VEHICLE, FRONT END AT ANGLE",,N,Snowing,Snow/Slush,Daylight,,12015010.0,Y,23,From same direction - all others,0,0,N,255.70315648653076,977
153742,-122.31177437748005,47.59083497048832,153743,186982,187062,3730078,Matched,Block,,STURGUS AVE S BETWEEN S JUDKINS ST AND S ATLANTIC ST, ,,1,Property Damage Only Collision,Parked Car,3,0,0,3,0,0,0,2015-03-06T00:00:00.000Z,3/6/2015 9:24:00 AM,Mid-Block (not related to intersection),14.0,"MOTOR VEHICLE STRUCK MOTOR VEHICLE, REAR END",Y,N,Clear or Partly Cloudy,Dry,Daylight,,,,32,One parked--one moving,0,0,N,96.53784647355378,900
5803,-122.33400021024799,47.54768957328204,5804,19533,19533,1781390,Matched,Block,,EAST MARGINAL WAY S BETWEEN 1ST AV S BR SB AND 1ST AV S BR NB,,,1,Property Damage Only Collision,Rear Ended,3,0,0,2,0,0,0,2004-08-20T00:00:00.000Z,8/20/2004 9:39:00 AM,Mid-Block (but intersection related),14.0,"MOTOR VEHICLE STRUCK MOTOR VEHICLE, REAR END",Y,0,Clear or Partly Cloudy,Dry,Daylight,,4233003.0,,14,From same direction - both going straight - one stopped - rear-end,0,0,N,885.3574380400844,202
192993,-122.31858113534015,47.54502796680765,192994,253053,253687,E732849,Matched,Block,,ELLIS AVE S BETWEEN S ALBRO PL AND S ELIZABETH ST, ,,1,Property Damage Only Collision,Parked Car,2,0,0,2,0,0,0,2017-11-08T00:00:00.000Z,11/8/2017 7:39:00 AM,Mid-Block (not related to intersection),14.0,"MOTOR VEHICLE STRUCK MOTOR VEHICLE, REAR END",,N,Clear or Partly Cloudy,Dry,Dark - No Street Lights,,,,32,One parked--one moving,0,0,N,149.90430434749734,574
58357,-122.34813494571009,47.62029053501274,58358,72570,72570,2793629,Matched,Block,,BROAD ST BETWEEN 4TH AVE N AND 5TH AVE N,,,1,Property Damage Only Collision,Rear Ended,2,0,0,2,0,0,0,2007-01-30T00:00:00.000Z,1/30/2007 3:49:00 PM,Mid-Block (but intersection related),14.0,"MOTOR VEHICLE STRUCK MOTOR VEHICLE, REAR END",,0,Clear or Partly Cloudy,Dry,Daylight,,7030013.0,Y,14,From same direction - both going straight - one stopped - rear-end,0,0,N,684.4149461207696,422
103193,-122.31551840644484,47.54669470846282,103194,116354,116354,3335786,Matched,Block,,S ALBRO PL BETWEEN 13TH AVE S AND STANLEY AVE S,,,1,Property Damage Only Collision,Rear Ended,2,0,0,2,0,0,0,2010-05-06T00:00:00.000Z,5/6/2010 12:35:00 PM,Mid-Block (but intersection related),14.0,"MOTOR VEHICLE STRUCK MOTOR VEHICLE, REAR END",,N,Clear or Partly Cloudy,Dry,Daylight,,10126011.0,,14,From same direction - both going straight - one stopped - rear-end,0,0,N,399.0999836499528,399
51766,-122.26877602502691,47.536980541602965,51767,65708,65708,2616123,Matched,Block,,S OTHELLO ST BETWEEN RAINIER AVE S AND SEWARD PARK AVE S,,,1,Property Damage Only Collision,Parked Car,2,0,0,2,0,0,0,2007-05-10T00:00:00.000Z,5/10/2007 10:30:00 AM,Mid-Block (not related to intersection),11.0,"MOTOR VEHICLE STRUCK MOTOR VEHICLE, FRONT END AT ANGLE",,0,Clear or Partly Cloudy,Dry,Daylight,,7130009.0,,32,One parked--one moving,0,0,N,299.49623022844503,794
11735,-122.35487069062465,47.64848444097585,11736,26022,26022,C649669,Matched,Block,,NICKERSON ST BETWEEN DRAVUS ST AND WARREN AVE N,,,2,Injury Collision,Rear Ended,2,0,0,2,1,0,0,2004-12-07T00:00:00.000Z,12/7/2004,Mid-Block (but intersection related),14.0,"MOTOR VEHICLE STRUCK MOTOR VEHICLE, REAR END",,0,Raining,Wet,Dark - Street Lights On,,4342057.0,,14,From same direction - both going straight - one stopped - rear-end,0,0,N,212.0701286081,217
135374,-122.35537701049714,47.697838599351385,136375,152209,152229,3374991,Matched,Intersection,37418.0,GREENWOOD AVE N AND N 95TH ST, ,,2,Injury Collision,Angles,6,0,0,2,1,0,0,2010-07-11T00:00:00.000Z,7/11/2010 12:46:00 PM,At Intersection (intersection related),11.0,"MOTOR VEHICLE STRUCK MOTOR VEHICLE, FRONT END AT ANGLE",,N,Clear or Partly Cloudy,Dry,Daylight,,,,10,Entering at angle,0,0,N,100.9405166599118,617
71898,-122.32087289209669,47.61990774686424,70899,85107,85107,2897855,Matched,Intersection,29052.0,BROADWAY E AND E OLIVE WAY, ,,2,Injury Collision,Pedestrian,2,1,0,1,1,0,0,2008-03-16T00:00:00.000Z,3/16/2008 3:16:00 AM,At Intersection (intersection related),24.0,MOTOR VEHCILE STRUCK PEDESTRIAN,,0,Raining,Wet,Dark - Street Lights On,Y,8076007.0,,0,Vehicle going straight hits pedestrian,0,522264,N,164.07851585112746,957
157686,-122.30223491855733,47.59980257696818,157687,193431,193511,3707197,Matched,Block,,23RD AVE S BETWEEN S MAIN ST AND S JACKSON ST, ,,1,Property Damage Only Collision,Sideswipe,3,0,0,3,0,0,0,2015-05-19T00:00:00.000Z,5/19/2015 8:29:00 AM,Mid-Block (but intersection related),11.0,"MOTOR VEHICLE STRUCK MOTOR VEHICLE, FRONT END AT ANGLE",,N,Clear or Partly Cloudy,Dry,Daylight,,,,11,From same direction - both going straight - both moving - sideswipe,0,0,N,206.46454975711677,358
176487,-122.36087725545349,47.65082920711631,174488,225881,226221,3740274,Matched,Intersection,26688.0,3RD AVE W AND W NICKERSON ST, ,,1,Property Damage Only Collision,Other,1,0,0,1,0,0,0,2016-08-09T00:00:00.000Z,8/9/2016 11:59:00 PM,At Intersection (intersection related),28.0,MOTOR VEHICLE RAN OFF ROAD - HIT FIXED OBJECT,,Y,Clear or Partly Cloudy,Dry,Dark - Street Lights On,,,,50,Fixed object,0,0,N,340.3184687431076,217
119567,-122.34231499099329,47.62844571671958,120568,135966,135966,3505647,Matched,Block,,DEXTER AVE N BETWEEN WARD ST AND PROSPECT ST,,,2,Injury Collision,Cycles,2,0,1,1,1,0,0,2012-08-23T00:00:00.000Z,8/23/2012 8:35:00 AM,Mid-Block (not related to intersection),54.0,PEDALCYCLIST STRUCK MOTOR VEHICLE REAR END,,N,Clear or Partly Cloudy,Dry,Daylight,,12236010.0,,45,Vehicle - Pedalcyclist,12788,0,N,202.48321886203755,272
105445,-122.33771402763568,47.60407651172592,105446,118985,118985,3561388,Matched,Block,,MADISON ST BETWEEN ALASKAN E RDWY WAY AND WESTERN AVE,,,1,Property Damage Only Collision,Right Turn,3,0,0,2,0,0,0,2011-09-14T00:00:00.000Z,9/14/2011 7:19:00 AM,Driveway Junction,11.0,"MOTOR VEHICLE STRUCK MOTOR VEHICLE, FRONT END AT ANGLE",,N,Overcast,Dry,Daylight,,11257016.0,,16,From same direction - one right turn - one straight,0,0,N,1213.6164118272482,762
31734,-122.29839266248949,47.601659537084636,32735,46781,46781,1216948,Matched,Block,,E YESLER WAY BETWEEN 26TH AVE AND 27TH AVE,,,1,Property Damage Only Collision,Parked Car,2,0,0,2,0,0,0,2005-01-14T00:00:00.000Z,1/14/2005 5:00:00 PM,Mid-Block (not related to intersection),14.0,"MOTOR VEHICLE STRUCK MOTOR VEHICLE, REAR END",,0,Clear or Partly Cloudy,Dry,Daylight,,5014026.0,,32,One parked--one moving,0,0,N,97.09424624576461,902
23875,-122.31347635895256,47.56628349594798,23876,37868,37868,1797438,Matched,Block,,15TH AVE S BETWEEN S DAKOTA ST AND S NEVADA ST,,,2,Injury Collision,Rear Ended,3,0,0,2,1,0,0,2005-06-20T00:00:00.000Z,6/20/2005 9:53:00 AM,Mid-Block (but intersection related),14.0,"MOTOR VEHICLE STRUCK MOTOR VEHICLE, REAR END",,0,Clear or Partly Cloudy,Dry,Daylight,,5171025.0,,14,From same direction - both going straight - one stopped - rear-end,0,0,N,218.00361909483266,512
116161,-122.33574158212132,47.690495540089216,116162,130740,130740,3568742,Matched,Block,,N 85TH ST BETWEEN WALLINGFORD AVE N AND BURKE AVE N,,,1,Property Damage Only Collision,Rear Ended,2,0,0,2,0,0,0,2011-06-08T00:00:00.000Z,6/8/2011 5:38:00 PM,Mid-Block (not related to intersection),14.0,"MOTOR VEHICLE STRUCK MOTOR VEHICLE, REAR END",,N,Clear or Partly Cloudy,Dry,Daylight,,11159015.0,,14,From same direction - both going straight - one stopped - rear-end,0,0,N,282.158358418909,879
24501,-122.38547329525265,47.555682197033704,24502,38677,38677,1790316,Matched,Intersection,32787.0,42ND AVE SW AND SW DAWSON ST,,,1,Property Damage Only Collision,Other,1,0,0,1,0,0,0,2005-02-12T00:00:00.000Z,2/12/2005 3:16:00 AM,At Intersection (intersection related),26.0,MOTOR VEHICLE STRUCK OBJECT IN ROAD,Y,0,Clear or Partly Cloudy,Dry,Dark - Street Lights On,,5043001.0,,50,Fixed object,0,0,N,0.0,833
18801,-122.33131365385418,47.70864592480071,18802,33029,33029,2192976,Matched,Intersection,36585.0,CORLISS AVE N AND N NORTHGATE WAY,,,1,Property Damage Only Collision,Rear Ended,3,0,0,2,0,0,0,2005-12-22T00:00:00.000Z,12/22/2005 12:25:00 PM,Ramp Junction,14.0,"MOTOR VEHICLE STRUCK MOTOR VEHICLE, REAR END",,0,Overcast,Wet,Daylight,,5356002.0,,74,Same direction -- both turning right -- one stopped -- rear end,0,0,N,403.7078311797319,265
39937,-122.30565008056816,47.69529465970659,38938,53348,53348,2178707,Matched,Block,,LAKE CITY WAY NE BETWEEN NE 91ST ST AND NE 92ND ST,,,1,Property Damage Only Collision,Parked Car,2,0,0,2,0,0,0,2006-02-28T00:00:00.000Z,2/28/2006 11:02:00 AM,Mid-Block (not related to intersection),13.0,"MOTOR VEHICLE STRUCK MOTOR VEHICLE, LEFT SIDE AT ANGLE",,0,Raining,Wet,Daylight,,6059003.0,,32,One parked--one moving,0,0,N,312.8767772013571,57
192198,-122.29688931864996,47.545319734256346,192199,253637,254277,E733045,Matched,Intersection,34289.0,28TH AVE S AND S EDDY ST, ,,2,Injury Collision,Cycles,2,0,1,1,1,0,0,2017-11-03T00:00:00.000Z,11/3/2017 8:20:00 AM,At Intersection (intersection related),18.0,"MOTOR VEHICLE STRUCK PEDALCYCLIST, FRONT END AT ANGLE",Y,N,Overcast,Wet,Daylight,,,,45,Vehicle - Pedalcyclist,0,0,N,0.0,14
99127,-122.34140593782853,47.6613854420301,99128,115548,115548,3559210,Matched,Block,,N 45TH ST BETWEEN STONE WAY N AND INTERLAKE AVE N,,,2,Injury Collision,Cycles,3,0,1,1,1,0,0,2010-08-13T00:00:00.000Z,8/13/2010 5:27:00 PM,Mid-Block (not related to intersection),51.0,PEDALCYCLIST STRUCK MOTOR VEHICLE FRONT END AT ANGLE,,N,Clear or Partly Cloudy,Dry,Daylight,,10225022.0,,45,Vehicle - Pedalcyclist,6445,0,N,99.79810359085833,630
144348,-122.33739360436388,47.61266534728218,142349,162779,162799,3573077,Matched,Intersection,29567.0,5TH AVE AND OLIVE WAY, ,,1,Property Damage Only Collision,Left Turn,2,0,0,2,0,0,0,2014-02-22T00:00:00.000Z,2/22/2014 9:41:00 AM,At Intersection (intersection related),11.0,"MOTOR VEHICLE STRUCK MOTOR VEHICLE, FRONT END AT ANGLE",,N,Raining,Wet,Daylight,,,,15,From same direction - one left turn - one straight,0,0,N,790.7799930751246,185
40067,-122.33479292354076,47.54919188323864,39068,53227,53227,2625462,Matched,Block,,EAST MARGINAL WAY S BETWEEN S FIDALGO ST AND 1ST AVE S,,,1,Property Damage Only Collision,Other,2,0,0,2,0,0,0,2006-11-08T00:00:00.000Z,11/8/2006,Driveway Junction,11.0,"MOTOR VEHICLE STRUCK MOTOR VEHICLE, FRONT END AT ANGLE",,0,Clear or Partly Cloudy,Dry,Dark - Street Lights On,,6312010.0,,22,One car leaving driveway access,0,0,N,900.1398672065048,202
133615,-122.28213653778259,47.554709542142604,133616,148816,148836,3579578,Matched,Block,,RAINIER AVE S BETWEEN 39TH S AVE S AND 42ND AVE S, ,,2,Injury Collision,Angles,5,0,0,2,3,0,0,2013-06-20T00:00:00.000Z,6/20/2013 3:45:00 PM,Driveway Junction,11.0,"MOTOR VEHICLE STRUCK MOTOR VEHICLE, FRONT END AT ANGLE",,N,Raining,Wet,Daylight,,,,10,Entering at angle,0,0,N,175.66273773666396,1006
39373,-122.28390740330299,47.717369015962156,38374,52549,52549,2178657,Matched,Intersection,36802.0,SAND POINT WAY NE AND NE 123RD ST,,,1,Property Damage Only Collision,Angles,2,0,0,2,0,0,0,2006-02-16T00:00:00.000Z,2/16/2006 2:15:00 PM,At Intersection (intersection related),11.0,"MOTOR VEHICLE STRUCK MOTOR VEHICLE, FRONT END AT ANGLE",,0,Clear or Partly Cloudy,Dry,Daylight,,6047015.0,,10,Entering at angle,0,0,N,226.56878950776752,839
118945,-122.31296557387152,47.57163047429316,118946,134151,134151,3617571,Matched,Block,,S SPOKANE ST BETWEEN 15TH AVE S AND 16TH AVE S,,,1,Property Damage Only Collision,Sideswipe,3,0,0,2,0,0,0,2012-08-15T00:00:00.000Z,8/15/2012 12:47:00 PM,Mid-Block (not related to intersection),11.0,"MOTOR VEHICLE STRUCK MOTOR VEHICLE, FRONT END AT ANGLE",,N,Clear or Partly Cloudy,Dry,Daylight,,12228031.0,,11,From same direction - both going straight - both moving - sideswipe,0,0,N,302.1517712609265,783
115029,-122.35508025438122,47.525164399396466,115030,129837,129837,C756216,Unmatched,Block,,16TH AVE SW BETWEEN SW DONOVAN ST AND SW TRENTON ST,,,0,Unknown,,0,0,0,0,0,0,0,2011-09-27T00:00:00.000Z,9/27/2011,,0.0,NOT ENOUGH INFORMATION / NOT APPLICABLE,,,,,,,11270036.0,,,,0,0,N,113.79914974046139,944
115697,-122.305539413888,47.58807595067961,115698,131558,131558,3617566,Matched,Block,,RAINIER AVE S BETWEEN S MASSACHUSETTS ST AND S STATE ST,,,1,Property Damage Only Collision,Rear Ended,3,0,0,3,0,0,0,2012-08-02T00:00:00.000Z,8/2/2012 8:29:00 AM,Mid-Block (not related to intersection),14.0,"MOTOR VEHICLE STRUCK MOTOR VEHICLE, REAR END",,N,Clear or Partly Cloudy,Dry,Daylight,,12215019.0,,14,From same direction - both going straight - one stopped - rear-end,0,0,N,274.7574693945015,142
138416,-122.37734278448302,47.69060745290326,138417,155390,155410,3582433,Matched,Block,,NW 85TH ST BETWEEN 15TH AVE NW AND 16TH AVE NW, ,,1,Property Damage Only Collision,Other,1,0,0,1,0,0,0,2013-10-08T00:00:00.000Z,10/8/2013 11:40:00 AM,Mid-Block (not related to intersection),28.0,MOTOR VEHICLE RAN OFF ROAD - HIT FIXED OBJECT,,N,Overcast,Wet,Daylight,,,Y,50,Fixed object,0,0,N,206.35747749351137,553
11986,-122.33917357123379,47.61372706928747,11987,25963,25963,1182066,Matched,Intersection,29549.0,5TH AVE AND VIRGINIA ST,,,1,Property Damage Only Collision,Sideswipe,6,0,0,2,0,0,0,2004-04-10T00:00:00.000Z,4/10/2004 9:53:00 PM,At Intersection (intersection related),16.0,"MOTOR VEHICLE STRUCK MOTOR VEHICLE, LEFT SIDE SIDESWIPE",,0,Clear or Partly Cloudy,Dry,Dark - Street Lights On,,4101032.0,,11,From same direction - both going straight - both moving - sideswipe,0,0,N,927.8546448033271,185
22952,-122.325436781559,47.67590414477197,22953,36952,36952,1794544,Matched,Intersection,24605.0,LATONA AVE NE AND NE 65TH E ST,,,2,Injury Collision,Pedestrian,2,1,0,1,1,0,0,2005-04-08T00:00:00.000Z,4/8/2005,At Intersection (intersection related),24.0,MOTOR VEHCILE STRUCK PEDESTRIAN,,0,Clear or Partly Cloudy,Dry,Daylight,Y,5098048.0,,2,Vehicle turning left hits pedestrian,0,0,N,220.80073617261965,1036
63196,-122.32343794018259,47.61636353933484,63197,78669,78669,2621128,Matched,Intersection,29733.0,BOYLSTON AVE AND E OLIVE ST,,,1,Property Damage Only Collision,Angles,2,0,0,2,0,0,0,2007-03-03T00:00:00.000Z,3/3/2007,At Intersection (intersection related),11.0,"MOTOR VEHICLE STRUCK MOTOR VEHICLE, FRONT END AT ANGLE",,0,Overcast,Dry,Daylight,,7062027.0,,10,Entering at angle,0,0,N,132.40542899146516,107
201414,-122.31345069942208,47.556383432522495,201225,304264,305504,E830647,Matched,Intersection,33332.0,15TH AVE S AND S PEARL ST, ,,1,Property Damage Only Collision,Angles,2,0,0,2,0,0,0,2018-03-08T00:00:00.000Z,3/8/2018 5:42:00 PM,At Intersection (intersection related),14.0,"MOTOR VEHICLE STRUCK MOTOR VEHICLE, REAR END",,N,Clear or Partly Cloudy,Wet,Daylight,,,,10,Entering at angle,0,0,N,236.78198370097607,327
84877,-122.38719884139469,47.546359812530746,84878,100654,100654,2796464,Matched,Block,,CALIFORNIA AVE SW BETWEEN SW GRAHAM ST AND SW EDDY ST,,,2,Injury Collision,Cycles,3,0,1,2,1,0,0,2009-08-21T00:00:00.000Z,8/21/2009 7:23:00 PM,Driveway Junction,54.0,PEDALCYCLIST STRUCK MOTOR VEHICLE REAR END,,0,Clear or Partly Cloudy,Dry,Daylight,,9233004.0,,45,Vehicle - Pedalcyclist,2758,0,N,261.1774163892587,183
76280,-122.34288718712172,47.6185521633366,76281,92026,92026,3288904,Matched,Block,,DENNY WAY BETWEEN AURORA NB AVE N AND DEXTER AVE,,,2,Injury Collision,Other,2,1,0,1,1,0,0,2008-12-10T00:00:00.000Z,12/10/2008 5:43:00 PM,Mid-Block (not related to intersection),28.0,MOTOR VEHICLE RAN OFF ROAD - HIT FIXED OBJECT,,0,Overcast,Dry,Dark - Street Lights On,,8345025.0,,50,Fixed object,0,0,N,1019.7158655678355,422
123372,-122.39187887041494,47.632315717054645,122373,137786,137786,3546283,Matched,Intersection,27754.0,THORNDYKE AVE W AND W GALER ST,,,1,Property Damage Only Collision,Angles,2,0,0,2,0,0,0,2012-08-29T00:00:00.000Z,8/29/2012 7:50:00 AM,At Intersection (intersection related),11.0,"MOTOR VEHICLE STRUCK MOTOR VEHICLE, FRONT END AT ANGLE",,N,Clear or Partly Cloudy,Dry,Daylight,,12242002.0,,10,Entering at angle,0,0,N,1022.9639138548805,690
164031,-122.30423939955556,47.58633027591871,164032,204449,204589,E469134,Matched,Intersection,31544.0,RAINIER AVE S AND S HOLGATE ST, ,,1,Property Damage Only Collision,Sideswipe,0,0,0,3,0,0,0,2015-10-07T00:00:00.000Z,10/7/2015 4:13:00 PM,At Intersection (intersection related),11.0,"MOTOR VEHICLE STRUCK MOTOR VEHICLE, FRONT END AT ANGLE",,N,Overcast,Wet,Daylight,,,,11,From same direction - both going straight - both moving - sideswipe,0,0,N,293.71980078213426,142
94319,-122.3326553754476,47.708654515714905,95320,111226,111226,3210242,Matched,Block,,N NORTHGATE WAY BETWEEN MERIDIAN AVE N AND CORLISS AVE N,,,1,Property Damage Only Collision,Right Turn,2,0,0,2,0,0,0,2010-08-23T00:00:00.000Z,8/23/2010 10:10:00 AM,Mid-Block (not related to intersection),14.0,"MOTOR VEHICLE STRUCK MOTOR VEHICLE, REAR END",,N,Clear or Partly Cloudy,Dry,Daylight,,10235003.0,,16,From same direction - one right turn - one straight,0,0,N,413.79738956931556,265
55869,-122.3485620110105,47.68693988204174,55870,70121,70121,2794836,Matched,Block,,N 80TH ST BETWEEN FREMONT AVE N AND LINDEN AVE N,,,2,Injury Collision,Rear Ended,4,0,0,3,1,0,0,2007-04-05T00:00:00.000Z,4/5/2007,Mid-Block (but intersection related),14.0,"MOTOR VEHICLE STRUCK MOTOR VEHICLE, REAR END",Y,0,Clear or Partly Cloudy,Dry,Daylight,,7095028.0,,14,From same direction - both going straight - one stopped - rear-end,0,0,N,128.68586874950338,679
142939,-122.25471588238248,47.51716332808214,143940,165610,165630,3671697,Matched,Block,,RAINIER AVE S BETWEEN S KEPPLER ST AND S PILGRIM ST, ,,1,Property Damage Only Collision,Head On,2,0,0,2,0,0,0,2014-02-28T00:00:00.000Z,2/28/2014 7:26:00 AM,Mid-Block (not related to intersection),11.0,"MOTOR VEHICLE STRUCK MOTOR VEHICLE, FRONT END AT ANGLE",Y,N,Clear or Partly Cloudy,Wet,Daylight,,,,24,From opposite direction - both moving - head-on,0,0,N,457.6876849763527,365
68364,-122.39225022345389,47.58750187555253,68365,82701,82701,2619796,Matched,Block,,SUNSET AVE SW BETWEEN SW MASSACHUSETTS ST AND 48TH AVE SW,,,1,Property Damage Only Collision,Parked Car,2,0,0,2,0,0,0,2008-03-04T00:00:00.000Z,3/4/2008,Mid-Block (not related to intersection),16.0,"MOTOR VEHICLE STRUCK MOTOR VEHICLE, LEFT SIDE SIDESWIPE",,0,Unknown,Unknown,Unknown,,8064032.0,,32,One parked--one moving,0,0,N,602.5395700304591,518
24296,-122.34729431770184,47.64717111937132,24297,38357,38357,1795228,Matched,Block,,AURORA BR BETWEEN RAYE ST AND BRIDGE WAY N,,,1,Property Damage Only Collision,Sideswipe,2,0,0,2,0,0,0,2005-10-20T00:00:00.000Z,10/20/2005 7:15:00 PM,Mid-Block (not related to intersection),11.0,"MOTOR VEHICLE STRUCK MOTOR VEHICLE, FRONT END AT ANGLE",,0,Unknown,Unknown,Unknown,,5293013.0,,26,From opposite direction - both going straight - sideswipe,0,0,N,398.52882747946904,962
53110,-122.35326864619364,47.615024764225,53111,67474,67474,2825432,Matched,Intersection,29681.0,CLAY ST AND ELLIOTT AVE,,,1,Property Damage Only Collision,Sideswipe,2,0,0,2,0,0,0,2007-06-13T00:00:00.000Z,6/13/2007 1:06:00 PM,At Intersection (intersection related),11.0,"MOTOR VEHICLE STRUCK MOTOR VEHICLE, FRONT END AT ANGLE",,0,Clear or Partly Cloudy,Dry,Daylight,,7164010.0,,71,Same direction -- both turning right -- both moving -- sideswipe,0,0,N,1260.3965067755717,663
84191,-122.3856723986358,47.5712510733957,84192,100192,100192,2792616,Matched,Intersection,31842.0,42ND AVE SW AND SW MANNING ST,,,1,Property Damage Only Collision,Pedestrian,2,1,0,1,0,0,0,2009-11-12T00:00:00.000Z,11/12/2009 2:29:00 PM,At Intersection (intersection related),24.0,MOTOR VEHCILE STRUCK PEDESTRIAN,,0,Clear or Partly Cloudy,Dry,Daylight,Y,9316021.0,,0,Vehicle going straight hits pedestrian,0,0,N,0.0,514