,X,Y,OBJECTID,INCKEY,COLDETKEY,REPORTNO,STATUS,ADDRTYPE,INTKEY,LOCATION,EXCEPTRSNCODE,EXCEPTRSNDESC,SEVERITYCODE,SEVERITYDESC,COLLISIONTYPE,PERSONCOUNT,PEDCOUNT,PEDCYLCOUNT,VEHCOUNT,INJURIES,SERIOUSINJURIES,FATALITIES,INCDATE,INCDTTM,JUNCTIONTYPE,SDOT_COLCODE,SDOT_COLDESC,INATTENTIONIND,UNDERINFL,WEATHER,ROADCOND,LIGHTCOND,PEDROWNOTGRNT,SDOTCOLNUM,SPEEDING,ST_COLCODE,ST_COLDESC,SEGLANEKEY,CROSSWALKKEY,HITPARKEDCAR,CLOSEST_CIRCLE_DIST,CLOSEST_CIRCLE_INDEX
179935,-122.31676389708252,47.62253860608502,177936,233093,233493,3771888,Matched,Block,,12TH AVE E BETWEEN E HARRISON ST AND E REPUBLICAN ST, ,,1,Property Damage Only Collision,Parked Car,2,0,0,2,0,0,0,2016-12-09T00:00:00.000Z,12/9/2016 11:31:00 PM,Mid-Block (but intersection related),14.0,"MOTOR VEHICLE STRUCK MOTOR VEHICLE, REAR END",,N,Snowing,Snow/Slush,Dark - Street Lights On,,,,32,One parked--one moving,0,0,Y,101.5624076331487,584
110462,-122.34335745457842,47.6376201157292,112463,128711,128711,3561181,Matched,Intersection,28016.0,DEXTER AVE N AND DEXTER WAY N,,,1,Property Damage Only Collision,Left Turn,4,0,0,2,0,0,0,2011-09-28T00:00:00.000Z,9/28/2011 12:02:00 AM,At Intersection (intersection related),11.0,"MOTOR VEHICLE STRUCK MOTOR VEHICLE, FRONT END AT ANGLE",,0,Clear or Partly Cloudy,Dry,Dark - Street Lights On,,11271014.0,,15,From same direction - one left turn - one straight,0,0,N,536.798810826508,607
148183,-122.34448441440495,47.6827723725016,148184,177096,177116,3695821,Matched,Intersection,24312.0,AURORA AVE N AND WINONA AVE N, ,,1,Property Damage Only Collision,Sideswipe,2,0,0,2,0,0,0,2014-10-07T00:00:00.000Z,10/7/2014 4:12:00 PM,At Intersection (intersection related),11.0,"MOTOR VEHICLE STRUCK MOTOR VEHICLE, FRONT END AT ANGLE",,N,Clear or Partly Cloudy,Dry,Daylight,,,,71,Same direction -- both turning right -- both moving -- sideswipe,0,0,N,176.69687080419052,483
185568,-122.3445219209793,47.69056258689079,187569,245778,246378,E693602,Matched,Intersection,37367.0,AURORA AVE N AND N 85TH ST, ,,1,Property Damage Only Collision,Sideswipe,2,0,0,2,0,0,0,2017-07-20T00:00:00.000Z,7/20/2017 9:28:00 AM,At Intersection (but not related to intersection),14.0,"MOTOR VEHICLE STRUCK MOTOR VEHICLE, REAR END",Y,N,Clear or Partly Cloudy,Dry,Daylight,,,,11,From same direction - both going straight - both moving - sideswipe,0,0,N,216.33525627577043,1008
28119,-122.32766515833008,47.599615866793364,28120,42212,42212,1933337,Matched,Block,,5TH AVE S BETWEEN S MAIN ST AND S JACKSON ST,,,1,Property Damage Only Collision,Sideswipe,2,0,0,2,0,0,0,2005-10-29T00:00:00.000Z,10/29/2005 5:15:00 PM,Mid-Block (not related to intersection),11.0,"MOTOR VEHICLE STRUCK MOTOR VEHICLE, FRONT END AT ANGLE",,0,Clear or Partly Cloudy,Dry,Dusk,,5302026.0,,11,From same direction - both going straight - both moving - sideswipe,0,0,N,1163.2703284599274,627
59837,-122.33835002678651,47.609516720232726,59838,74495,74495,C680340,Matched,Block,,PIKE ST BETWEEN 2ND AVE AND 3RD AVE,,,2,Injury Collision,Rear Ended,2,0,0,2,1,0,0,2007-01-10T00:00:00.000Z,1/10/2007 1:15:00 PM,Mid-Block (not related to intersection),14.0,"MOTOR VEHICLE STRUCK MOTOR VEHICLE, REAR END",,0,Overcast,Dry,Daylight,,7010032.0,,14,From same direction - both going straight - one stopped - rear-end,0,0,N,943.1816437584737,185
26058,-122.334183827198,47.72320788839221,26059,40254,40254,1792199,Matched,Intersection,35965.0,MERIDIAN AVE N AND N 130TH ST,,,2,Injury Collision,Left Turn,3,0,0,2,1,0,0,2005-01-14T00:00:00.000Z,1/14/2005 7:28:00 AM,At Intersection (intersection related),11.0,"MOTOR VEHICLE STRUCK MOTOR VEHICLE, FRONT END AT ANGLE",,0,Overcast,Dry,Daylight,,5014024.0,,28,From opposite direction - one left turn - one straight,0,0,N,424.71449913583007,67
38806,-122.32905596148373,47.580852706239035,40807,55225,55225,1216465,Matched,Block,,4TH AVE S BETWEEN S STACY ST AND S LANDER ST,,,1,Property Damage Only Collision,Other,2,0,0,2,0,0,0,2006-05-04T00:00:00.000Z,5/4/2006,Driveway Junction,11.0,"MOTOR VEHICLE STRUCK MOTOR VEHICLE, FRONT END AT ANGLE",,0,Clear or Partly Cloudy,Dry,Daylight,,6124023.0,,22,One car leaving driveway access,0,0,N,1065.579763845015,875
42715,-122.32908076394848,47.69034174668372,42716,57328,57328,2188311,Matched,Block,,BANNER WAY NE BETWEEN NE 85TH ST OFF RP AND CORLISS WAY N,,,1,Property Damage Only Collision,Other,1,0,0,1,0,0,0,2006-05-27T00:00:00.000Z,5/27/2006 9:25:00 AM,Mid-Block (not related to intersection),26.0,MOTOR VEHICLE STRUCK OBJECT IN ROAD,,0,Raining,Wet,Daylight,,6147004.0,Y,50,Fixed object,0,0,N,238.81770305582157,162
179146,-122.30331816454269,47.70027141131878,177147,227598,227938,373402,Unmatched,Intersection,37713.0,LAKE CITY WAY NE AND NE 98TH ST, ,,2,Injury Collision,,2,0,0,0,2,0,0,2016-09-08T00:00:00.000Z,9/8/2016,At Intersection (intersection related),11.0,"MOTOR VEHICLE STRUCK MOTOR VEHICLE, FRONT END AT ANGLE",,,,,,,,, ,,0,0,N,268.2453821701283,255
73896,-122.32222659670241,47.523064919578744,73897,89228,89228,2895606,Matched,Block,,S HENDERSON ST BETWEEN 8TH AVE S AND DEAD END 4,,,1,Property Damage Only Collision,Parked Car,3,0,0,3,0,0,0,2008-07-18T00:00:00.000Z,7/18/2008 7:40:00 PM,Mid-Block (not related to intersection),11.0,"MOTOR VEHICLE STRUCK MOTOR VEHICLE, FRONT END AT ANGLE",,0,Clear or Partly Cloudy,Dry,Daylight,,8200021.0,,32,One parked--one moving,0,0,N,317.82229454461367,786
77237,-122.37678325213888,47.68414673499369,77238,90903,90903,3277512,Matched,Block,,15TH AVE NW BETWEEN NW 75TH ST AND NW 77TH ST,,,2,Injury Collision,Rear Ended,2,0,0,2,1,0,0,2008-12-05T00:00:00.000Z,12/5/2008,Mid-Block (not related to intersection),14.0,"MOTOR VEHICLE STRUCK MOTOR VEHICLE, REAR END",,0,Clear or Partly Cloudy,Dry,Daylight,,8340014.0,,13,From same direction - both going straight - both moving - rear-end,0,0,N,128.82699777008875,151
6485,-122.38919848600752,47.65283758113719,6486,20280,20280,1776178,Matched,Block,,26TH PL W BETWEEN W RUFFNER ST AND W MANOR PL,,,1,Property Damage Only Collision,Parked Car,2,0,0,2,0,0,0,2004-01-26T00:00:00.000Z,1/26/2004 1:00:00 AM,Mid-Block (not related to intersection),16.0,"MOTOR VEHICLE STRUCK MOTOR VEHICLE, LEFT SIDE SIDESWIPE",,0,Overcast,Dry,Dark - Street Lights On,,4026003.0,,32,One parked--one moving,0,0,N,382.7611493551141,136
73125,-122.29902678051118,47.62987430805994,73126,87617,87617,8157041,Unmatched,Block,,26TH AVE E BETWEEN E PROSPECT ST AND E HIGHLAND DR,,,0,Unknown,,0,0,0,0,0,0,0,2008-06-05T00:00:00.000Z,6/5/2008,Mid-Block (but intersection related),11.0,"MOTOR VEHICLE STRUCK MOTOR VEHICLE, FRONT END AT ANGLE",,,,,,,8157041.0,,,,0,0,N,42.58393733373873,277
177674,-122.33352700324068,47.53616843234032,179675,233244,233644,E623803,Matched,Block,,WEST MARGINAL WAY S BETWEEN 1ST AVE S AND S HOLDEN ST, ,,1,Property Damage Only Collision,Rear Ended,3,0,0,2,0,0,0,2016-12-15T00:00:00.000Z,12/15/2016 10:56:00 AM,Mid-Block (but intersection related),14.0,"MOTOR VEHICLE STRUCK MOTOR VEHICLE, REAR END",Y,N,Overcast,Dry,Daylight,,,,74,Same direction -- both turning right -- one stopped -- rear end,0,0,N,1026.6799369793152,789
11449,-122.33166788966322,47.608085645977276,11450,25413,25413,1781973,Matched,Block,,6TH AVE BETWEEN SPRING ST AND SENECA ST,,,1,Property Damage Only Collision,Parked Car,2,0,0,2,0,0,0,2004-10-23T00:00:00.000Z,10/23/2004 11:15:00 PM,Mid-Block (not related to intersection),12.0,"MOTOR VEHICLE STRUCK MOTOR VEHICLE, RIGHT SIDE AT ANGLE",,0,Clear or Partly Cloudy,Dry,Dark - Street Lights On,,4297014.0,,32,One parked--one moving,0,0,N,590.7242868384743,762
188031,-122.34367984409157,47.6214756339104,188032,247171,247771,3708145,Unmatched,Block,,AURORA AVE N BETWEEN THOMAS ST AND HARRISON ST, ,,0,Unknown,,0,0,0,0,0,0,0,2017-06-29T00:00:00.000Z,6/29/2017,Mid-Block (not related to intersection),14.0,"MOTOR VEHICLE STRUCK MOTOR VEHICLE, REAR END",,,,,,,,, ,,0,0,N,724.1912070400184,422
197010,-122.32905708875455,47.578769132058255,199011,291039,291919,E805262,Matched,Block,,4TH AVE S BETWEEN S LANDER ST AND S FOREST ST, ,,1,Property Damage Only Collision,Sideswipe,5,0,0,2,0,0,0,2018-06-03T00:00:00.000Z,6/3/2018 4:48:00 PM,Mid-Block (not related to intersection),11.0,"MOTOR VEHICLE STRUCK MOTOR VEHICLE, FRONT END AT ANGLE",,N,Overcast,Wet,Daylight,,,,11,From same direction - both going straight - both moving - sideswipe,0,0,N,1083.9203015127873,818
200039,-122.31791259543408,47.663121158451155,198040,285304,286164,E792494,Matched,Block,,NE 47TH ST BETWEEN 9TH AVE NE AND ROOSEVELT WAY NE, ,,1,Property Damage Only Collision,Parked Car,2,0,0,2,0,0,0,2018-04-26T00:00:00.000Z,4/26/2018 10:09:00 AM,Mid-Block (not related to intersection),11.0,"MOTOR VEHICLE STRUCK MOTOR VEHICLE, FRONT END AT ANGLE",,N,Clear or Partly Cloudy,Dry,Daylight,,,,32,One parked--one moving,0,0,Y,36.439299002028456,785
131731,-122.32530298947093,47.62140846629103,131732,147546,147566,3593919,Matched,Block,,SUMMIT AVE E BETWEEN E THOMAS ST AND E HARRISON ST, ,,1,Property Damage Only Collision,Parked Car,4,0,0,4,0,0,0,2013-06-01T00:00:00.000Z,6/1/2013 6:10:00 AM,Mid-Block (not related to intersection),14.0,"MOTOR VEHICLE STRUCK MOTOR VEHICLE, REAR END",Y,N,Clear or Partly Cloudy,Dry,Dawn,,,,32,One parked--one moving,0,0,N,64.21339955314268,717
150832,-122.33777937510851,47.689636648835666,151833,184805,184885,3706752,Matched,Block,,DENSMORE AVE N BETWEEN N 82ND ST AND N 85TH ST, ,,1,Property Damage Only Collision,Parked Car,2,0,0,2,0,0,0,2015-01-18T00:00:00.000Z,1/18/2015 9:00:00 PM,Mid-Block (not related to intersection),14.0,"MOTOR VEHICLE STRUCK MOTOR VEHICLE, REAR END",Y,N,Unknown,Unknown,Unknown,,,,32,One parked--one moving,0,0,N,142.968694829437,867
1981,-122.31512267908528,47.628421133382986,2982,17147,17147,1772288,Matched,Block,,E PROSPECT ST BETWEEN 13TH AVE E AND 14TH AVE E,,,1,Property Damage Only Collision,Sideswipe,4,0,0,2,0,0,0,2004-04-27T00:00:00.000Z,4/27/2004 3:45:00 PM,Mid-Block (not related to intersection),16.0,"MOTOR VEHICLE STRUCK MOTOR VEHICLE, LEFT SIDE SIDESWIPE",,0,Raining,Wet,Daylight,,4118015.0,,26,From opposite direction - both going straight - sideswipe,0,0,N,380.3962644991165,122
199297,-122.37888443549356,47.6682816921075,200298,294877,295977,E813004,Matched,Block,,17TH AVE NW BETWEEN NW 54TH ST AND NW MARKET ST, ,,1,Property Damage Only Collision,Other,3,0,0,2,0,0,0,2018-06-28T00:00:00.000Z,6/28/2018 9:35:00 AM,Mid-Block (not related to intersection),11.0,"MOTOR VEHICLE STRUCK MOTOR VEHICLE, FRONT END AT ANGLE",Y,N,Clear or Partly Cloudy,Dry,Daylight,,,,23,From same direction - all others,0,0,N,291.52089987851986,133
154386,-122.2562172564056,47.507925273124656,154387,187819,187899,E407723,Matched,Block,,RENTON AVE S BETWEEN S PRENTICE S ST AND 62ND AVE S, ,,1,Property Damage Only Collision,Parked Car,0,0,0,3,0,0,0,2015-03-15T00:00:00.000Z,3/15/2015 10:30:00 PM,Mid-Block (not related to intersection),14.0,"MOTOR VEHICLE STRUCK MOTOR VEHICLE, REAR END",,N,Raining,Wet,Dark - Street Lights On,,,,32,One parked--one moving,0,0,Y,421.15945768138243,305
153227,-122.33516764070305,47.66212696829816,153228,182944,183024,3706719,Matched,Intersection,25573.0,BURKE AVE N AND N 46TH ST, ,,2,Injury Collision,Angles,2,0,0,2,1,0,0,2015-01-07T00:00:00.000Z,1/7/2015 2:27:00 PM,At Intersection (intersection related),11.0,"MOTOR VEHICLE STRUCK MOTOR VEHICLE, FRONT END AT ANGLE",,N,,Dry,Daylight,,,,10,Entering at angle,0,0,N,82.29840505023921,772
164874,-122.3289625572052,47.600875440716685,164875,209210,209430,3789293,Matched,Intersection,30494.0,4TH AVE S AND S WASHINGTON ST, ,,1,Property Damage Only Collision,Angles,2,0,0,2,0,0,0,2015-12-13T00:00:00.000Z,12/13/2015 4:59:00 AM,At Intersection (intersection related),11.0,"MOTOR VEHICLE STRUCK MOTOR VEHICLE, FRONT END AT ANGLE",,N,Clear or Partly Cloudy,Dry,Dark - Street Lights On,,,,10,Entering at angle,0,0,N,1119.173117554346,762
64093,-122.2906766171278,47.69164991255846,64094,78601,78601,2794960,Matched,Intersection,37947.0,35TH AVE NE AND NE 87TH ST,,,2,Injury Collision,Angles,2,0,0,2,2,0,0,2007-05-09T00:00:00.000Z,5/9/2007,At Intersection (intersection related),11.0,"MOTOR VEHICLE STRUCK MOTOR VEHICLE, FRONT END AT ANGLE",,0,Clear or Partly Cloudy,Dry,Daylight,,7129017.0,,10,Entering at angle,0,0,N,215.77365271510354,615
161645,-122.3016719208769,47.5745660693132,163646,205616,205776,3775647,Matched,Block,,24TH AVE S BETWEEN S HANFORD W ST AND S HORTON ST, ,,1,Property Damage Only Collision,Parked Car,2,0,0,2,0,0,0,2015-10-26T00:00:00.000Z,10/26/2015 2:50:00 PM,Mid-Block (not related to intersection),0.0,NOT ENOUGH INFORMATION / NOT APPLICABLE,,N,Unknown,Unknown,Daylight,,,,32,One parked--one moving,0,0,Y,164.29358670011612,997
107864,-122.36822958700128,47.57140880105217,107865,123274,123274,2803846,Matched,Intersection,32110.0,SW ADMIRAL SR WAY AND SW SPOKANE SR ST,,,1,Property Damage Only Collision,Rear Ended,2,0,0,2,0,0,0,2011-03-13T00:00:00.000Z,3/13/2011 5:31:00 PM,At Intersection (intersection related),14.0,"MOTOR VEHICLE STRUCK MOTOR VEHICLE, REAR END",,N,Raining,Wet,Daylight,,11072003.0,,13,From same direction - both going straight - both moving - rear-end,0,0,N,692.756367011223,252
61404,-122.32080786644516,47.61581794679922,61405,75797,75797,2623799,Matched,Block,,BROADWAY BETWEEN E PINE ST AND XW E OLIVE ST,,,1,Property Damage Only Collision,Sideswipe,2,0,0,2,0,0,0,2007-10-21T00:00:00.000Z,10/21/2007 9:14:00 PM,Mid-Block (not related to intersection),14.0,"MOTOR VEHICLE STRUCK MOTOR VEHICLE, REAR END",,0,Raining,Wet,Dark - Street Lights On,,7294013.0,,11,From same direction - both going straight - both moving - sideswipe,0,0,N,276.78519370700803,107
198255,-122.328913101671,47.61346582031274,197256,289479,290339,3704421,Matched,Intersection,29878.0,BOREN AVE AND PIKE ST, ,,1,Property Damage Only Collision,Other,6,0,0,3,0,0,0,2018-05-30T00:00:00.000Z,5/30/2018 5:33:00 PM,At Intersection (intersection related),11.0,"MOTOR VEHICLE STRUCK MOTOR VEHICLE, FRONT END AT ANGLE",,N,Clear or Partly Cloudy,Dry,Daylight,,,,23,From same direction - all others,0,0,N,162.5956750118414,185
149083,-122.30425178706064,47.583662342524214,149084,173946,173966,3582837,Matched,Intersection,31565.0,22ND AVE S AND S WALKER ST, ,,1,Property Damage Only Collision,Other,1,0,0,1,0,0,0,2014-08-17T00:00:00.000Z,8/17/2014 9:45:00 AM,At Intersection (intersection related),0.0,NOT ENOUGH INFORMATION / NOT APPLICABLE,,N,Clear or Partly Cloudy,Dry,,,,,50,Fixed object,0,0,N,0.0,545
34337,-122.34454776101276,47.69273738020002,35338,49428,49428,2622081,Matched,Intersection,37353.0,AURORA AVE N AND N 88TH N ST,,,2,Injury Collision,Left Turn,5,0,0,4,2,0,0,2006-09-16T00:00:00.000Z,9/16/2006 2:25:00 PM,At Intersection (intersection related),11.0,"MOTOR VEHICLE STRUCK MOTOR VEHICLE, FRONT END AT ANGLE",,0,Clear or Partly Cloudy,Dry,Daylight,,6259004.0,,28,From opposite direction - one left turn - one straight,0,0,N,90.6279446751936,1008
131584,-122.29679819285737,47.60424209795997,131585,148108,148128,3606410,Matched,Intersection,30097.0,M L KING JR WAY AND E ALDER ST, ,,2,Injury Collision,Rear Ended,2,0,0,2,1,0,0,2013-06-17T00:00:00.000Z,6/17/2013 1:45:00 PM,At Intersection (intersection related),14.0,"MOTOR VEHICLE STRUCK MOTOR VEHICLE, REAR END",,N,Clear or Partly Cloudy,Dry,Daylight,,,,14,From same direction - both going straight - one stopped - rear-end,0,0,N,140.97922642371384,624
136213,-122.38473896057295,47.67596783582096,135214,153154,153174,3501681,Matched,Intersection,23946.0,22ND AVE NW AND NW 65TH W ST, ,,1,Property Damage Only Collision,Angles,2,0,0,2,0,0,0,2013-08-30T00:00:00.000Z,8/30/2013 1:20:00 PM,At Intersection (intersection related),11.0,"MOTOR VEHICLE STRUCK MOTOR VEHICLE, FRONT END AT ANGLE",,N,Clear or Partly Cloudy,Dry,Daylight,,,,10,Entering at angle,0,0,N,198.42460418824936,145
82749,-122.34863288736473,47.66076104332444,83750,97179,97179,09212044,Unmatched,Intersection,26924.0,LINDEN AVE N AND N ALLEN PL,,,0,Unknown,,0,0,0,0,0,0,0,2009-07-31T00:00:00.000Z,7/31/2009,At Intersection (intersection related),11.0,"MOTOR VEHICLE STRUCK MOTOR VEHICLE, FRONT END AT ANGLE",,,,,,,9212044.0,,,,0,0,N,0.0,463
106950,-122.34721618521614,47.689472984298455,106951,121424,121424,3550893,Matched,Block,,LINDEN AVE N BETWEEN N 83RD ST AND N 84TH ST,,,1,Property Damage Only Collision,Parked Car,2,0,0,2,0,0,0,2011-04-03T00:00:00.000Z,4/3/2011 4:00:00 PM,Mid-Block (not related to intersection),16.0,"MOTOR VEHICLE STRUCK MOTOR VEHICLE, LEFT SIDE SIDESWIPE",,N,Unknown,Unknown,Unknown,,11093021.0,,32,One parked--one moving,0,0,N,202.61610190140453,648
17338,-122.33418803153756,47.59920482885765,17339,31594,31594,537846,Matched,Intersection,30365.0,1ST AVE S AND S JACKSON ST,,,2,Injury Collision,Angles,0,0,0,2,1,0,0,2004-05-22T00:00:00.000Z,5/22/2004 10:31:00 AM,At Intersection (intersection related),11.0,"MOTOR VEHICLE STRUCK MOTOR VEHICLE, FRONT END AT ANGLE",,0,Raining,Wet,Daylight,,4143036.0,,10,Entering at angle,0,0,N,1446.5821355560145,762
191390,-122.31772271464912,47.66057737868581,191391,257861,258521,3769415,Matched,Block,,ROOSEVELT WAY NE BETWEEN NE 43RD N ST AND NE 45TH ST, ,,2,Injury Collision,Cycles,2,0,1,1,1,0,0,2017-12-05T00:00:00.000Z,12/5/2017 6:59:00 AM,Driveway Junction,18.0,"MOTOR VEHICLE STRUCK PEDALCYCLIST, FRONT END AT ANGLE",Y,N,Clear or Partly Cloudy,Dry,Dawn,Y,,,45,Vehicle - Pedalcyclist,45553,0,N,287.70562940148557,785
195594,-122.3870384502987,47.55211032918907,193595,268279,269059,E763838,Matched,Intersection,32803.0,CALIFORNIA AVE SW AND SW FINDLAY ST, ,,1,Property Damage Only Collision,Angles,2,0,0,2,0,0,0,2018-01-28T00:00:00.000Z,1/28/2018 2:28:00 PM,At Intersection (intersection related),11.0,"MOTOR VEHICLE STRUCK MOTOR VEHICLE, FRONT END AT ANGLE",,N,Overcast,Dry,Daylight,,,,10,Entering at angle,0,0,N,207.83842885443184,282
12787,-122.31633451828236,47.664927673378536,12788,26704,26704,1779966,Matched,Intersection,25790.0,11TH AVE NE AND NE 50TH ST,,,2,Injury Collision,Rear Ended,2,0,0,2,1,0,0,2004-01-28T00:00:00.000Z,1/28/2004 1:50:00 PM,At Intersection (intersection related),14.0,"MOTOR VEHICLE STRUCK MOTOR VEHICLE, REAR END",,0,Overcast,Dry,Daylight,,4028023.0,,13,From same direction - both going straight - both moving - rear-end,0,0,N,188.40913574679664,268
13350,-122.34318198273156,47.54106972015668,13351,27677,27677,1781542,Matched,Intersection,34083.0,SW FRONT ST AND WEST MARGINAL WAY SW,,,1,Property Damage Only Collision,Angles,2,0,0,2,0,0,0,2004-05-28T00:00:00.000Z,5/28/2004 4:46:00 PM,At Intersection (intersection related),11.0,"MOTOR VEHICLE STRUCK MOTOR VEHICLE, FRONT END AT ANGLE",,0,Raining,Wet,Daylight,,4149033.0,,10,Entering at angle,0,0,N,690.0476863193013,541
108118,-122.29090682978381,47.72646363931889,108119,123004,123004,3376215,Matched,Intersection,36173.0,35TH AVE NE AND ERICKSON PL NE,,,2,Injury Collision,Angles,2,0,0,2,1,0,0,2011-01-13T00:00:00.000Z,1/13/2011 11:06:00 AM,At Intersection (intersection related),11.0,"MOTOR VEHICLE STRUCK MOTOR VEHICLE, FRONT END AT ANGLE",,0,Raining,Wet,Daylight,,11013019.0,,10,Entering at angle,0,0,N,202.38777720546742,757
14693,-122.297922260164,47.7183732700041,14694,28424,28424,1773654,Matched,Block,,28TH AVE NE BETWEEN NE 123RD ST AND NE 125TH ST,,,1,Property Damage Only Collision,Parked Car,2,0,0,2,0,0,0,2004-04-25T00:00:00.000Z,4/25/2004 5:00:00 PM,Mid-Block (not related to intersection),12.0,"MOTOR VEHICLE STRUCK MOTOR VEHICLE, RIGHT SIDE AT ANGLE",,0,Unknown,Unknown,Unknown,,4116003.0,,32,One parked--one moving,0,0,N,104.04185015918955,707
80784,-122.2725472155962,47.520144225740964,80785,94718,94718,3285354,Matched,Block,,RENTON AVE S BETWEEN S BARTON ST AND S FLETCHER ST,,,1,Property Damage Only Collision,Angles,3,0,0,2,0,0,0,2009-12-18T00:00:00.000Z,12/18/2009 8:39:00 AM,Mid-Block (not related to intersection),11.0,"MOTOR VEHICLE STRUCK MOTOR VEHICLE, FRONT END AT ANGLE",,0,Clear or Partly Cloudy,Wet,Daylight,,9352025.0,,10,Entering at angle,0,0,N,745.4359998306361,60
25669,-122.30989504900342,47.55058510640357,25670,39613,39613,C653948,Matched,Block,,18TH AVE S BETWEEN S ORCAS ST AND S JUNEAU ST,,,1,Property Damage Only Collision,Sideswipe,2,0,0,2,0,0,0,2005-07-26T00:00:00.000Z,7/26/2005 3:35:00 AM,Mid-Block (not related to intersection),11.0,"MOTOR VEHICLE STRUCK MOTOR VEHICLE, FRONT END AT ANGLE",,0,Clear or Partly Cloudy,Dry,Dark - Street Lights On,,5207040.0,,26,From opposite direction - both going straight - sideswipe,0,0,N,364.16870892193543,525
11880,-122.31268005191845,47.65682693442889,11881,26059,26059,04008026,Unmatched,Block,,NE 41ST ST BETWEEN UNIVERSITY WAY NE AND 15TH AVE NE,,,0,Unknown,,0,0,0,0,0,0,0,2004-01-08T00:00:00.000Z,1/8/2004,Mid-Block (not related to intersection),16.0,"MOTOR VEHICLE STRUCK MOTOR VEHICLE, LEFT SIDE SIDESWIPE",,,,,,,4008026.0,,,,0,0,N,271.83984765531807,899
11389,-122.3072179676313,47.663050781707476,11390,25394,25394,1220288,Matched,Intersection,26070.0,19TH AVE NE AND NE 47TH ST,,,2,Injury Collision,Angles,2,0,0,2,1,0,0,2004-09-24T00:00:00.000Z,9/24/2004 12:05:00 PM,At Intersection (intersection related),11.0,"MOTOR VEHICLE STRUCK MOTOR VEHICLE, FRONT END AT ANGLE",,0,Clear or Partly Cloudy,Dry,Daylight,,4268030.0,,10,Entering at angle,0,0,N,371.7805217155353,616
116731,-122.31959053002458,47.570801710953425,116732,134010,134010,3617668,Matched,Block,,I5 NB - COLUMBIAN WY RP BETWEEN I5 NB - W SEATTLE BR RP AND S COLUMBIAN EB WAY,,,1,Property Damage Only Collision,Sideswipe,2,0,0,2,0,0,0,2012-06-29T00:00:00.000Z,6/29/2012 1:30:00 PM,,0.0,NOT ENOUGH INFORMATION / NOT APPLICABLE,,N,Clear or Partly Cloudy,Dry,Daylight,,12181024.0,,11,From same direction - both going straight - both moving - sideswipe,0,0,N,599.5737382797328,178
67813,-122.31920878354694,47.708569219474185,67814,83846,83846,2830097,Matched,Block,,NE NORTHGATE WAY BETWEEN 8TH AVE NE AND ROOSEVELT WAY NE,,,1,Property Damage Only Collision,Other,2,0,0,2,0,0,0,2008-07-18T00:00:00.000Z,7/18/2008 4:45:00 PM,Driveway Junction,11.0,"MOTOR VEHICLE STRUCK MOTOR VEHICLE, FRONT END AT ANGLE",,0,Clear or Partly Cloudy,Dry,Daylight,,8200022.0,,21,One car entering driveway access,0,0,N,419.54104296169965,662
29398,-122.30169416969768,47.5978734548542,29399,43444,43444,1745101,Matched,Block,,S KING ST BETWEEN 23RD AVE S AND 24TH S AVE S,,,1,Property Damage Only Collision,Parked Car,2,0,0,2,0,0,0,2005-01-21T00:00:00.000Z,1/21/2005 1:20:00 PM,Mid-Block (but intersection related),14.0,"MOTOR VEHICLE STRUCK MOTOR VEHICLE, REAR END",,0,Overcast,Dry,Daylight,,5021025.0,,32,One parked--one moving,0,0,N,135.8535635989582,319
126744,-122.3299789101008,47.586170382098246,127745,144776,144776,3617434,Matched,Intersection,31347.0,3RD AVE S AND S HOLGATE ST, ,,2,Injury Collision,Angles,5,0,0,2,1,0,0,2013-04-20T00:00:00.000Z,4/20/2013 4:55:00 PM,At Intersection (intersection related),11.0,"MOTOR VEHICLE STRUCK MOTOR VEHICLE, FRONT END AT ANGLE",,N,Raining,Wet,Daylight,,,,10,Entering at angle,0,0,N,1067.5969432284212,875
189559,-122.32569607441023,47.60910495836089,189560,249833,250433,E669858,Unmatched,Block,,MADISON ST BETWEEN TERRY AVE AND BOREN AVE,NEI,"Not Enough Information, or Insufficient Location Information",0,Unknown,,1,0,0,0,0,0,0,2017-05-11T00:00:00.000Z,5/11/2017,Mid-Block (not related to intersection),0.0,NOT ENOUGH INFORMATION / NOT APPLICABLE,,,,,,,,, ,,0,0,N,174.4625448957147,762
17845,-122.31873216878721,47.6707627957866,17846,32132,32132,1782308,Matched,Block,,NE 58TH ST BETWEEN 8TH AVE NE AND ROOSEVELT WAY NE,,,1,Property Damage Only Collision,Other,1,0,0,1,0,0,0,2004-08-10T00:00:00.000Z,8/10/2004 8:00:00 PM,Mid-Block (not related to intersection),26.0,MOTOR VEHICLE STRUCK OBJECT IN ROAD,Y,0,Clear or Partly Cloudy,Dry,Daylight,,4223017.0,,50,Fixed object,0,0,N,130.96293820178585,197