,X,Y,OBJECTID,INCKEY,COLDETKEY,REPORTNO,STATUS,ADDRTYPE,INTKEY,LOCATION,EXCEPTRSNCODE,EXCEPTRSNDESC,SEVERITYCODE,SEVERITYDESC,COLLISIONTYPE,PERSONCOUNT,PEDCOUNT,PEDCYLCOUNT,VEHCOUNT,INJURIES,SERIOUSINJURIES,FATALITIES,INCDATE,INCDTTM,JUNCTIONTYPE,SDOT_COLCODE,SDOT_COLDESC,INATTENTIONIND,UNDERINFL,WEATHER,ROADCOND,LIGHTCOND,PEDROWNOTGRNT,SDOTCOLNUM,SPEEDING,ST_COLCODE,ST_COLDESC,SEGLANEKEY,CROSSWALKKEY,HITPARKEDCAR,CLOSEST_CIRCLE_DIST,CLOSEST_CIRCLE_INDEX
192091,-122.33484695637415,47.52900454095563,192092,257440,258100,E731832,Matched,Block,,1ST AVE S BETWEEN SW KENYON ST AND S CLOVERDALE W ST, ,,1,Property Damage Only Collision,Rear Ended,2,0,0,2,0,0,0,2017-10-30T00:00:00.000Z,10/30/2017 8:24:00 AM,Mid-Block (not related to intersection),14.0,"MOTOR VEHICLE STRUCK MOTOR VEHICLE, REAR END",,N,Clear or Partly Cloudy,Dry,Daylight,,,,14,From same direction - both going straight - one stopped - rear-end,0,0,N,995.701509221488,12
35652,-122.31803778545893,47.68311776305654,36653,51042,51042,2624662,Matched,Block,,NE 75TH ST BETWEEN 9TH AVE NE AND ROOSEVELT WAY NE,,,2,Injury Collision,Rear Ended,4,0,0,2,1,0,0,2006-09-23T00:00:00.000Z,9/23/2006 1:18:00 PM,Mid-Block (but intersection related),14.0,"MOTOR VEHICLE STRUCK MOTOR VEHICLE, REAR END",Y,0,Clear or Partly Cloudy,Dry,Daylight,,6266025.0,,14,From same direction - both going straight - one stopped - rear-end,0,0,N,364.14842245354254,435
154051,-122.3337371038114,47.57981297005021,154052,188335,188415,C789624,Unmatched,Block,,S LANDER ST BETWEEN 1ST AVE S AND OCCIDENTAL AVE S, ,,0,Unknown,,0,0,0,0,0,0,0,2014-04-11T00:00:00.000Z,4/11/2014,Mid-Block (not related to intersection),56.0,PEDALCYCLIST STRUCK MOTOR VEHICLE LEFT SIDE SIDESWIPE,,,,,,,,, ,,5458,0,N,1433.5971283869806,818
147536,-122.35824850901042,47.72052448054225,146537,172563,172583,3377294,Matched,Block,,1ST AVE NW BETWEEN NW 125TH ST AND NW 127TH ST, ,,1,Property Damage Only Collision,Parked Car,2,0,0,2,0,0,0,2014-07-24T00:00:00.000Z,7/24/2014 10:30:00 PM,Mid-Block (not related to intersection),13.0,"MOTOR VEHICLE STRUCK MOTOR VEHICLE, LEFT SIDE AT ANGLE",,N,Clear or Partly Cloudy,Dry,Unknown,,,,32,One parked--one moving,0,0,N,101.04641842326815,130
17979,-122.31307699924272,47.57142256046615,17980,32022,32022,1793026,Matched,Block,,SPOKANE TURN RD BETWEEN 15TH AVE S AND 16TH AVE S,,,1,Property Damage Only Collision,Rear Ended,4,0,0,2,0,0,0,2004-06-23T00:00:00.000Z,6/23/2004 8:35:00 AM,Mid-Block (but intersection related),14.0,"MOTOR VEHICLE STRUCK MOTOR VEHICLE, REAR END",Y,0,Clear or Partly Cloudy,Dry,Daylight,,4175013.0,,14,From same direction - both going straight - one stopped - rear-end,0,0,N,321.9974256014972,783
64931,-122.31475238684709,47.66310273481356,64932,78912,78912,2795879,Matched,Block,,NE 47TH ST BETWEEN 12TH AVE NE AND BROOKLYN AVE NE,,,1,Property Damage Only Collision,Parked Car,2,0,0,2,0,0,0,2007-05-18T00:00:00.000Z,5/18/2007 6:00:00 PM,Mid-Block (not related to intersection),12.0,"MOTOR VEHICLE STRUCK MOTOR VEHICLE, RIGHT SIDE AT ANGLE",,0,Unknown,Unknown,Daylight,,7138041.0,,32,One parked--one moving,0,0,N,273.8110475563964,785
56444,-122.33375683049722,47.60869259673364,56445,70783,70783,2807294,Matched,Intersection,29930.0,5TH AVE AND UNIVERSITY ST,,,2,Injury Collision,Left Turn,5,0,0,2,2,0,0,2007-11-14T00:00:00.000Z,11/14/2007 12:35:00 AM,At Intersection (intersection related),14.0,"MOTOR VEHICLE STRUCK MOTOR VEHICLE, REAR END",,0,Clear or Partly Cloudy,Dry,Dark - Street Lights On,,7318008.0,,15,From same direction - one left turn - one straight,0,0,N,686.9563301317833,688
195215,-122.31152735282123,47.652524874371345,193216,272107,272947,E771459,Matched,Block,,NE PACIFIC ST BETWEEN 15TH AVE NE AND XW 17 AVNE, ,,1,Property Damage Only Collision,Sideswipe,4,0,0,2,0,0,0,2018-02-20T00:00:00.000Z,2/20/2018 3:30:00 PM,Mid-Block (not related to intersection),11.0,"MOTOR VEHICLE STRUCK MOTOR VEHICLE, FRONT END AT ANGLE",Y,N,Snowing,Wet,Dusk,,,,11,From same direction - both going straight - both moving - sideswipe,0,0,N,712.9704024958629,899
9081,-122.3339375832788,47.705488575656396,9082,22853,22853,1079981,Matched,Block,,MERIDIAN AVE N BETWEEN N 105TH ST AND N 106TH ST,,,1,Property Damage Only Collision,Parked Car,2,0,0,2,0,0,0,2004-07-01T00:00:00.000Z,7/1/2004,Mid-Block (not related to intersection),13.0,"MOTOR VEHICLE STRUCK MOTOR VEHICLE, LEFT SIDE AT ANGLE",,0,Clear or Partly Cloudy,Dry,Daylight,,4183036.0,,32,One parked--one moving,0,0,N,308.21580331344495,924
65694,-122.31326821384809,47.65598766705076,65695,81469,81469,2905305,Matched,Intersection,27142.0,UNIVERSITY WAY NE AND NE CAMPUS EB PY,,,2,Injury Collision,Angles,3,0,0,2,2,0,0,2008-07-14T00:00:00.000Z,7/14/2008 3:27:00 PM,At Intersection (intersection related),11.0,"MOTOR VEHICLE STRUCK MOTOR VEHICLE, FRONT END AT ANGLE",,0,Clear or Partly Cloudy,Dry,Daylight,,8196004.0,,10,Entering at angle,0,0,N,311.69544541678545,899
49760,-122.34507706607742,47.732309660339645,49761,63764,63764,2188309,Matched,Intersection,35721.0,AURORA AVE N AND N 143RD ST,,,2,Injury Collision,Left Turn,2,0,0,2,1,0,0,2006-03-11T00:00:00.000Z,3/11/2006 10:40:00 PM,At Intersection (intersection related),11.0,"MOTOR VEHICLE STRUCK MOTOR VEHICLE, FRONT END AT ANGLE",,0,Clear or Partly Cloudy,Dry,Dark - Street Lights On,,6070014.0,,28,From opposite direction - one left turn - one straight,0,0,N,405.7218717957406,337
84880,-122.32406216306916,47.65957115375658,84881,100653,100653,3334562,Matched,Block,,4TH AVE NE BETWEEN NE 43RD ST AND NE 44TH ST,,,1,Property Damage Only Collision,Parked Car,2,0,0,2,0,0,0,2009-08-20T00:00:00.000Z,8/20/2009 4:00:00 PM,Mid-Block (not related to intersection),15.0,"MOTOR VEHICLE STRUCK MOTOR VEHICLE, RIGHT SIDE SIDESWIPE",,0,Other,Unknown,Unknown,,9232035.0,,32,One parked--one moving,0,0,N,69.96002916179035,1018
128405,-122.37654144988363,47.564865522430146,126406,140857,140857,3553767,Matched,Block,,FAUNTLEROY WAY SW BETWEEN WEST SEATTLE BR EB AND SW GENESEE W ST,,,1,Property Damage Only Collision,Angles,3,0,0,2,0,0,0,2012-06-22T00:00:00.000Z,6/22/2012 8:44:00 PM,Mid-Block (but intersection related),26.0,MOTOR VEHICLE STRUCK OBJECT IN ROAD,,N,Raining,Wet,Daylight,,12174006.0,Y,10,Entering at angle,0,0,N,192.78656019129173,405
161401,-122.34500628823237,47.61914387030252,163402,205334,205494,E472907,Matched,Block,,6TH AVE N BETWEEN DENNY WAY AND JOHN ST, ,,1,Property Damage Only Collision,Parked Car,0,0,0,2,0,0,0,2015-10-19T00:00:00.000Z,10/19/2015 12:46:00 PM,Mid-Block (not related to intersection),14.0,"MOTOR VEHICLE STRUCK MOTOR VEHICLE, REAR END",,N,Clear or Partly Cloudy,Dry,Daylight,,,,32,One parked--one moving,0,0,N,884.2862798498734,422
192999,-122.30582739649395,47.588410601323574,193000,255306,255946,3764648,Matched,Intersection,31517.0,RAINIER AVE S AND S MASSACHUSETTS ST, ,,1,Property Damage Only Collision,Left Turn,2,0,0,2,0,0,0,2017-11-20T00:00:00.000Z,11/20/2017 6:41:00 AM,At Intersection (intersection related),11.0,"MOTOR VEHICLE STRUCK MOTOR VEHICLE, FRONT END AT ANGLE",,N,Raining,Wet,Dark - Street Lights On,,,,28,From opposite direction - one left turn - one straight,0,0,N,288.4286072172173,142
11479,-122.32791541728706,47.61457623127036,11480,25268,25268,1188758,Unmatched,Block,,MELROSE AVE BETWEEN PIKE ST AND PINE ST,,,0,Unknown,,0,0,0,0,0,0,0,2004-12-31T00:00:00.000Z,12/31/2004,Mid-Block (not related to intersection),11.0,"MOTOR VEHICLE STRUCK MOTOR VEHICLE, FRONT END AT ANGLE",,,,,,,4366022.0,,,,0,0,N,195.79563122727623,185
189522,-122.35535638297935,47.556003422843425,189523,250504,251104,2896035,Matched,Block,,SW DAWSON ST BETWEEN 16TH AVE SW AND 17TH AVE SW, ,,1,Property Damage Only Collision,Parked Car,2,0,0,2,0,0,0,2017-10-19T00:00:00.000Z,10/19/2017 1:04:00 AM,Mid-Block (not related to intersection),14.0,"MOTOR VEHICLE STRUCK MOTOR VEHICLE, REAR END",Y,N,Raining,Wet,Dark - Street Lights On,,,,32,One parked--one moving,0,0,N,286.5536241912298,756
36729,-122.39150463149055,47.6709205007346,34730,48478,48478,2187827,Matched,Block,,NW 58TH ST BETWEEN 26TH AVE NW AND 28TH AVE NW,,,2,Injury Collision,Sideswipe,4,0,0,2,1,0,0,2006-05-14T00:00:00.000Z,5/14/2006 7:45:00 PM,Mid-Block (not related to intersection),15.0,"MOTOR VEHICLE STRUCK MOTOR VEHICLE, RIGHT SIDE SIDESWIPE",,0,Clear or Partly Cloudy,Dry,Daylight,,6134024.0,,12,From same direction - both going straight - one stopped - sideswipe,0,0,N,130.53089726806598,780
156923,-122.27124790534292,47.54025093483574,155924,186978,187058,3709024,Matched,Block,,RAINIER AVE S BETWEEN S WILLOW ST AND S FRONTENAC ST, ,,1,Property Damage Only Collision,Angles,2,0,0,2,0,0,0,2015-03-03T00:00:00.000Z,3/3/2015 11:39:00 AM,Driveway Junction,11.0,"MOTOR VEHICLE STRUCK MOTOR VEHICLE, FRONT END AT ANGLE",Y,N,Clear or Partly Cloudy,Dry,Daylight,,,,10,Entering at angle,0,0,N,308.8694112716014,794
152542,-122.26803211044619,47.51985178659696,150543,177934,177954,3693811,Matched,Block,,RAINIER AVE S BETWEEN STURTEVANT AVE S AND 52ND AVE S, ,,2b,Serious Injury Collision,Other,2,0,0,1,2,1,0,2014-10-18T00:00:00.000Z,10/18/2014 3:00:00 AM,Mid-Block (not related to intersection),28.0,MOTOR VEHICLE RAN OFF ROAD - HIT FIXED OBJECT,,N,Raining,Wet,Dark - Street Lights On,,,Y,50,Fixed object,0,0,N,405.6575310376664,60
145826,-122.3134961875921,47.5648274941196,145827,172160,172180,3699055,Matched,Block,,15TH AVE S BETWEEN S NEVADA ST AND S COLUMBIAN S WAY, ,,1,Property Damage Only Collision,Rear Ended,2,0,0,2,0,0,0,2014-07-16T00:00:00.000Z,7/16/2014 8:43:00 AM,Mid-Block (not related to intersection),14.0,"MOTOR VEHICLE STRUCK MOTOR VEHICLE, REAR END",,N,Clear or Partly Cloudy,Dry,Daylight,,,,14,From same direction - both going straight - one stopped - rear-end,0,0,N,195.81992386479934,512
10909,-122.37489218028792,47.67381674922609,10910,24857,24857,1774018,Matched,Block,,NW 62ND ST BETWEEN 14TH AVE NW AND 15TH AVE NW,,,1,Property Damage Only Collision,Parked Car,2,0,0,2,0,0,0,2004-03-23T00:00:00.000Z,3/23/2004 8:30:00 PM,Mid-Block (not related to intersection),11.0,"MOTOR VEHICLE STRUCK MOTOR VEHICLE, FRONT END AT ANGLE",,0,Unknown,Unknown,Dark - Street Lights On,,4083027.0,,32,One parked--one moving,0,0,N,299.60661633047744,289
104920,-122.33372831870614,47.5982910012677,104921,119367,119367,3378026,Unmatched,Block,,S KING ST BETWEEN 1ST AVE S AND OCCIDENTAL W AVE S,,,0,Unknown,,0,0,0,0,0,0,0,2011-01-01T00:00:00.000Z,1/1/2011,Mid-Block (not related to intersection),13.0,"MOTOR VEHICLE STRUCK MOTOR VEHICLE, LEFT SIDE AT ANGLE",,,,,,,11001025.0,,,,0,0,N,1519.953507249404,762
133389,-122.35705880408712,47.61843123554906,133390,149322,149342,C767439,Unmatched,Block,,WESTERN AVE BETWEEN QUEEN ANNE AVE AND W DENNY WAY, ,,1,Property Damage Only Collision,,1,0,0,0,0,0,0,2012-07-24T00:00:00.000Z,7/24/2012,Mid-Block (not related to intersection),16.0,"MOTOR VEHICLE STRUCK MOTOR VEHICLE, LEFT SIDE SIDESWIPE",,,,,,,,, ,,0,0,N,969.9787489756267,663
173224,-122.33928780409106,47.70323017860157,173225,219697,219977,3787417,Matched,Intersection,37285.0,ASHWORTH AVE N AND N 103RD ST, ,,1,Property Damage Only Collision,Angles,2,0,0,2,0,0,0,2016-04-23T00:00:00.000Z,4/23/2016 2:41:00 PM,At Intersection (intersection related),11.0,"MOTOR VEHICLE STRUCK MOTOR VEHICLE, FRONT END AT ANGLE",,N,Clear or Partly Cloudy,Dry,Daylight,,,,10,Entering at angle,0,0,N,100.3003093813185,367
125486,-122.31711056968085,47.66129534249778,125487,142090,142090,3508067,Matched,Block,,NE 45TH ST BETWEEN ROOSEVELT WAY NE AND 11TH AVE NE,,,1,Property Damage Only Collision,Rear Ended,3,0,0,3,0,0,0,2012-12-16T00:00:00.000Z,12/16/2012 2:10:00 PM,Mid-Block (but intersection related),14.0,"MOTOR VEHICLE STRUCK MOTOR VEHICLE, REAR END",,N,Raining,Wet,Daylight,,12351008.0,Y,14,From same direction - both going straight - one stopped - rear-end,0,0,N,225.1868843884872,785
30656,-122.38118804680987,47.654229877693815,31657,45595,45595,2108827,Matched,Intersection,26483.0,FISHERMAN TERM DR AND W EMERSON PL,,,2,Injury Collision,Left Turn,2,0,0,2,1,0,0,2005-11-17T00:00:00.000Z,11/17/2005 10:30:00 AM,At Intersection (intersection related),11.0,"MOTOR VEHICLE STRUCK MOTOR VEHICLE, FRONT END AT ANGLE",,0,Clear or Partly Cloudy,Dry,Daylight,,5321043.0,,28,From opposite direction - one left turn - one straight,0,0,N,1003.2845716706169,136
137767,-122.26632623342476,47.53070282309722,137768,155138,155158,3574648,Unmatched,Block,,SEWARD PARK AVE S BETWEEN S KENYON ST AND S BUDD CT, ,,0,Unknown,,0,0,0,0,0,0,0,2013-09-29T00:00:00.000Z,9/29/2013,Mid-Block (not related to intersection),0.0,NOT ENOUGH INFORMATION / NOT APPLICABLE,,,,,,,,, ,,0,0,N,490.4917698916652,748
104527,-122.32955632243579,47.734100106551246,104528,119336,119336,E100359,Matched,Block,,N 145TH ST BETWEEN SUNNYSIDE AVE N AND 1ST AVE NE,,,2,Injury Collision,Rear Ended,2,0,0,2,1,0,0,2011-04-05T00:00:00.000Z,4/5/2011 9:42:00 AM,Mid-Block (not related to intersection),14.0,"MOTOR VEHICLE STRUCK MOTOR VEHICLE, REAR END",,N,Clear or Partly Cloudy,Dry,Daylight,,11095030.0,,14,From same direction - both going straight - one stopped - rear-end,0,0,N,430.48180127947404,825
1737,-122.37358091659584,47.67162888650733,2738,245300,245900,E681769,Matched,Intersection,25401.0,14TH AVE NW AND NW 59TH ST, ,,1,Property Damage Only Collision,Angles,2,0,0,2,0,0,0,2017-06-15T00:00:00.000Z,6/15/2017 6:25:00 PM,At Intersection (intersection related),14.0,"MOTOR VEHICLE STRUCK MOTOR VEHICLE, REAR END",,N,Raining,Wet,Daylight,,,,10,Entering at angle,0,0,N,227.45176090128908,543
125187,-122.27083470249487,47.53935673063,125188,138953,138953,3505970,Matched,Block,,RAINIER AVE S BETWEEN S FRONTENAC ST AND S MYRTLE ST,,,2,Injury Collision,Parked Car,3,0,0,2,1,0,0,2012-08-24T00:00:00.000Z,8/24/2012 1:26:00 AM,Mid-Block (not related to intersection),14.0,"MOTOR VEHICLE STRUCK MOTOR VEHICLE, REAR END",,N,Clear or Partly Cloudy,Dry,Dark - Street Lights On,,12237015.0,,32,One parked--one moving,0,0,N,234.40255411985743,794
104256,-122.30445987257835,47.55987646781337,104257,119598,119598,3566950,Matched,Block,,BEACON ER AVE S BETWEEN S ANGELINE ST AND S COLUMBIAN WAY,,,1,Property Damage Only Collision,Other,1,0,0,1,0,0,0,2011-06-19T00:00:00.000Z,6/19/2011 11:51:00 PM,Mid-Block (not related to intersection),28.0,MOTOR VEHICLE RAN OFF ROAD - HIT FIXED OBJECT,,Y,Clear or Partly Cloudy,Dry,Dark - Street Lights On,,11170007.0,,50,Fixed object,0,0,N,249.75056994423568,214
26223,-122.26998760148837,47.52953120981948,26224,40283,40283,1791405,Matched,Intersection,35410.0,RAINIER AVE S AND S ROSE N ST,,,1,Property Damage Only Collision,Angles,3,0,0,2,0,0,0,2005-04-12T00:00:00.000Z,4/12/2005 8:40:00 AM,At Intersection (intersection related),11.0,"MOTOR VEHICLE STRUCK MOTOR VEHICLE, FRONT END AT ANGLE",,0,Overcast,Dry,Daylight,,5102028.0,,10,Entering at angle,0,0,N,305.4357499239546,748
126683,-122.28410238669201,47.5564515676256,127684,144194,144194,3608497,Matched,Block,,RAINIER AVE S BETWEEN S HUDSON ST AND 39TH N AVE S, ,,2,Injury Collision,Angles,4,0,0,2,3,0,0,2013-02-23T00:00:00.000Z,2/23/2013 4:03:00 PM,Driveway Junction,14.0,"MOTOR VEHICLE STRUCK MOTOR VEHICLE, REAR END",,N,Overcast,Wet,Daylight,,13054033.0,,10,Entering at angle,0,0,N,80.89194495936745,508
195608,-122.30060074704195,47.54637929995615,193609,266943,267723,E761158,Matched,Intersection,33288.0,BEACON WR AVE S AND S GRAHAM ST, ,,1,Property Damage Only Collision,Angles,5,0,0,2,0,0,0,2018-01-20T00:00:00.000Z,1/20/2018 10:26:00 PM,At Intersection (intersection related),11.0,"MOTOR VEHICLE STRUCK MOTOR VEHICLE, FRONT END AT ANGLE",,N,Overcast,Wet,Dark - Street Lights On,,,,10,Entering at angle,0,0,N,303.2092597976198,14
140245,-122.3270193036339,47.59835485359495,139246,160070,160090,3589002,Matched,Block,,S KING ST BETWEEN 5TH AVE S AND 6TH AVE S, ,,2,Injury Collision,Parked Car,3,0,0,2,1,0,0,2014-01-13T00:00:00.000Z,1/13/2014 12:59:00 PM,Mid-Block (not related to intersection),11.0,"MOTOR VEHICLE STRUCK MOTOR VEHICLE, FRONT END AT ANGLE",,N,Clear or Partly Cloudy,Dry,Daylight,,,,20,One car leaving parked position,0,0,N,1161.0466088448052,52
18479,-122.32636549333736,47.59793585436032,18480,32286,32286,1213129,Matched,Block,,6TH AVE S BETWEEN S KING ST AND S WELLER ST,,,1,Property Damage Only Collision,Parked Car,2,0,0,2,0,0,0,2004-02-04T00:00:00.000Z,2/4/2004,Mid-Block (not related to intersection),11.0,"MOTOR VEHICLE STRUCK MOTOR VEHICLE, FRONT END AT ANGLE",,0,Clear or Partly Cloudy,Wet,Daylight,,4035013.0,,32,One parked--one moving,0,0,N,1112.73132088892,52
103843,-122.34818406264864,47.6297430951793,103844,119435,119435,3561026,Matched,Block,,HIGHLAND DR BETWEEN 4TH AVE N AND 5TH AVE N,,,1,Property Damage Only Collision,Sideswipe,3,0,0,2,0,0,0,2011-09-02T00:00:00.000Z,9/2/2011,Mid-Block (not related to intersection),16.0,"MOTOR VEHICLE STRUCK MOTOR VEHICLE, LEFT SIDE SIDESWIPE",,0,Clear or Partly Cloudy,Dry,Daylight,,11245026.0,,26,From opposite direction - both going straight - sideswipe,0,0,N,104.3436208279388,1004
936,-122.27000089722333,47.518652946947796,937,63000,63000,2058258,Matched,Block,,51ST AVE S BETWEEN S FLETCHER ST AND S CAMBRIDGE ST,,,1,Property Damage Only Collision,Right Turn,3,0,0,2,0,0,0,2006-05-05T00:00:00.000Z,5/5/2006,Mid-Block (not related to intersection),16.0,"MOTOR VEHICLE STRUCK MOTOR VEHICLE, LEFT SIDE SIDESWIPE",,0,Clear or Partly Cloudy,Dry,Daylight,,6125011.0,,16,From same direction - one right turn - one straight,0,0,N,544.08434344771,60
110387,-122.30257481014131,47.618019252577604,112388,129539,129539,3566386,Matched,Block,,23RD AVE BETWEEN E OLIVE N ST AND E DENNY WAY,,,1,Property Damage Only Collision,Angles,2,0,0,2,0,0,0,2011-09-16T00:00:00.000Z,9/16/2011 1:13:00 AM,Driveway Junction,11.0,"MOTOR VEHICLE STRUCK MOTOR VEHICLE, FRONT END AT ANGLE",,N,Overcast,Wet,Dark - Street Lights On,,11259019.0,,10,Entering at angle,0,0,N,254.47655731860542,965
51162,-122.34186554530476,47.73413094699242,51163,65420,65420,2875104,Matched,Block,,N 145TH ST BETWEEN STONE AVE N AND INTERLAKE AVE N,,,1,Property Damage Only Collision,Other,1,0,0,1,0,0,0,2007-12-30T00:00:00.000Z,12/30/2007 8:25:00 AM,Mid-Block (not related to intersection),28.0,MOTOR VEHICLE RAN OFF ROAD - HIT FIXED OBJECT,,0,Overcast,Dry,Daylight,,7364027.0,,50,Fixed object,0,0,N,260.92727810072245,337
96188,-122.30414012578899,47.55883751293413,96189,110057,110057,3372646,Matched,Block,,BEACON ER AVE S BETWEEN S COLUMBIAN WAY AND S FERDINAND N ST,,,1,Property Damage Only Collision,Left Turn,3,0,0,2,0,0,0,2010-12-17T00:00:00.000Z,12/17/2010 5:25:00 PM,Driveway Junction,11.0,"MOTOR VEHICLE STRUCK MOTOR VEHICLE, FRONT END AT ANGLE",,N,Clear or Partly Cloudy,Dry,Dark - Street Lights On,,10351032.0,,15,From same direction - one left turn - one straight,0,0,N,144.50412007611874,214
176237,-122.27004434832052,47.513344498347294,174238,222706,222986,3735399,Matched,Block,,51ST AVE S BETWEEN S BOND ST AND S GAZELLE ST,NEI,"Not Enough Information, or Insufficient Location Information",1,Property Damage Only Collision,Parked Car,3,0,0,2,0,0,0,2016-05-27T00:00:00.000Z,5/27/2016 6:20:00 PM,Mid-Block (not related to intersection),0.0,NOT ENOUGH INFORMATION / NOT APPLICABLE,,N,Unknown,Unknown,Daylight,,,,20,One car leaving parked position,0,0,N,602.1458010240275,213
122011,-122.32192040625559,47.70858579309433,123012,137403,137403,3503381,Matched,Block,,NE NORTHGATE WAY BETWEEN 5TH AVE NE AND 8TH AVE NE,,,1,Property Damage Only Collision,Angles,2,0,0,2,0,0,0,2012-12-19T00:00:00.000Z,12/19/2012 4:45:00 PM,Mid-Block (not related to intersection),11.0,"MOTOR VEHICLE STRUCK MOTOR VEHICLE, FRONT END AT ANGLE",,N,Raining,Wet,Dark - Street Lights On,,12354023.0,,10,Entering at angle,0,0,N,414.8087937760104,662
187101,-122.36122362122684,47.57116358306371,186102,240736,241176,3744505,Matched,Block,,W SEATTLE BR WB OFF RP BETWEEN W SEATTLE BR WB-CHELAN OFF RP AND DELRIDGE WAY SW, ,,2,Injury Collision,Other,1,0,0,1,1,0,0,2017-05-04T00:00:00.000Z,5/4/2017 6:45:00 PM,Mid-Block (not related to intersection),26.0,MOTOR VEHICLE STRUCK OBJECT IN ROAD,,N,Raining,Wet,Daylight,,,Y,50,Fixed object,0,0,N,971.8857161560585,9
165652,-122.32437905575216,47.63676930807404,165653,206839,207039,3585149,Matched,Block,,E NEWTON ST BETWEEN FRANKLIN AVE E AND E NEWTON LOWER ST, ,,1,Property Damage Only Collision,Parked Car,2,0,0,2,0,0,0,2015-11-06T00:00:00.000Z,11/6/2015 12:00:00 PM,Mid-Block (not related to intersection),14.0,"MOTOR VEHICLE STRUCK MOTOR VEHICLE, REAR END",,N,Unknown,Unknown,Unknown,,,,32,One parked--one moving,0,0,Y,412.62389580955886,959
174042,-122.37711619406748,47.54469467780968,175043,225918,226258,3693276,Matched,Block,,SW MORGAN ST BETWEEN 35TH AVE SW AND 36TH AVE SW, ,,1,Property Damage Only Collision,Angles,4,0,0,4,0,0,0,2016-08-18T00:00:00.000Z,8/18/2016 6:05:00 PM,Driveway Junction,11.0,"MOTOR VEHICLE STRUCK MOTOR VEHICLE, FRONT END AT ANGLE",Y,N,Clear or Partly Cloudy,Dry,Daylight,,,,10,Entering at angle,0,0,N,209.51535543119053,393
164070,-122.290340322886,47.54841215358447,164071,205642,205802,3726131,Matched,Block,,33RD AVE S BETWEEN DEAD END 3 AND S RAYMOND ST, ,,1,Property Damage Only Collision,Other,2,0,0,2,0,0,0,2015-10-27T00:00:00.000Z,10/27/2015 2:32:00 PM,Mid-Block (not related to intersection),11.0,"MOTOR VEHICLE STRUCK MOTOR VEHICLE, FRONT END AT ANGLE",,N,Clear or Partly Cloudy,Dry,Daylight,,,,23,From same direction - all others,0,0,N,340.29040559569114,637
41774,-122.34695317506771,47.61037733880475,41775,55881,55881,2608380,Matched,Block,,ALASKAN WAY BETWEEN LENORA ST AND BLANCHARD ST,,,2,Injury Collision,Cycles,5,0,1,1,1,0,0,2006-09-02T00:00:00.000Z,9/2/2006,Mid-Block (not related to intersection),14.0,"MOTOR VEHICLE STRUCK MOTOR VEHICLE, REAR END",Y,0,Clear or Partly Cloudy,Dry,Daylight,,6245008.0,,45,Vehicle - Pedalcyclist,0,0,N,1535.9075571155306,185
113098,-122.38425378061672,47.594618762358074,113099,127495,127495,3295755,Matched,Block,,HARBOR AVE SW BETWEEN ALKI AVE SW AND SW CALIFORNIA PL,,,1,Property Damage Only Collision,Parked Car,3,0,0,2,0,0,0,2011-07-31T00:00:00.000Z,7/31/2011 1:40:00 AM,Mid-Block (not related to intersection),14.0,"MOTOR VEHICLE STRUCK MOTOR VEHICLE, REAR END",,1,Clear or Partly Cloudy,Dry,Dark - Street Lights On,,11212014.0,,32,One parked--one moving,0,0,N,1294.1157766299514,180
32119,-122.33143031493555,47.61794061906912,30120,43762,43762,1792693,Matched,Block,,STEWART ST BETWEEN MINOR AVE AND YALE AVE,,,1,Property Damage Only Collision,Head On,2,0,0,2,0,0,0,2005-04-03T00:00:00.000Z,4/3/2005,Mid-Block (but intersection related),11.0,"MOTOR VEHICLE STRUCK MOTOR VEHICLE, FRONT END AT ANGLE",,0,Raining,Wet,Dark - Street Lights On,,5093031.0,,24,From opposite direction - both moving - head-on,0,0,N,476.9478010331809,55
68422,-122.33804918850522,47.655657946741435,68423,82702,82702,2894878,Matched,Block,,N 40TH ST BETWEEN WOODLAWN AVE N AND DENSMORE AVE N,,,2,Injury Collision,Rear Ended,2,0,0,2,1,0,0,2008-01-19T00:00:00.000Z,1/19/2008 3:36:00 PM,Mid-Block (but intersection related),14.0,"MOTOR VEHICLE STRUCK MOTOR VEHICLE, REAR END",Y,0,Raining,Wet,Daylight,,8019027.0,,14,From same direction - both going straight - one stopped - rear-end,0,0,N,137.25923073710476,474
159703,-122.30082708249569,47.685764781313104,160704,201078,201218,E456231,Matched,Block,,25TH AVE NE BETWEEN NE 77TH ST AND NE 80TH ST, ,,1,Property Damage Only Collision,Head On,0,0,0,2,0,0,0,2015-08-27T00:00:00.000Z,8/27/2015 3:40:00 PM,Mid-Block (not related to intersection),11.0,"MOTOR VEHICLE STRUCK MOTOR VEHICLE, FRONT END AT ANGLE",,N,Clear or Partly Cloudy,Dry,Daylight,,,,30,From opposite direction - all others,0,0,N,127.8467451673597,891
153680,-122.34240108216835,47.61211659834696,153681,183627,183707,3583663,Matched,Block,,2ND AVE BETWEEN VIRGINIA ST AND LENORA ST, ,,2,Injury Collision,Parked Car,4,0,0,2,1,0,0,2015-01-19T00:00:00.000Z,1/19/2015 2:38:00 AM,Mid-Block (not related to intersection),14.0,"MOTOR VEHICLE STRUCK MOTOR VEHICLE, REAR END",Y,N,Clear or Partly Cloudy,Dry,Dark - Street Lights On,,,,19,One car entering parked position,0,0,N,1170.3383002947812,185