,X,Y,OBJECTID,INCKEY,COLDETKEY,REPORTNO,STATUS,ADDRTYPE,INTKEY,LOCATION,EXCEPTRSNCODE,EXCEPTRSNDESC,SEVERITYCODE,SEVERITYDESC,COLLISIONTYPE,PERSONCOUNT,PEDCOUNT,PEDCYLCOUNT,VEHCOUNT,INJURIES,SERIOUSINJURIES,FATALITIES,INCDATE,INCDTTM,JUNCTIONTYPE,SDOT_COLCODE,SDOT_COLDESC,INATTENTIONIND,UNDERINFL,WEATHER,ROADCOND,LIGHTCOND,PEDROWNOTGRNT,SDOTCOLNUM,SPEEDING,ST_COLCODE,ST_COLDESC,SEGLANEKEY,CROSSWALKKEY,HITPARKEDCAR,CLOSEST_CIRCLE_DIST,CLOSEST_CIRCLE_INDEX
63675,-122.38261883062908,47.66867628627983,63676,77919,77919,2803000,Matched,Block,,NW MARKET ST BETWEEN 20TH AVE NW AND RUSSELL AVE NW,,,1,Property Damage Only Collision,Parked Car,5,0,0,2,0,0,0,2007-11-06T00:00:00.000Z,11/6/2007,Mid-Block (not related to intersection),11.0,"MOTOR VEHICLE STRUCK MOTOR VEHICLE, FRONT END AT ANGLE",,0,Overcast,Dry,Daylight,,7310010.0,,20,One car leaving parked position,0,0,N,295.3602947236876,212
154731,-122.37640010301406,47.54650397898805,154732,186797,186877,3588035,Matched,Intersection,32842.0,35TH AVE SW AND SW GRAHAM ST, ,,1,Property Damage Only Collision,Angles,3,0,0,2,0,0,0,2015-03-08T00:00:00.000Z,3/8/2015 4:58:00 PM,At Intersection (intersection related),11.0,"MOTOR VEHICLE STRUCK MOTOR VEHICLE, FRONT END AT ANGLE",,N,Clear or Partly Cloudy,Dry,Daylight,,,,10,Entering at angle,0,0,N,101.64921382607248,393
175984,-122.3121829171016,47.68801093960214,176985,227593,227933,3696013,Matched,Block,,15TH AVE NE BETWEEN LAKE CITY WAY NE AND NE 82ND ST, ,,1,Property Damage Only Collision,Rear Ended,3,0,0,3,0,0,0,2016-09-08T00:00:00.000Z,9/8/2016 8:21:00 AM,Mid-Block (not related to intersection),14.0,"MOTOR VEHICLE STRUCK MOTOR VEHICLE, REAR END",,N,Overcast,Wet,Daylight,,,,14,From same direction - both going straight - one stopped - rear-end,0,0,N,169.7877448573328,436
52960,-122.3762178301804,47.65421339513314,52961,67561,67561,C688709,Matched,Block,,15TH AVE W BETWEEN W EMERSON ST AND BALLARD BR,,,1,Property Damage Only Collision,Rear Ended,2,0,0,2,0,0,0,2007-06-24T00:00:00.000Z,6/24/2007 5:00:00 PM,Mid-Block (not related to intersection),14.0,"MOTOR VEHICLE STRUCK MOTOR VEHICLE, REAR END",,0,Clear or Partly Cloudy,Dry,Daylight,,7175035.0,,14,From same direction - both going straight - one stopped - rear-end,0,0,N,1079.7548062300684,292
54424,-122.37888104761484,47.67563603992475,54425,68856,68856,2795207,Matched,Block,,17TH AVE NW BETWEEN NW 64TH ST AND NW 65TH ST,,,1,Property Damage Only Collision,Parked Car,3,0,0,3,0,0,0,2007-11-10T00:00:00.000Z,11/10/2007 7:03:00 AM,Mid-Block (not related to intersection),13.0,"MOTOR VEHICLE STRUCK MOTOR VEHICLE, LEFT SIDE AT ANGLE",,0,Clear or Partly Cloudy,Wet,Dawn,,7314025.0,,32,One parked--one moving,0,0,N,120.6357362919,123
80422,-122.27901342312859,47.52611724995114,80423,96321,96321,2907621,Matched,Intersection,487284.0,M L KING JR ER WAY S AND S CLOVERDALE ST,,,1,Property Damage Only Collision,Angles,2,0,0,2,0,0,0,2009-10-30T00:00:00.000Z,10/30/2009 11:54:00 AM,At Intersection (intersection related),11.0,"MOTOR VEHICLE STRUCK MOTOR VEHICLE, FRONT END AT ANGLE",,0,Clear or Partly Cloudy,Dry,Daylight,,9303017.0,,10,Entering at angle,0,0,N,558.3516363740438,401
75472,-122.34210266926277,47.690544181285546,74473,90192,90192,2897412,Matched,Block,,N 85TH ST BETWEEN MIDVALE AVE N AND STONE W AVE N,,,2,Injury Collision,Rear Ended,4,0,0,2,1,0,0,2008-05-27T00:00:00.000Z,5/27/2008 3:14:00 PM,Mid-Block (but intersection related),14.0,"MOTOR VEHICLE STRUCK MOTOR VEHICLE, REAR END",,0,Clear or Partly Cloudy,Dry,Daylight,,8148018.0,,14,From same direction - both going straight - one stopped - rear-end,0,0,N,210.04308661905475,188
141938,-122.38750431535877,47.55933261227434,141939,162481,162501,3571561,Matched,Block,,SW EDMUNDS ST BETWEEN CALIFORNIA AVE SW AND 44TH AVE SW, ,,1,Property Damage Only Collision,Rear Ended,5,0,0,3,0,0,0,2014-02-15T00:00:00.000Z,2/15/2014 11:26:00 AM,Mid-Block (but intersection related),14.0,"MOTOR VEHICLE STRUCK MOTOR VEHICLE, REAR END",,N,Raining,Wet,Daylight,,,,14,From same direction - both going straight - one stopped - rear-end,0,0,N,409.25125550602,861
50860,-122.35530194851385,47.69059512596877,50861,65594,65594,2623412,Matched,Intersection,37459.0,GREENWOOD AVE N AND N 85TH ST,,,2,Injury Collision,Other,1,0,0,1,1,0,0,2007-04-21T00:00:00.000Z,4/21/2007 8:08:00 PM,At Intersection (intersection related),26.0,MOTOR VEHICLE STRUCK OBJECT IN ROAD,,0,Raining,Wet,Dark - Street Lights On,,7111015.0,Y,52,Vehicle overturned,0,0,N,217.86198544511583,468
128815,-122.2944260591087,47.592737052828255,126816,140887,140887,3610872,Unmatched,Block,,YAKIMA AVE S BETWEEN S NORMAN ST AND S JUDKINS ST,,,0,Unknown,,0,0,0,0,0,0,0,2012-10-11T00:00:00.000Z,10/11/2012,,0.0,NOT ENOUGH INFORMATION / NOT APPLICABLE,,,,,,,12285032.0,,,,0,0,N,100.39181282794424,898
30790,-122.33843539353461,47.62455235985842,31791,46039,46039,1933877,Matched,Intersection,28764.0,MERCER SR ST AND WESTLAKE AVE N,,,1,Property Damage Only Collision,Left Turn,6,0,0,2,0,0,0,2005-04-30T00:00:00.000Z,4/30/2005 9:29:00 PM,At Intersection (intersection related),11.0,"MOTOR VEHICLE STRUCK MOTOR VEHICLE, FRONT END AT ANGLE",,0,Clear or Partly Cloudy,Dry,Dark - Street Lights On,,5120018.0,,15,From same direction - one left turn - one straight,0,0,N,622.6922582307614,272
164975,-122.37658197973373,47.538308186548825,164976,207812,208012,3731803,Matched,Block,,35TH AVE SW BETWEEN SW MYRTLE ST AND SW OTHELLO ST, ,,2,Injury Collision,Rear Ended,2,0,0,2,1,0,0,2015-11-25T00:00:00.000Z,11/25/2015 12:23:00 PM,Mid-Block (but intersection related),14.0,"MOTOR VEHICLE STRUCK MOTOR VEHICLE, REAR END",,N,Clear or Partly Cloudy,Dry,Daylight,,,,13,From same direction - both going straight - both moving - rear-end,0,0,N,226.73622511755448,452
30604,-122.30459125885454,47.64899740410285,31605,45576,45576,2027110,Matched,Intersection,27299.0,MONTLAKE BLVD NE AND NE PACIFIC ST,,,1,Property Damage Only Collision,Rear Ended,3,0,0,2,0,0,0,2005-08-02T00:00:00.000Z,8/2/2005,At Intersection (intersection related),14.0,"MOTOR VEHICLE STRUCK MOTOR VEHICLE, REAR END",,0,Clear or Partly Cloudy,Dry,Daylight,,5214019.0,,73,Same direction -- both turning right -- both moving -- rear end,0,0,N,730.0633211144425,1034
156723,-122.30088691634994,47.66326617682528,155724,185811,185891,3575432,Matched,Intersection,25960.0,25TH AVE NE AND NE 47TH ST, ,,1,Property Damage Only Collision,Left Turn,2,0,0,2,0,0,0,2015-02-19T00:00:00.000Z,2/19/2015 8:30:00 PM,At Intersection (intersection related),11.0,"MOTOR VEHICLE STRUCK MOTOR VEHICLE, FRONT END AT ANGLE",,N,Overcast,,Dark - Street Lights On,,,,28,From opposite direction - one left turn - one straight,0,0,N,535.2275409998958,144
112644,-122.3445144354172,47.68911276551052,110645,126098,126098,3553011,Matched,Intersection,24276.0,AURORA AVE N AND GREEN LAKE DR N,,,2,Injury Collision,Cycles,3,0,1,1,1,0,0,2011-06-07T00:00:00.000Z,6/7/2011 5:52:00 PM,At Intersection (intersection related),18.0,"MOTOR VEHICLE STRUCK PEDALCYCLIST, FRONT END AT ANGLE",,N,Overcast,Wet,Daylight,,11158001.0,,45,Vehicle - Pedalcyclist,10506,0,N,315.9952495098829,648
37798,-122.33420024808396,47.580854535232284,37799,51737,51737,2620470,Matched,Block,,1ST AVE S BETWEEN S STACY ST AND S LANDER ST,,,1,Property Damage Only Collision,Other,1,0,0,1,0,0,0,2006-11-20T00:00:00.000Z,11/20/2006 1:13:00 PM,Mid-Block (not related to intersection),0.0,NOT ENOUGH INFORMATION / NOT APPLICABLE,Y,0,Overcast,Wet,Daylight,,6324046.0,,50,Fixed object,0,0,N,1430.3220672178086,875
98946,-122.31946547553095,47.615245137368404,98947,113483,113483,3199011,Matched,Intersection,29738.0,10TH AVE AND E PINE ST,,,2,Injury Collision,Cycles,4,0,1,1,1,0,0,2010-09-03T00:00:00.000Z,9/3/2010 12:42:00 PM,At Intersection (intersection related),11.0,"MOTOR VEHICLE STRUCK MOTOR VEHICLE, FRONT END AT ANGLE",Y,N,Clear or Partly Cloudy,Dry,Daylight,,10246020.0,,45,Vehicle - Pedalcyclist,10414,0,N,321.8271973147359,489
58233,-122.34729431770184,47.64717111937132,58234,72797,72797,2898628,Matched,Block,,AURORA BR BETWEEN RAYE ST AND BRIDGE WAY N,,,1,Property Damage Only Collision,Right Turn,2,0,0,2,0,0,0,2007-12-14T00:00:00.000Z,12/14/2007 4:45:00 PM,Mid-Block (but intersection related),14.0,"MOTOR VEHICLE STRUCK MOTOR VEHICLE, REAR END",,0,Clear or Partly Cloudy,Dry,Dark - Street Lights On,,7348031.0,,16,From same direction - one right turn - one straight,0,0,N,398.52882747946904,962
108383,-122.30503882677445,47.60267222205848,108384,124974,124974,3566201,Matched,Intersection,30719.0,21ST AVE AND E FIR ST,,,2,Injury Collision,Angles,4,0,0,2,1,0,0,2011-06-28T00:00:00.000Z,6/28/2011 1:59:00 PM,At Intersection (intersection related),14.0,"MOTOR VEHICLE STRUCK MOTOR VEHICLE, REAR END",,N,Clear or Partly Cloudy,Dry,Daylight,,11179002.0,,10,Entering at angle,0,0,N,98.14129205163488,286
188375,-122.33271816489223,47.61694494292703,188376,245638,246238,E689018,Matched,Intersection,29851.0,BOREN AVE AND STEWART ST, ,,1,Property Damage Only Collision,Left Turn,2,0,0,2,0,0,0,2017-07-07T00:00:00.000Z,7/7/2017 2:42:00 PM,At Intersection (intersection related),11.0,"MOTOR VEHICLE STRUCK MOTOR VEHICLE, FRONT END AT ANGLE",,N,Clear or Partly Cloudy,Dry,Daylight,,,,15,From same direction - one left turn - one straight,0,0,N,543.5540859095674,55
151377,-122.33504977315931,47.69867599056612,152378,181636,181676,3736333,Matched,Block,,COLLEGE WAY N BETWEEN N 95TH ST AND N 97TH ST, ,,1,Property Damage Only Collision,Parked Car,2,0,0,2,0,0,0,2014-12-15T00:00:00.000Z,12/15/2014 12:12:00 AM,Mid-Block (not related to intersection),14.0,"MOTOR VEHICLE STRUCK MOTOR VEHICLE, REAR END",,N,Clear or Partly Cloudy,Dry,Dark - Street Lights On,,,,32,One parked--one moving,0,0,N,148.7094696858133,670
84386,-122.34231499099329,47.62844571671958,84387,99397,99397,3328682,Matched,Block,,DEXTER AVE N BETWEEN WARD ST AND PROSPECT ST,,,1,Property Damage Only Collision,Parked Car,2,0,0,2,0,0,0,2009-11-05T00:00:00.000Z,11/5/2009,Mid-Block (not related to intersection),14.0,"MOTOR VEHICLE STRUCK MOTOR VEHICLE, REAR END",,0,Unknown,Unknown,Unknown,,9309032.0,,32,One parked--one moving,0,0,N,202.48321886203755,272
139890,-122.31976989908019,47.59495304813445,140891,160252,160272,C782308,Unmatched,Block,,I5 NB COLLECTOR BETWEEN DEARBORN ST OFF RP AND I90 EB - I5 NB ON RP, ,,0,Unknown,,0,0,0,0,0,0,0,2013-09-11T00:00:00.000Z,9/11/2013,Mid-Block (not related to intersection),14.0,"MOTOR VEHICLE STRUCK MOTOR VEHICLE, REAR END",,,,,,,,, ,,0,0,N,669.8849461418991,900
115966,-122.35214180746122,47.62457135833992,115967,129759,129759,3550441,Matched,Block,,MERCER ST BETWEEN 2ND AVE N AND 3RD AVE N,,,1,Property Damage Only Collision,Parked Car,2,0,0,2,0,0,0,2011-06-06T00:00:00.000Z,6/6/2011 6:00:00 PM,,0.0,NOT ENOUGH INFORMATION / NOT APPLICABLE,,N,Unknown,Unknown,Unknown,,11157028.0,,32,One parked--one moving,0,0,N,198.20495897891473,663
13767,-122.35113393770473,47.5709417837772,13768,27362,27362,1798430,Matched,Block,,WEST SEATTLE BR EB BETWEEN ALASKAN WY VI NB ON RP AND DELRIDGE-W SEATTLE BR EB ON RP,,,2,Injury Collision,Rear Ended,2,0,0,2,1,0,0,2004-05-28T00:00:00.000Z,5/28/2004 8:09:00 AM,Mid-Block (not related to intersection),14.0,"MOTOR VEHICLE STRUCK MOTOR VEHICLE, REAR END",,0,Overcast,Wet,Daylight,,4149051.0,,14,From same direction - both going straight - one stopped - rear-end,0,0,N,1400.7366673855074,9
199861,-122.35544894026482,47.70471992862981,200862,292518,293458,3751177,Matched,Block,,GREENWOOD AVE N BETWEEN N 104TH ST AND HOLMAN RD N, ,,1,Property Damage Only Collision,Angles,2,0,0,2,0,0,0,2018-04-04T00:00:00.000Z,4/4/2018 6:00:00 PM,Mid-Block (not related to intersection),14.0,"MOTOR VEHICLE STRUCK MOTOR VEHICLE, REAR END",,N,Raining,Wet,Dawn,,,,10,Entering at angle,0,0,N,206.28053565181284,294
78419,-122.2824825974061,47.714217528498885,79420,93829,93829,3286688,Matched,Block,,SAND POINT WAY NE BETWEEN NE 115TH ST AND NE 120TH ST,,,1,Property Damage Only Collision,Parked Car,2,0,0,2,0,0,0,2009-02-27T00:00:00.000Z,2/27/2009 6:28:00 PM,Mid-Block (not related to intersection),14.0,"MOTOR VEHICLE STRUCK MOTOR VEHICLE, REAR END",Y,1,Clear or Partly Cloudy,Dry,Dark - Street Lights On,,9058010.0,,32,One parked--one moving,0,0,N,256.3467909737809,839
69238,-122.35481277961563,47.72640683139606,69239,83548,83548,2830169,Matched,Block,,N 134TH ST BETWEEN GREENWOOD AVE N AND BITTER PL N,,,1,Property Damage Only Collision,Parked Car,2,0,0,2,0,0,0,2008-03-30T00:00:00.000Z,3/30/2008 11:03:00 PM,Mid-Block (not related to intersection),11.0,"MOTOR VEHICLE STRUCK MOTOR VEHICLE, FRONT END AT ANGLE",,0,Overcast,Wet,Dark - Street Lights On,,8090010.0,,32,One parked--one moving,0,0,N,328.5495198305082,360
48128,-122.31747602103368,47.68246340198113,48129,62172,62172,2610085,Matched,Block,,ROOSEVELT WAY NE BETWEEN LAKE CITY WAY NE AND ROOSEVELT TURN RD NE,,,2,Injury Collision,Rear Ended,5,0,0,3,1,0,0,2006-12-26T00:00:00.000Z,12/26/2006 12:55:00 PM,Driveway Junction,14.0,"MOTOR VEHICLE STRUCK MOTOR VEHICLE, REAR END",,0,Raining,Wet,Daylight,,6360027.0,,14,From same direction - both going straight - one stopped - rear-end,0,0,N,413.58500303673003,940
15579,-122.30730248320977,47.72933513136928,16580,30159,30159,1781966,Matched,Block,,20TH AVE NE BETWEEN NE 137TH ST AND NE 140TH ST,,,2,Injury Collision,Other,1,0,0,1,1,0,0,2004-07-29T00:00:00.000Z,7/29/2004 1:31:00 PM,Mid-Block (not related to intersection),28.0,MOTOR VEHICLE RAN OFF ROAD - HIT FIXED OBJECT,,0,Clear or Partly Cloudy,Dry,Daylight,,4211014.0,,50,Fixed object,0,0,N,137.6129379365214,63
2379,-122.3034131254356,47.57192257874143,3380,16665,16665,3671972,Matched,Intersection,32541.0,23RD AVE S AND S SPOKANE ST, ,,2,Injury Collision,Other,2,0,0,1,1,0,0,2013-04-08T00:00:00.000Z,4/8/2013 5:32:00 AM,At Intersection (intersection related),28.0,MOTOR VEHICLE RAN OFF ROAD - HIT FIXED OBJECT,,N,Raining,Wet,Dark - Street Lights On,,,,50,Fixed object,0,0,N,182.22991929714922,997
66270,-122.37613623359587,47.647506675747096,66271,80184,80184,3288646,Matched,Block,,15TH AV W NB OFF RP BETWEEN 15TH AVE W AND W DRAVUS ST,,,2,Injury Collision,Rear Ended,3,0,0,2,2,0,0,2008-10-30T00:00:00.000Z,10/30/2008 12:44:00 AM,Mid-Block (but intersection related),14.0,"MOTOR VEHICLE STRUCK MOTOR VEHICLE, REAR END",,1,Clear or Partly Cloudy,Dry,Dark - Street Lights On,,8304006.0,,14,From same direction - both going straight - one stopped - rear-end,0,0,N,441.3383447580962,292
154600,-122.29050838378807,47.683951513500936,154601,186260,186340,3642112,Matched,Block,,35TH AVE NE BETWEEN NE 75TH ST AND NE 77TH ST, ,,2,Injury Collision,Rear Ended,3,0,0,2,1,0,0,2015-02-26T00:00:00.000Z,2/26/2015 1:52:00 PM,Mid-Block (but intersection related),14.0,"MOTOR VEHICLE STRUCK MOTOR VEHICLE, REAR END",Y,N,Clear or Partly Cloudy,Dry,Daylight,,,,14,From same direction - both going straight - one stopped - rear-end,0,0,N,126.70335711790293,540
110863,-122.26999025812307,47.534671801520126,112864,128042,128042,3374268,Matched,Intersection,34479.0,RAINIER AVE S AND S AUSTIN ST,,,2,Injury Collision,Left Turn,2,0,0,2,1,0,0,2011-04-08T00:00:00.000Z,4/8/2011 5:56:00 PM,At Intersection (intersection related),11.0,"MOTOR VEHICLE STRUCK MOTOR VEHICLE, FRONT END AT ANGLE",,N,Clear or Partly Cloudy,Dry,Daylight,,11098004.0,,28,From opposite direction - one left turn - one straight,0,0,N,199.7833693532575,657
14229,-122.3562734949065,47.637157254600744,14230,27901,27901,04176035,Unmatched,Block,,CROCKETT ST BETWEEN QUEEN ANNE AVE N AND 1ST S AVE N,,,0,Unknown,,0,0,0,0,0,0,0,2004-06-24T00:00:00.000Z,6/24/2004,Mid-Block (not related to intersection),14.0,"MOTOR VEHICLE STRUCK MOTOR VEHICLE, REAR END",,,,,,,4176035.0,,,,0,0,N,242.10129940698206,886
140847,-122.3532874744649,47.692412342870156,139848,158936,158956,C780259,Unmatched,Block,,N 87TH ST BETWEEN PHINNEY AVE N AND DAYTON AVE N, ,,0,Unknown,,0,0,0,0,0,0,0,2013-07-24T00:00:00.000Z,7/24/2013,Mid-Block (not related to intersection),11.0,"MOTOR VEHICLE STRUCK MOTOR VEHICLE, FRONT END AT ANGLE",,,,,,,,, ,,0,0,N,50.06610589645216,443
55860,-122.32528836091299,47.6188959963902,55861,69858,69858,2906432,Matched,Intersection,29161.0,SUMMIT AVE E AND E OLIVE WAY,,,2,Injury Collision,Pedestrian,2,1,0,1,1,0,0,2007-12-19T00:00:00.000Z,12/19/2007 8:19:00 PM,At Intersection (intersection related),24.0,MOTOR VEHCILE STRUCK PEDESTRIAN,,0,Raining,Wet,Dark - Street Lights On,Y,7353004.0,,2,Vehicle turning left hits pedestrian,0,0,N,203.54073758122314,107
145554,-122.31678132905456,47.60393590750514,145555,171118,171138,3701742,Matched,Block,,12TH AVE BETWEEN E SPRUCE ST AND E ALDER ST, ,,1,Property Damage Only Collision,Rear Ended,2,0,0,2,0,0,0,2014-06-04T00:00:00.000Z,6/4/2014 4:20:00 PM,Mid-Block (not related to intersection),14.0,"MOTOR VEHICLE STRUCK MOTOR VEHICLE, REAR END",,N,Clear or Partly Cloudy,Dry,Daylight,,,,14,From same direction - both going straight - one stopped - rear-end,0,0,N,297.67349093487184,749
203066,-122.3707596089818,47.668661918522304,202877,306132,307412,3587100,Unmatched,Intersection,25422.0,11TH AVE NW AND NW MARKET ST, ,,1,Property Damage Only Collision,,2,0,0,0,0,0,0,2018-10-27T00:00:00.000Z,10/27/2018,At Intersection (intersection related),14.0,"MOTOR VEHICLE STRUCK MOTOR VEHICLE, REAR END",,,,,,,,, ,,0,0,N,86.34237169166113,647
129831,-122.33847999955081,47.619118504497465,129832,147586,147606,3615490,Matched,Block,,WESTLAKE AVE N BETWEEN DENNY WAY AND JOHN ST, ,,1,Property Damage Only Collision,Parked Car,2,0,0,2,0,0,0,2013-06-04T00:00:00.000Z,6/4/2013 12:15:00 PM,,0.0,NOT ENOUGH INFORMATION / NOT APPLICABLE,,N,Clear or Partly Cloudy,Dry,Daylight,,,,32,One parked--one moving,0,0,N,1020.3621333173032,55
49578,-122.30212529992886,47.60800752414937,49579,63717,63717,2604050,Matched,Block,,E CHERRY ST BETWEEN 23RD AVE AND 24TH AVE,,,1,Property Damage Only Collision,Parked Car,2,0,0,2,0,0,0,2006-12-23T00:00:00.000Z,12/23/2006 1:51:00 PM,Mid-Block (not related to intersection),16.0,"MOTOR VEHICLE STRUCK MOTOR VEHICLE, LEFT SIDE SIDESWIPE",,0,Clear or Partly Cloudy,Wet,Daylight,,6357008.0,,32,One parked--one moving,0,0,N,122.69029854843295,368
106225,-122.31413725545687,47.59921008677189,106226,122196,122196,3567614,Matched,Intersection,30428.0,BOREN AVE S AND RAINIER AVE S,,,1,Property Damage Only Collision,Left Turn,2,0,0,2,0,0,0,2011-12-28T00:00:00.000Z,12/28/2011 9:28:00 PM,At Intersection (intersection related),11.0,"MOTOR VEHICLE STRUCK MOTOR VEHICLE, FRONT END AT ANGLE",,N,Overcast,Wet,Dark - Street Lights On,,11362007.0,,15,From same direction - one left turn - one straight,0,0,N,215.8650691439748,52
60144,-122.32233080018557,47.67587201779961,60145,74844,74844,2829290,Matched,Intersection,24493.0,NE 65TH ST AND NE RAVENNA EB BV,,,1,Property Damage Only Collision,Right Turn,2,0,0,2,0,0,0,2007-09-13T00:00:00.000Z,9/13/2007 7:35:00 AM,At Intersection (intersection related),11.0,"MOTOR VEHICLE STRUCK MOTOR VEHICLE, FRONT END AT ANGLE",,0,Clear or Partly Cloudy,Dry,Daylight,,7256021.0,,16,From same direction - one right turn - one straight,0,0,N,289.67544437538356,1023
50696,-122.30925232445732,47.67578102311003,50697,64928,64928,2830262,Matched,Block,,NE 65TH ST BETWEEN 17TH AVE NE AND 18TH AVE NE,,,1,Property Damage Only Collision,Parked Car,2,0,0,2,0,0,0,2007-09-09T00:00:00.000Z,9/9/2007,Mid-Block (not related to intersection),14.0,"MOTOR VEHICLE STRUCK MOTOR VEHICLE, REAR END",,0,Clear or Partly Cloudy,Dry,Dawn,,7252042.0,,32,One parked--one moving,0,0,N,232.6942833626359,222
20224,-122.32644427220114,47.61076543511686,20225,33786,33786,1217142,Matched,Intersection,29907.0,BOREN AVE AND SENECA ST,,,2,Injury Collision,Angles,2,0,0,2,1,0,0,2005-08-11T00:00:00.000Z,8/11/2005 11:22:00 PM,At Intersection (intersection related),11.0,"MOTOR VEHICLE STRUCK MOTOR VEHICLE, FRONT END AT ANGLE",,0,Clear or Partly Cloudy,Dry,Dark - Street Lights On,,5223031.0,,10,Entering at angle,0,0,N,135.39741645289394,688
91202,-122.33734936556722,47.520470650479076,91203,107262,107262,2796183,Matched,Block,,OLSON PL SW BETWEEN 2ND AVE SW AND 3RD AVE SW,,,2,Injury Collision,Rear Ended,2,0,0,2,1,0,0,2010-10-29T00:00:00.000Z,10/29/2010 7:05:00 AM,Mid-Block (not related to intersection),14.0,"MOTOR VEHICLE STRUCK MOTOR VEHICLE, REAR END",,0,Overcast,Wet,Dawn,,10302015.0,,14,From same direction - both going straight - one stopped - rear-end,0,0,N,899.2494296429637,415
806,-122.34467325072448,47.641577698231615,807,72500,72500,2607098,Matched,Block,,DEXTER AVE N BETWEEN WHEELER ST AND HALLADAY ST,,,1,Property Damage Only Collision,Parked Car,4,0,0,4,0,0,0,2007-10-01T00:00:00.000Z,10/1/2007,Mid-Block (not related to intersection),13.0,"MOTOR VEHICLE STRUCK MOTOR VEHICLE, LEFT SIDE AT ANGLE",,0,Raining,Wet,Dark - Street Lights On,,7274022.0,,32,One parked--one moving,0,0,N,411.23129038025064,607
15026,-122.35710062176344,47.662885300494395,16027,29869,29869,1931282,Unmatched,Block,,N MARKET ST BETWEEN 1ST AVE NW AND PALATINE AVE N,,,0,Unknown,,0,0,0,0,0,0,0,2004-12-29T00:00:00.000Z,12/29/2004,Mid-Block (but intersection related),16.0,"MOTOR VEHICLE STRUCK MOTOR VEHICLE, LEFT SIDE SIDESWIPE",,,,,,,4364008.0,,,,0,0,N,148.87642515205806,706
92303,-122.31622207171301,47.61643676458142,92304,105950,105950,3275042,Matched,Block,,E OLIVE ST BETWEEN 12TH AVE AND 13TH AVE,,,1,Property Damage Only Collision,Parked Car,2,0,0,2,0,0,0,2009-03-31T00:00:00.000Z,3/31/2009 11:00:00 PM,Mid-Block (not related to intersection),13.0,"MOTOR VEHICLE STRUCK MOTOR VEHICLE, LEFT SIDE AT ANGLE",,0,Unknown,Unknown,Dark - Street Lights On,,9090028.0,,32,One parked--one moving,0,0,N,49.2299550325071,489
188584,-122.31763816171551,47.661298736597935,188585,244971,245571,3764552,Matched,Intersection,27066.0,ROOSEVELT WAY NE AND NE 45TH ST, ,,2,Injury Collision,Left Turn,2,0,0,2,1,0,0,2017-06-15T00:00:00.000Z,6/15/2017 12:25:00 AM,At Intersection (intersection related),11.0,"MOTOR VEHICLE STRUCK MOTOR VEHICLE, FRONT END AT ANGLE",,N,Overcast,Dry,Dark - Street Lights On,,,,28,From opposite direction - one left turn - one straight,0,0,N,210.86429295407154,785
92415,-122.31728076581378,47.59268800139508,92416,107061,107061,3211463,Matched,Block,,12TH AVE S BETWEEN S CHARLES S ST AND S JUDKINS ST,,,1,Property Damage Only Collision,Angles,2,0,0,2,0,0,0,2010-03-31T00:00:00.000Z,3/31/2010 8:50:00 AM,Mid-Block (not related to intersection),11.0,"MOTOR VEHICLE STRUCK MOTOR VEHICLE, FRONT END AT ANGLE",,N,Clear or Partly Cloudy,Dry,Daylight,,10090015.0,,10,Entering at angle,0,0,N,388.9032221083707,900
49178,-122.39346682448824,47.56571265375108,49179,63342,63342,2613782,Matched,Block,,48TH AVE SW BETWEEN SW DAKOTA ST AND SW GENESEE ST,,,1,Property Damage Only Collision,Parked Car,2,0,0,2,0,0,0,2006-07-10T00:00:00.000Z,7/10/2006 12:30:00 AM,Mid-Block (not related to intersection),11.0,"MOTOR VEHICLE STRUCK MOTOR VEHICLE, FRONT END AT ANGLE",,0,Clear or Partly Cloudy,Dry,Unknown,,6191021.0,,32,One parked--one moving,0,0,N,143.23619561882884,761
32684,-122.31867849522577,47.60087631527912,30685,44556,44556,1788591,Matched,Block,,S WASHINGTON ST BETWEEN 10TH AVE S AND DEAD END 3,,,1,Property Damage Only Collision,Parked Car,3,0,0,3,0,0,0,2005-02-04T00:00:00.000Z,2/4/2005,Mid-Block (not related to intersection),16.0,"MOTOR VEHICLE STRUCK MOTOR VEHICLE, LEFT SIDE SIDESWIPE",,0,Clear or Partly Cloudy,Dry,Dark - Street Lights On,,5035022.0,,32,One parked--one moving,0,0,N,480.32333907688,627
5407,-122.3294014465019,47.56020506799085,5408,19169,19169,04239034,Unmatched,Block,,4TH AV S VI BETWEEN 4TH AVE S AND 4TH AVE S,,,0,Unknown,,0,0,0,0,0,0,0,2004-08-26T00:00:00.000Z,8/26/2004,Mid-Block (not related to intersection),11.0,"MOTOR VEHICLE STRUCK MOTOR VEHICLE, FRONT END AT ANGLE",,,,,,,4239034.0,,,,0,0,N,956.4998712551027,117