,X,Y,OBJECTID,INCKEY,COLDETKEY,REPORTNO,STATUS,ADDRTYPE,INTKEY,LOCATION,EXCEPTRSNCODE,EXCEPTRSNDESC,SEVERITYCODE,SEVERITYDESC,COLLISIONTYPE,PERSONCOUNT,PEDCOUNT,PEDCYLCOUNT,VEHCOUNT,INJURIES,SERIOUSINJURIES,FATALITIES,INCDATE,INCDTTM,JUNCTIONTYPE,SDOT_COLCODE,SDOT_COLDESC,INATTENTIONIND,UNDERINFL,WEATHER,ROADCOND,LIGHTCOND,PEDROWNOTGRNT,SDOTCOLNUM,SPEEDING,ST_COLCODE,ST_COLDESC,SEGLANEKEY,CROSSWALKKEY,HITPARKEDCAR,CLOSEST_CIRCLE_DIST,CLOSEST_CIRCLE_INDEX
50426,-122.34857571800785,47.65476561554004,50427,65119,65119,2795800,Matched,Block,,LINDEN AVE N BETWEEN N 39TH ST AND N 40TH ST,,,1,Property Damage Only Collision,Sideswipe,2,0,0,2,0,0,0,2007-11-19T00:00:00.000Z,11/19/2007 9:00:00 AM,Mid-Block (not related to intersection),16.0,"MOTOR VEHICLE STRUCK MOTOR VEHICLE, LEFT SIDE SIDESWIPE",,0,Raining,Wet,Daylight,,7323018.0,,26,From opposite direction - both going straight - sideswipe,0,0,N,302.6499865051054,934
150665,-122.31803778545893,47.68311776305654,151666,183858,183938,3707777,Matched,Block,,NE 75TH ST BETWEEN 9TH AVE NE AND ROOSEVELT WAY NE, ,,1,Property Damage Only Collision,Sideswipe,4,0,0,2,0,0,0,2015-01-05T00:00:00.000Z,1/5/2015 7:45:00 AM,Mid-Block (not related to intersection),11.0,"MOTOR VEHICLE STRUCK MOTOR VEHICLE, FRONT END AT ANGLE",Y,N,Raining,Wet,Dark - Street Lights On,,,,11,From same direction - both going straight - both moving - sideswipe,0,0,N,364.14842245354254,435
190495,-122.33313739351921,47.57157740973653,190496,249121,249721,3764934,Matched,Intersection,590094.0,1ST AV S OFF RP AND WEST SEATTLE BR WB, ,,2,Injury Collision,Other,0,0,0,1,1,0,0,2017-10-01T00:00:00.000Z,10/1/2017 2:34:00 AM,At Intersection (intersection related),26.0,MOTOR VEHICLE STRUCK OBJECT IN ROAD,,N,Clear or Partly Cloudy,Dry,Dark - No Street Lights,,,,50,Fixed object,0,0,N,1436.012936705937,178
162414,-122.35214836432888,47.67245423916025,162415,201380,201520,3733752,Unmatched,Block,,N 60TH ST BETWEEN DAYTON AVE N AND EVANSTON AVE N, ,,2,Injury Collision,,1,0,0,0,1,0,0,2015-08-29T00:00:00.000Z,8/29/2015,Mid-Block (not related to intersection),11.0,"MOTOR VEHICLE STRUCK MOTOR VEHICLE, FRONT END AT ANGLE",,,,,,,,, ,,0,0,Y,55.019385974076854,524
96428,-122.29820537819123,47.60901066252033,96429,110072,110072,3332152,Matched,Block,,E COLUMBIA ST BETWEEN 26TH AVE AND 27TH AVE,,,1,Property Damage Only Collision,Parked Car,2,0,0,2,0,0,0,2010-06-05T00:00:00.000Z,6/5/2010 9:40:00 AM,Mid-Block (not related to intersection),16.0,"MOTOR VEHICLE STRUCK MOTOR VEHICLE, LEFT SIDE SIDESWIPE",,N,Clear or Partly Cloudy,Dry,Daylight,,10156022.0,,32,One parked--one moving,0,0,N,48.920303995644986,102
202514,-122.28861189083406,47.56564954486157,202325,301580,302801,3810829,Matched,Intersection,32705.0,RAINIER AVE S AND S ADAMS ST, ,,1,Property Damage Only Collision,Angles,4,0,0,2,0,0,0,2018-09-03T00:00:00.000Z,9/3/2018 10:59:00 AM,At Intersection (intersection related),11.0,"MOTOR VEHICLE STRUCK MOTOR VEHICLE, FRONT END AT ANGLE",,N,Clear or Partly Cloudy,Dry,Daylight,,,,10,Entering at angle,0,0,N,197.98922786691065,732
44479,-122.306705093404,47.566404582615434,44480,58784,58784,2611101,Matched,Block,,BEACON WR N AVE S BETWEEN BEACON AVE S AND BEACON ER S AVE S,,,1,Property Damage Only Collision,Rear Ended,3,0,0,3,0,0,0,2006-11-02T00:00:00.000Z,11/2/2006,Mid-Block (not related to intersection),14.0,"MOTOR VEHICLE STRUCK MOTOR VEHICLE, REAR END",,0,Raining,Wet,Dark - Street Lights On,,6306096.0,,14,From same direction - both going straight - one stopped - rear-end,0,0,N,709.5527294129438,512
37879,-122.32349448590664,47.73349804819346,37880,52019,52019,2184790,Matched,Block,,5TH AVE NE BETWEEN 145TH ST OFF RP AND NE 145TH ST,,,1,Property Damage Only Collision,Other,1,0,0,1,0,0,0,2006-04-15T00:00:00.000Z,4/15/2006 9:13:00 AM,Mid-Block (not related to intersection),27.0,MOTOR VEHICLE RAN OFF ROAD - NO COLLISION,,0,Clear or Partly Cloudy,Wet,Daylight,,6105051.0,,52,Vehicle overturned,0,0,N,692.0196227048422,825
163721,-122.34195802537123,47.61068110087142,161722,199923,200063,E442181,Matched,Block,,1ST AVE BETWEEN STEWART ST AND VIRGINIA ST, ,,1,Property Damage Only Collision,Other,0,0,0,2,0,0,0,2015-06-30T00:00:00.000Z,6/30/2015 6:57:00 PM,Mid-Block (not related to intersection),11.0,"MOTOR VEHICLE STRUCK MOTOR VEHICLE, FRONT END AT ANGLE",,N,Clear or Partly Cloudy,Dry,Daylight,,,,23,From same direction - all others,0,0,N,1161.245695838755,185
167859,-122.36602025560873,47.67777043515864,167860,211384,211624,3737628,Matched,Intersection,24205.0,8TH AVE NW AND NW 67TH ST, ,,2,Injury Collision,Cycles,2,0,1,1,1,0,0,2016-01-13T00:00:00.000Z,1/13/2016 7:34:00 AM,At Intersection (intersection related),18.0,"MOTOR VEHICLE STRUCK PEDALCYCLIST, FRONT END AT ANGLE",,N,Raining,Wet,Dark - Street Lights On,Y,,,45,Vehicle - Pedalcyclist,2504,0,N,36.55332249544415,816
77910,-122.31813164211023,47.61351147397793,77911,92928,92928,2899406,Matched,Block,,11TH AVE BETWEEN E UNION ST AND E PIKE ST,,,1,Property Damage Only Collision,Parked Car,2,0,0,2,0,0,0,2008-09-29T00:00:00.000Z,9/29/2008 4:01:00 PM,Mid-Block (not related to intersection),16.0,"MOTOR VEHICLE STRUCK MOTOR VEHICLE, LEFT SIDE SIDESWIPE",,0,Clear or Partly Cloudy,Dry,Daylight,,8273012.0,,32,One parked--one moving,0,0,N,297.26236619317086,837
108672,-122.33259230166789,47.7220008779259,108673,124573,124573,C751537,Unmatched,Block,,N 128TH ST BETWEEN MERIDIAN AVE N AND CORLISS AVE N,,,0,Unknown,,0,0,0,0,0,0,0,2011-05-20T00:00:00.000Z,5/20/2011,Mid-Block (not related to intersection),0.0,NOT ENOUGH INFORMATION / NOT APPLICABLE,,,,,,,11140056.0,,,,0,0,N,523.9301104412061,67
82789,-122.3344242605674,47.54463369118293,83790,98537,98537,3346987,Matched,Block,,1ST AV S SB ON RP BETWEEN 1ST AV S BR SB AND S FRONT ST ON RP,,,1,Property Damage Only Collision,Sideswipe,2,0,0,2,0,0,0,2009-08-08T00:00:00.000Z,8/8/2009,Mid-Block (but intersection related),11.0,"MOTOR VEHICLE STRUCK MOTOR VEHICLE, FRONT END AT ANGLE",,0,Overcast,Dry,Daylight,,9220041.0,,11,From same direction - both going straight - both moving - sideswipe,0,0,N,1000.2503153550695,789
182611,-122.31914462096212,47.65552386505861,182612,239140,239580,3755058,Matched,Block,,NE 40TH ST BETWEEN 7TH AVE NE AND UNIVERSITY BR OFF RP, ,,1,Property Damage Only Collision,Rear Ended,3,0,0,2,0,0,0,2017-04-12T00:00:00.000Z,4/12/2017 4:19:00 PM,Mid-Block (not related to intersection),14.0,"MOTOR VEHICLE STRUCK MOTOR VEHICLE, REAR END",Y,N,Overcast,Dry,Daylight,,,,14,From same direction - both going straight - one stopped - rear-end,0,0,N,415.15097264216513,899
77995,-122.27758305205029,47.63607382919081,77996,94272,94272,3283464,Matched,Block,,E MADISON ST BETWEEN E HOWE ST AND 43RD AVE E,,,1,Property Damage Only Collision,Parked Car,2,0,0,2,0,0,0,2009-08-23T00:00:00.000Z,8/23/2009 9:08:00 PM,Mid-Block (not related to intersection),16.0,"MOTOR VEHICLE STRUCK MOTOR VEHICLE, LEFT SIDE SIDESWIPE",,0,Clear or Partly Cloudy,Dry,Dark - Street Lights On,,9235011.0,,32,One parked--one moving,0,0,N,182.63384499726786,834
141803,-122.345390920265,47.70654085249843,141804,162206,162226,3591772,Matched,Block,,N 107TH ST BETWEEN WHITMAN AVE N AND AURORA S AVE N, ,,1,Property Damage Only Collision,Parked Car,3,0,0,3,0,0,0,2014-02-08T00:00:00.000Z,2/8/2014 8:28:00 PM,Mid-Block (not related to intersection),13.0,"MOTOR VEHICLE STRUCK MOTOR VEHICLE, LEFT SIDE AT ANGLE",,N,Snowing,Snow/Slush,Dark - Street Lights On,,,,32,One parked--one moving,0,0,N,50.14705879553556,293
147477,-122.33704149271055,47.665035113277185,146478,170561,170581,3587339,Matched,Block,,N 50TH ST BETWEEN DENSMORE AVE N AND WALLINGFORD AVE N, ,,2,Injury Collision,Rear Ended,3,0,0,3,1,0,0,2014-06-26T00:00:00.000Z,6/26/2014 10:00:00 PM,Mid-Block (not related to intersection),14.0,"MOTOR VEHICLE STRUCK MOTOR VEHICLE, REAR END",Y,N,Clear or Partly Cloudy,Dry,Dark - Street Lights On,,,,14,From same direction - both going straight - one stopped - rear-end,0,0,N,94.95268238934615,199
37747,-122.32790375541016,47.61523842026632,37748,52124,52124,1376647,Matched,Intersection,29863.0,MELROSE AVE AND PINE ST,,,2,Injury Collision,Pedestrian,3,1,0,1,1,0,0,2006-02-17T00:00:00.000Z,2/17/2006 9:38:00 AM,At Intersection (intersection related),24.0,MOTOR VEHCILE STRUCK PEDESTRIAN,,0,Overcast,Dry,Daylight,Y,6048007.0,,2,Vehicle turning left hits pedestrian,0,0,N,215.74145078253298,55
194747,-122.28609122558949,47.54701437671912,194748,272543,273383,E772023,Matched,Block,,M L KING JR WR WAY S BETWEEN S RAYMOND ST AND S GRAHAM ST, ,,1,Property Damage Only Collision,Rear Ended,2,0,0,2,0,0,0,2018-02-22T00:00:00.000Z,2/22/2018 8:09:00 AM,Mid-Block (not related to intersection),14.0,"MOTOR VEHICLE STRUCK MOTOR VEHICLE, REAR END",,N,Clear or Partly Cloudy,Ice,Daylight,,,,14,From same direction - both going straight - one stopped - rear-end,0,0,N,281.49383277456263,625
51742,-122.33633803088237,47.605639736538656,51743,65690,65690,2805741,Matched,Block,,SPRING ST BETWEEN 1ST AVE AND 2ND AVE,,,1,Property Damage Only Collision,Other,3,0,0,2,0,0,0,2007-04-03T00:00:00.000Z,4/3/2007,Mid-Block (not related to intersection),11.0,"MOTOR VEHICLE STRUCK MOTOR VEHICLE, FRONT END AT ANGLE",,0,Clear or Partly Cloudy,Dry,Dark - Street Lights On,,7093010.0,,23,From same direction - all others,0,0,N,1030.5864833214073,762
187801,-122.29361637711578,47.57240807706765,186802,247003,247603,3764493,Matched,Block,,RAINIER AVE S BETWEEN S WALDEN ST AND S ESTELLE ST, ,,2,Injury Collision,Rear Ended,2,0,0,2,1,0,0,2017-08-08T00:00:00.000Z,8/8/2017 8:35:00 AM,Mid-Block (but intersection related),14.0,"MOTOR VEHICLE STRUCK MOTOR VEHICLE, REAR END",Y,N,Clear or Partly Cloudy,Dry,Daylight,,,,13,From same direction - both going straight - both moving - rear-end,0,0,N,216.19906976813652,977
52171,-122.31810179864719,47.60310107529696,52172,66585,66585,2623617,Matched,Block,,11TH AVE BETWEEN E FIR ST AND E SPRUCE ST,,,1,Property Damage Only Collision,Parked Car,2,0,0,2,0,0,0,2007-10-26T00:00:00.000Z,10/26/2007 8:00:00 AM,Mid-Block (not related to intersection),14.0,"MOTOR VEHICLE STRUCK MOTOR VEHICLE, REAR END",,0,Clear or Partly Cloudy,Dry,Daylight,,7299042.0,,32,One parked--one moving,0,0,N,395.9284079710751,627
9021,-122.29873276251257,47.62666020312247,9022,22977,22977,1788455,Matched,Intersection,29225.0,26TH AVE E AND E ALOHA ST,,,1,Property Damage Only Collision,Angles,3,0,0,3,0,0,0,2004-03-17T00:00:00.000Z,3/17/2004 3:37:00 PM,At Intersection (intersection related),11.0,"MOTOR VEHICLE STRUCK MOTOR VEHICLE, FRONT END AT ANGLE",,0,Clear or Partly Cloudy,Dry,Daylight,,4077026.0,,10,Entering at angle,0,0,N,174.2824340456228,781
102597,-122.3208822586121,47.620490441063716,102598,117420,117420,3332029,Matched,Block,,BROADWAY E BETWEEN E OLIVE WAY AND E THOMAS ST,,,1,Property Damage Only Collision,Rear Ended,3,0,0,2,0,0,0,2010-06-17T00:00:00.000Z,6/17/2010 1:28:00 PM,Mid-Block (but intersection related),14.0,"MOTOR VEHICLE STRUCK MOTOR VEHICLE, REAR END",,N,Clear or Partly Cloudy,Dry,Daylight,,10168005.0,,14,From same direction - both going straight - one stopped - rear-end,0,0,N,119.52166239884417,957
148206,-122.27645194052023,47.54067788065821,148207,174573,174593,3699107,Matched,Intersection,34432.0,45TH AVE S AND S WILLOW ST, ,,1,Property Damage Only Collision,Parked Car,2,0,0,2,0,0,0,2014-08-28T00:00:00.000Z,8/28/2014 8:00:00 PM,At Intersection (intersection related),11.0,"MOTOR VEHICLE STRUCK MOTOR VEHICLE, FRONT END AT ANGLE",,N,Clear or Partly Cloudy,Dry,Daylight,,,,32,One parked--one moving,0,0,N,199.0543924472361,996
162831,-122.32831927390212,47.59919591099803,162832,204810,204950,E470488,Matched,Block,,S JACKSON ST BETWEEN 4TH AVE S AND 5TH AVE S, ,,1,Property Damage Only Collision,Sideswipe,0,0,0,2,0,0,0,2015-10-12T00:00:00.000Z,10/12/2015 6:21:00 PM,Mid-Block (not related to intersection),11.0,"MOTOR VEHICLE STRUCK MOTOR VEHICLE, FRONT END AT ANGLE",,N,Clear or Partly Cloudy,Unknown,Dusk,,,,12,From same direction - both going straight - one stopped - sideswipe,0,0,N,1224.3513966665819,627
47037,-122.35671455215345,47.62392852416372,47038,61377,61377,2606680,Matched,Block,,QUEEN ANNE AVE N BETWEEN REPUBLICAN ST AND MERCER ST,,,1,Property Damage Only Collision,Other,3,0,0,2,0,0,0,2006-11-08T00:00:00.000Z,11/8/2006,Driveway Junction,11.0,"MOTOR VEHICLE STRUCK MOTOR VEHICLE, FRONT END AT ANGLE",,0,Clear or Partly Cloudy,Dry,Dusk,,6312039.0,,21,One car entering driveway access,0,0,N,473.779778654596,663
153455,-122.38474166703077,47.6716397910349,153456,182022,182095,3706509,Matched,Intersection,25130.0,22ND AVE NW AND NW 59TH ST, ,,2,Injury Collision,Angles,4,0,0,3,1,0,0,2014-10-17T00:00:00.000Z,10/17/2014 4:48:00 PM,At Intersection (intersection related),11.0,"MOTOR VEHICLE STRUCK MOTOR VEHICLE, FRONT END AT ANGLE",,N,Raining,Wet,Daylight,,,,10,Entering at angle,0,0,N,80.89652680023778,212
185292,-122.33672556882703,47.53973275334574,187293,244860,245460,3695099,Matched,Block,,HIGHLAND PARK WAY SW BETWEEN 2ND AV SW TURN RD AND 2ND AVE SW, ,,2,Injury Collision,Rear Ended,2,0,0,2,1,0,0,2017-07-05T00:00:00.000Z,7/5/2017 7:48:00 AM,Mid-Block (not related to intersection),14.0,"MOTOR VEHICLE STRUCK MOTOR VEHICLE, REAR END",Y,N,Clear or Partly Cloudy,Dry,Daylight,,,,14,From same direction - both going straight - one stopped - rear-end,0,0,N,1068.7000077793398,541
166138,-122.31306239075113,47.66566688901053,166139,206055,206235,3738860,Matched,Block,,UNIVERSITY WAY NE BETWEEN NE 50TH ST AND NE 52ND ST, ,,2,Injury Collision,Rear Ended,4,0,0,3,1,0,0,2015-10-29T00:00:00.000Z,10/29/2015 2:48:00 PM,Mid-Block (not related to intersection),14.0,"MOTOR VEHICLE STRUCK MOTOR VEHICLE, REAR END",,N,Overcast,Wet,Daylight,,,,14,From same direction - both going straight - one stopped - rear-end,0,0,N,183.61349292726916,268
139587,-122.3559739743782,47.69059894474175,140588,159356,159376,3570874,Unmatched,Block,,N 85TH ST BETWEEN PALATINE AVE N AND GREENWOOD AVE N, ,,0,Unknown,,0,0,0,0,0,0,0,2013-12-29T00:00:00.000Z,12/29/2013,,0.0,NOT ENOUGH INFORMATION / NOT APPLICABLE,,,,,,,,, ,,0,0,N,172.6763181178003,468
44703,-122.33375683049722,47.60869259673364,44704,59084,59084,2190782,Matched,Intersection,29930.0,5TH AVE AND UNIVERSITY ST,,,1,Property Damage Only Collision,Sideswipe,3,0,0,2,0,0,0,2006-05-28T00:00:00.000Z,5/28/2006 6:18:00 PM,At Intersection (intersection related),11.0,"MOTOR VEHICLE STRUCK MOTOR VEHICLE, FRONT END AT ANGLE",,0,Clear or Partly Cloudy,Dry,Daylight,,6148033.0,,11,From same direction - both going straight - both moving - sideswipe,0,0,N,686.9563301317833,688
155772,-122.3024334339864,47.602156225187215,156773,190398,190478,C795253,Unmatched,Block,,23RD AVE BETWEEN E YESLER WAY AND E FIR ST, ,,1,Property Damage Only Collision,,2,0,0,0,0,0,0,2014-10-06T00:00:00.000Z,10/6/2014,Mid-Block (not related to intersection),14.0,"MOTOR VEHICLE STRUCK MOTOR VEHICLE, REAR END",,,,,,,,, ,,0,0,N,113.24055763705002,286
21110,-122.35553853953395,47.71960135887372,21111,35180,35180,2022589,Matched,Intersection,35841.0,GREENWOOD AVE N AND N 125TH ST,,,2,Injury Collision,Angles,3,0,0,2,1,0,0,2005-06-07T00:00:00.000Z,6/7/2005,At Intersection (intersection related),11.0,"MOTOR VEHICLE STRUCK MOTOR VEHICLE, FRONT END AT ANGLE",,0,Raining,Wet,Dark - Street Lights On,,5158011.0,,10,Entering at angle,0,0,N,225.02749900753048,298
28824,-122.38403985847059,47.655834121218405,28825,43049,43049,1792933,Matched,Block,,W EMERSON PL BETWEEN 21ST AVE W AND 22ND AVE W,,,2,Injury Collision,Other,1,0,0,1,1,0,0,2005-06-05T00:00:00.000Z,6/5/2005,Mid-Block (but intersection related),28.0,MOTOR VEHICLE RAN OFF ROAD - HIT FIXED OBJECT,,0,Clear or Partly Cloudy,Dry,Daylight,,5156002.0,,50,Fixed object,0,0,N,861.8091396033013,136
89295,-122.35604696157995,47.652599432443246,89296,104296,104296,3284371,Unmatched,Block,,N 36TH ST BETWEEN PALATINE AVE N AND GREENWOOD AVE N,,,0,Unknown,,0,0,0,0,0,0,0,2009-04-04T00:00:00.000Z,4/4/2009,Mid-Block (not related to intersection),24.0,MOTOR VEHCILE STRUCK PEDESTRIAN,,,,,,,9094032.0,,,,0,0,N,454.8855844755865,217
146078,-122.40149833638408,47.58313359531829,147079,172620,172640,3644897,Matched,Block,,ALKI AVE SW BETWEEN 53RD AVE SW AND 54TH PL SW, ,,1,Property Damage Only Collision,Parked Car,2,0,0,2,0,0,0,2014-07-26T00:00:00.000Z,7/26/2014 6:43:00 PM,Mid-Block (not related to intersection),11.0,"MOTOR VEHICLE STRUCK MOTOR VEHICLE, FRONT END AT ANGLE",,N,Clear or Partly Cloudy,Dry,Daylight,,,,32,One parked--one moving,0,0,N,1022.6333328206505,491
158244,-122.28792618796241,47.56075086694285,159245,195866,195966,3736192,Matched,Block,,S ALASKA ST BETWEEN 35TH AVE S AND RAINIER AVE S, ,,1,Property Damage Only Collision,Rear Ended,2,0,0,2,0,0,0,2015-06-10T00:00:00.000Z,6/10/2015 4:15:00 PM,Mid-Block (but intersection related),14.0,"MOTOR VEHICLE STRUCK MOTOR VEHICLE, REAR END",Y,N,Unknown,Unknown,Unknown,,,,14,From same direction - both going straight - one stopped - rear-end,0,0,N,227.257929455897,263
69288,-122.32021599641595,47.62774786868464,69289,81962,81962,2897697,Matched,Block,,10TH AVE E BETWEEN E ALOHA ST AND E PROSPECT ST,,,1,Property Damage Only Collision,Parked Car,2,0,0,2,0,0,0,2008-04-05T00:00:00.000Z,4/5/2008,Mid-Block (not related to intersection),11.0,"MOTOR VEHICLE STRUCK MOTOR VEHICLE, FRONT END AT ANGLE",,0,Unknown,Unknown,Unknown,,8096009.0,,32,One parked--one moving,0,0,N,189.4857196911543,54
202939,-122.32021599641595,47.62774786868464,202750,300670,301884,E828747,Matched,Block,,10TH AVE E BETWEEN E ALOHA ST AND E PROSPECT ST, ,,1,Property Damage Only Collision,Parked Car,4,0,0,4,0,0,0,2018-08-13T00:00:00.000Z,8/13/2018 12:11:00 PM,Mid-Block (not related to intersection),11.0,"MOTOR VEHICLE STRUCK MOTOR VEHICLE, FRONT END AT ANGLE",,N,Clear or Partly Cloudy,Dry,Daylight,,,,32,One parked--one moving,0,0,N,189.4857196911543,54
162435,-122.32345946604595,47.64087666140613,162436,202091,202231,3599510,Unmatched,Block,,BOYLSTON AVE E BETWEEN E LYNN ST AND E LOUISA ST, ,,0,Unknown,,0,0,0,0,0,0,0,2015-09-13T00:00:00.000Z,9/13/2015,Mid-Block (not related to intersection),14.0,"MOTOR VEHICLE STRUCK MOTOR VEHICLE, REAR END",,,,,,,,, ,,0,0,N,365.56382557559886,673
76116,-122.32079700950146,47.547414823665925,76117,91754,91754,3279638,Matched,Block,,S BAILEY ST BETWEEN CORSON AVE S AND CARLETON AVE S,,,1,Property Damage Only Collision,Rear Ended,2,0,0,2,0,0,0,2008-09-18T00:00:00.000Z,9/18/2008 12:15:00 AM,Mid-Block (but intersection related),14.0,"MOTOR VEHICLE STRUCK MOTOR VEHICLE, REAR END",,0,Clear or Partly Cloudy,Dry,Dark - Street Lights On,,8262014.0,,14,From same direction - both going straight - one stopped - rear-end,0,0,N,179.8767228223159,399
114145,-122.37621377352508,47.66944247327879,114146,129381,129381,3376884,Matched,Intersection,25415.0,15TH AVE NW AND NW 56TH ST,,,2,Injury Collision,Angles,4,0,0,4,2,0,0,2011-03-23T00:00:00.000Z,3/23/2011 12:34:00 PM,At Intersection (intersection related),11.0,"MOTOR VEHICLE STRUCK MOTOR VEHICLE, FRONT END AT ANGLE",,N,Clear or Partly Cloudy,Dry,Unknown,,11082008.0,,10,Entering at angle,0,0,N,258.0014962678993,133
47772,-122.37621067474419,47.675634481161076,47773,62091,62091,2022296,Matched,Block,,15TH AVE NW BETWEEN NW 64TH ST AND NW 65TH ST,,,1,Property Damage Only Collision,Angles,2,0,0,2,0,0,0,2006-02-15T00:00:00.000Z,2/15/2006 3:12:00 PM,Mid-Block (but intersection related),11.0,"MOTOR VEHICLE STRUCK MOTOR VEHICLE, FRONT END AT ANGLE",,0,Clear or Partly Cloudy,Dry,Daylight,,6046014.0,Y,10,Entering at angle,0,0,N,233.95944762332724,123
27757,-122.25899521830083,47.517297313989936,27758,42160,42160,1784263,Matched,Intersection,35403.0,WATERS AVE S AND S REDWING ST,,,2,Injury Collision,Parked Car,3,0,0,2,1,0,0,2005-01-25T00:00:00.000Z,1/25/2005 9:42:00 AM,At Intersection (but not related to intersection),14.0,"MOTOR VEHICLE STRUCK MOTOR VEHICLE, REAR END",Y,0,Clear or Partly Cloudy,Dry,Daylight,,5025027.0,,32,One parked--one moving,0,0,N,274.3180888725387,903
63655,-122.30528135802349,47.64935315039378,63656,79222,79222,2620634,Matched,Block,,NE PACIFIC ST BETWEEN UNIV HOSPITAL DR AND MONTLAKE BLVD NE,,,1,Property Damage Only Collision,Rear Ended,3,0,0,2,0,0,0,2007-02-05T00:00:00.000Z,2/5/2007,Mid-Block (but intersection related),14.0,"MOTOR VEHICLE STRUCK MOTOR VEHICLE, REAR END",,0,Overcast,Wet,Dark - Street Lights On,,7036013.0,,14,From same direction - both going straight - one stopped - rear-end,0,0,N,775.30739176823,1034
70761,-122.3461072667144,47.52646576201467,71762,87655,87655,2792639,Matched,Block,,SW CLOVERDALE ST BETWEEN 8TH AVE SW AND 9TH AVE SW,,,1,Property Damage Only Collision,Rear Ended,4,0,0,3,0,0,0,2008-01-07T00:00:00.000Z,1/7/2008,Mid-Block (but intersection related),14.0,"MOTOR VEHICLE STRUCK MOTOR VEHICLE, REAR END",,0,Overcast,Dry,Dark - Street Lights Off,,8007024.0,,14,From same direction - both going straight - one stopped - rear-end,0,0,N,250.88781236859654,12
10994,-122.28868023479635,47.56589895811278,10995,24736,24736,1773116,Matched,Block,,RAINIER AVE S BETWEEN S DAKOTA ST AND S ADAMS ST,,,1,Property Damage Only Collision,Rear Ended,2,0,0,2,0,0,0,2004-12-29T00:00:00.000Z,12/29/2004 11:25:00 AM,Mid-Block (but intersection related),14.0,"MOTOR VEHICLE STRUCK MOTOR VEHICLE, REAR END",,0,Raining,Wet,Daylight,,4364028.0,,14,From same direction - both going straight - one stopped - rear-end,0,0,N,196.8406619179317,732
202863,-122.36046004550563,47.52828360348683,202674,305454,306734,3745697,Unmatched,Intersection,34843.0,DELRIDGE WAY SW AND SW THISTLE ST, ,,1,Property Damage Only Collision,,3,0,0,0,0,0,0,2018-10-14T00:00:00.000Z,10/14/2018,At Intersection (intersection related),11.0,"MOTOR VEHICLE STRUCK MOTOR VEHICLE, FRONT END AT ANGLE",,,,,,,,, ,,0,0,N,101.88822937771984,195
82752,-122.3244008995059,47.601709116817744,83753,97454,97454,3334496,Matched,Block,,YESLER WAY BETWEEN 6TH AVE AND 8TH AVE,,,1,Property Damage Only Collision,Parked Car,2,0,0,2,0,0,0,2009-08-31T00:00:00.000Z,8/31/2009 10:15:00 AM,Mid-Block (not related to intersection),16.0,"MOTOR VEHICLE STRUCK MOTOR VEHICLE, LEFT SIDE SIDESWIPE",,0,Unknown,Unknown,Unknown,,9243020.0,,32,One parked--one moving,0,0,N,873.4977685975016,627
94880,-122.30355366033693,47.61621367220884,95881,110175,110175,3386643,Matched,Block,,22ND AVE BETWEEN E PINE ST AND E OLIVE ST,,,1,Property Damage Only Collision,Parked Car,2,0,0,2,0,0,0,2010-10-15T00:00:00.000Z,10/15/2010 5:26:00 PM,Mid-Block (not related to intersection),11.0,"MOTOR VEHICLE STRUCK MOTOR VEHICLE, FRONT END AT ANGLE",,N,Unknown,Unknown,Unknown,,10288044.0,,32,One parked--one moving,0,0,N,101.36314068124248,710
96482,-122.31858201680993,47.68312429243102,96483,111032,111032,3561679,Matched,Intersection,24432.0,9TH AVE NE AND NE 75TH ST,,,1,Property Damage Only Collision,Left Turn,2,0,0,2,0,0,0,2010-12-14T00:00:00.000Z,12/14/2010 8:02:00 AM,At Intersection (intersection related),11.0,"MOTOR VEHICLE STRUCK MOTOR VEHICLE, FRONT END AT ANGLE",,N,Raining,Wet,Daylight,,10348025.0,,15,From same direction - one left turn - one straight,0,0,N,346.8218604305638,435
9765,-122.32997598594513,47.70863744809575,9766,23858,23858,04293049,Unmatched,Block,,N NORTHGATE WAY BETWEEN CORLISS AVE N AND 1ST AVE NE,,,0,Unknown,,0,0,0,0,0,0,0,2004-10-19T00:00:00.000Z,10/19/2004,Mid-Block (but intersection related),14.0,"MOTOR VEHICLE STRUCK MOTOR VEHICLE, REAR END",,,,,,,4293049.0,,,,0,0,N,418.2509483330824,265
38980,-122.30365019644437,47.61842014924406,40981,54767,54767,2070960,Matched,Intersection,29392.0,22ND AVE E AND E MADISON ST,,,1,Property Damage Only Collision,Rear Ended,2,0,0,2,0,0,0,2006-06-08T00:00:00.000Z,6/8/2006,At Intersection (intersection related),14.0,"MOTOR VEHICLE STRUCK MOTOR VEHICLE, REAR END",,0,Overcast,Dry,Daylight,,6159038.0,Y,13,From same direction - both going straight - both moving - rear-end,0,0,N,329.2596379851113,580
105897,-122.3834924654284,47.66782911273307,105898,121219,121219,C748981,Unmatched,Block,,LEARY AVE NW BETWEEN NW VERNON PL AND NW MARKET ST,,,0,Unknown,,0,0,0,0,0,0,0,2011-03-15T00:00:00.000Z,3/15/2011,,0.0,NOT ENOUGH INFORMATION / NOT APPLICABLE,,,,,,,11074041.0,,,,0,0,N,355.41268720745677,212