,X,Y,OBJECTID,INCKEY,COLDETKEY,REPORTNO,STATUS,ADDRTYPE,INTKEY,LOCATION,EXCEPTRSNCODE,EXCEPTRSNDESC,SEVERITYCODE,SEVERITYDESC,COLLISIONTYPE,PERSONCOUNT,PEDCOUNT,PEDCYLCOUNT,VEHCOUNT,INJURIES,SERIOUSINJURIES,FATALITIES,INCDATE,INCDTTM,JUNCTIONTYPE,SDOT_COLCODE,SDOT_COLDESC,INATTENTIONIND,UNDERINFL,WEATHER,ROADCOND,LIGHTCOND,PEDROWNOTGRNT,SDOTCOLNUM,SPEEDING,ST_COLCODE,ST_COLDESC,SEGLANEKEY,CROSSWALKKEY,HITPARKEDCAR,CLOSEST_CIRCLE_DIST,CLOSEST_CIRCLE_INDEX
118494,-122.26393584642227,47.51997524855625,118495,133283,133283,3608006,Matched,Block,,RAINIER AVE S BETWEEN 54TH AVE S AND SEWARD PARK AVE S,,,1,Property Damage Only Collision,Sideswipe,5,0,0,2,0,0,0,2012-02-02T00:00:00.000Z,2/2/2012 5:07:00 PM,Mid-Block (not related to intersection),16.0,"MOTOR VEHICLE STRUCK MOTOR VEHICLE, LEFT SIDE SIDESWIPE",,N,Clear or Partly Cloudy,Dry,Daylight,,12033009.0,,27,From opposite direction - both going straight - one stopped - sideswipe,0,0,N,138.39586973871707,60
186991,-122.29253393750471,47.58871410134597,185992,243304,243804,E685314,Matched,Block,,31ST AVE S BETWEEN S ATLANTIC ST AND S MASSACHUSETTS ST, ,,1,Property Damage Only Collision,Other,7,0,0,2,0,0,0,2017-06-25T00:00:00.000Z,6/25/2017 12:33:00 PM,Mid-Block (not related to intersection),11.0,"MOTOR VEHICLE STRUCK MOTOR VEHICLE, FRONT END AT ANGLE",,N,Clear or Partly Cloudy,Dry,Daylight,,,,23,From same direction - all others,0,0,N,386.61216676105477,323
112344,-122.27579766954146,47.66829657389732,110345,125089,125089,2829718,Matched,Intersection,26145.0,PRINCETON AVE NE AND SAND POINT WAY NE,,,2,Injury Collision,Angles,2,0,0,2,1,0,0,2011-05-21T00:00:00.000Z,5/21/2011 10:22:00 PM,At Intersection (intersection related),11.0,"MOTOR VEHICLE STRUCK MOTOR VEHICLE, FRONT END AT ANGLE",,N,Raining,Wet,Dark - Street Lights On,,11141009.0,,10,Entering at angle,0,0,N,169.50596635237244,316
66673,-122.32304961473892,47.60873074463654,66674,80070,80070,2891930,Matched,Block,,MINOR AVE BETWEEN COLUMBIA ST AND MARION ST,,,1,Property Damage Only Collision,Parked Car,2,0,0,2,0,0,0,2008-09-06T00:00:00.000Z,9/6/2008 9:30:00 PM,Mid-Block (not related to intersection),14.0,"MOTOR VEHICLE STRUCK MOTOR VEHICLE, REAR END",,N,Clear or Partly Cloudy,Dry,Dark - Street Lights On,,8250006.0,,32,One parked--one moving,0,0,N,233.36073208703644,762
39001,-122.27002476583569,47.516851137069644,38002,52574,52574,2615971,Matched,Intersection,35472.0,51ST AVE S AND S ROXBURY ST,,,1,Property Damage Only Collision,Angles,3,0,0,2,0,0,0,2006-12-01T00:00:00.000Z,12/1/2006,At Intersection (intersection related),11.0,"MOTOR VEHICLE STRUCK MOTOR VEHICLE, FRONT END AT ANGLE",,0,Clear or Partly Cloudy,Dry,Dark - Street Lights On,,6335038.0,,10,Entering at angle,0,0,N,594.6057928023076,60
166658,-122.35398064167059,47.66214069773016,166659,209905,210125,E495363,Matched,Intersection,25686.0,PHINNEY AVE N AND N 46TH ST, ,,2,Injury Collision,Left Turn,2,0,0,2,1,0,0,2015-12-15T00:00:00.000Z,12/15/2015 6:13:00 PM,At Intersection (intersection related),11.0,"MOTOR VEHICLE STRUCK MOTOR VEHICLE, FRONT END AT ANGLE",,N,Overcast,Dry,Dark - Street Lights On,,,,28,From opposite direction - one left turn - one straight,0,0,N,133.66403574107454,626
88149,-122.28347547921229,47.53580715463949,88150,101125,101125,2907958,Matched,Block,,39TH AVE S BETWEEN S HOLLY PARK DR AND S LYON CT,,,1,Property Damage Only Collision,Parked Car,2,0,0,2,0,0,0,2009-12-05T00:00:00.000Z,12/5/2009,Mid-Block (but intersection related),14.0,"MOTOR VEHICLE STRUCK MOTOR VEHICLE, REAR END",,0,Clear or Partly Cloudy,Ice,Daylight,,9339018.0,Y,32,One parked--one moving,0,0,N,317.19825806186935,954
170188,-122.3104736958843,47.683046459166654,172189,220520,220800,E547593,Matched,Block,,NE 75TH ST BETWEEN 16TH AVE NE AND 17TH W AVE NE, ,,2,Injury Collision,Rear Ended,2,0,0,2,1,0,0,2016-05-24T00:00:00.000Z,5/24/2016 12:20:00 PM,Mid-Block (not related to intersection),14.0,"MOTOR VEHICLE STRUCK MOTOR VEHICLE, REAR END",Y,N,Overcast,Dry,Daylight,,,,14,From same direction - both going straight - one stopped - rear-end,0,0,N,234.28194056526084,470
86979,-122.32711022848193,47.63898590135288,87980,102066,102066,3200931,Matched,Block,,YALE AVE E BETWEEN E BOSTON ST AND E LYNN ST,,,1,Property Damage Only Collision,Parked Car,2,0,0,2,0,0,0,2009-06-04T00:00:00.000Z,6/4/2009,,0.0,NOT ENOUGH INFORMATION / NOT APPLICABLE,,0,Clear or Partly Cloudy,Unknown,Unknown,,9155028.0,,32,One parked--one moving,0,0,N,612.0585360942979,673
186480,-122.28678720964943,47.54247382953235,185481,243255,243755,E632884,Unmatched,Block,,S HOLLY ST BETWEEN 36TH AVE S AND 37TH AVE S,NEI,"Not Enough Information, or Insufficient Location Information",0,Unknown,,2,0,0,0,0,0,0,2017-01-11T00:00:00.000Z,1/11/2017,,0.0,NOT ENOUGH INFORMATION / NOT APPLICABLE,,,,,,,,, ,,0,0,Y,305.52446671293126,228
45111,-122.31231819860469,47.551242913073644,45112,59190,59190,2279941,Matched,Intersection,33373.0,16TH AVE S AND S ORCAS ST,,,1,Property Damage Only Collision,Angles,2,0,0,2,0,0,0,2006-03-14T00:00:00.000Z,3/14/2006 1:59:00 PM,At Intersection (intersection related),11.0,"MOTOR VEHICLE STRUCK MOTOR VEHICLE, FRONT END AT ANGLE",,0,Clear or Partly Cloudy,Dry,Daylight,,6073011.0,Y,10,Entering at angle,0,0,N,503.888008090273,327
179076,-122.27746119629921,47.550804023500916,177077,227237,227577,E586919,Matched,Block,,RAINIER AVE S BETWEEN S ORCAS ST AND S MEAD ST, ,,1,Property Damage Only Collision,Rear Ended,2,0,0,2,0,0,0,2016-09-16T00:00:00.000Z,9/16/2016 5:16:00 PM,Mid-Block (not related to intersection),14.0,"MOTOR VEHICLE STRUCK MOTOR VEHICLE, REAR END",,N,Clear or Partly Cloudy,Dry,Daylight,,,,14,From same direction - both going straight - one stopped - rear-end,0,0,N,162.12432131774352,1005
145021,-122.34414211876741,47.61431944822199,145022,167064,167084,3705417,Matched,Block,,3RD AVE BETWEEN BLANCHARD ST AND BELL ST, ,,1,Property Damage Only Collision,Parked Car,2,0,0,2,0,0,0,2014-04-02T00:00:00.000Z,4/2/2014 8:38:00 PM,Mid-Block (not related to intersection),11.0,"MOTOR VEHICLE STRUCK MOTOR VEHICLE, FRONT END AT ANGLE",,N,Clear or Partly Cloudy,Dry,Dark - Street Lights On,,,,32,One parked--one moving,0,0,N,1306.23783085432,185
199029,-122.37888172868706,47.67418497854528,200030,300429,301629,E825680,Unmatched,Block,,17TH AVE NW BETWEEN NW 62ND ST AND NW 63RD ST,NEI,"Not Enough Information, or Insufficient Location Information",0,Unknown,,2,0,0,0,0,0,0,2018-08-04T00:00:00.000Z,8/4/2018,Mid-Block (not related to intersection),12.0,"MOTOR VEHICLE STRUCK MOTOR VEHICLE, RIGHT SIDE AT ANGLE",,,,,,,,, ,,0,0,Y,40.395350272141414,289
137533,-122.36046004550563,47.52828360348683,137534,156386,156406,3547128,Matched,Intersection,34843.0,DELRIDGE WAY SW AND SW THISTLE ST, ,,1,Property Damage Only Collision,Left Turn,4,0,0,2,0,0,0,2013-11-05T00:00:00.000Z,11/5/2013 11:09:00 PM,At Intersection (intersection related),11.0,"MOTOR VEHICLE STRUCK MOTOR VEHICLE, FRONT END AT ANGLE",,N,Clear or Partly Cloudy,Dry,Dark - Street Lights On,,,,15,From same direction - one left turn - one straight,0,0,N,101.88822937771984,195
155267,-122.38043506838642,47.66523424888744,156268,192780,192860,3732968,Matched,Block,,LEARY AVE NW BETWEEN NW DOCK PL AND NW IONE PL,NEI,"Not Enough Information, or Insufficient Location Information",1,Property Damage Only Collision,Angles,2,0,0,2,0,0,0,2015-03-02T00:00:00.000Z,3/2/2015 2:30:00 PM,Mid-Block (not related to intersection),0.0,NOT ENOUGH INFORMATION / NOT APPLICABLE,,N,Unknown,Unknown,Unknown,,,,10,Entering at angle,0,0,N,641.0399025877865,133
174913,-122.38237552698149,47.59131555343195,175914,227387,227727,3692965,Matched,Block,,HARBOR AVE SW BETWEEN SW MARYLAND PL AND CALIFORNIA WAY SW, ,,2b,Serious Injury Collision,Cycles,2,0,1,1,1,1,0,2016-09-14T00:00:00.000Z,9/14/2016 6:45:00 PM,Mid-Block (not related to intersection),51.0,PEDALCYCLIST STRUCK MOTOR VEHICLE FRONT END AT ANGLE,,N,Unknown,Unknown,Unknown,,,,45,Vehicle - Pedalcyclist,4105,0,N,947.7351176445353,180
17507,-122.31736322087171,47.67582932762448,17508,31625,31625,1793924,Matched,Intersection,24498.0,ROOSEVELT WAY NE AND NE 65TH ST,,,2,Injury Collision,Pedestrian,2,1,0,1,1,0,0,2004-10-31T00:00:00.000Z,10/31/2004 2:10:00 PM,At Intersection (intersection related),24.0,MOTOR VEHCILE STRUCK PEDESTRIAN,Y,0,Clear or Partly Cloudy,Dry,Daylight,,4305021.0,,2,Vehicle turning left hits pedestrian,0,0,N,137.54418833085865,1023
136635,-122.31352453413778,47.56260182418038,135636,154146,154166,3467344,Matched,Block,,15TH AVE S BETWEEN S OREGON ST AND S SNOQUALMIE ST, ,,1,Property Damage Only Collision,Rear Ended,5,0,0,2,0,0,0,2012-08-24T00:00:00.000Z,8/24/2012 7:42:00 AM,Mid-Block (not related to intersection),14.0,"MOTOR VEHICLE STRUCK MOTOR VEHICLE, REAR END",,N,Clear or Partly Cloudy,Dry,Daylight,,,,14,From same direction - both going straight - one stopped - rear-end,0,0,N,354.4963359943498,512
164467,-122.3341329719403,47.61778169093272,164468,205245,205405,E471098,Matched,Block,,BOREN AVE BETWEEN VIRGINIA ST AND FAIRVIEW AVE, ,,1,Property Damage Only Collision,Rear Ended,0,1,0,2,0,0,0,2015-10-13T00:00:00.000Z,10/13/2015 4:20:00 PM,Mid-Block (not related to intersection),14.0,"MOTOR VEHICLE STRUCK MOTOR VEHICLE, REAR END",,N,Clear or Partly Cloudy,Dry,Daylight,,,,14,From same direction - both going straight - one stopped - rear-end,0,0,N,665.3061114166474,55
94274,-122.4128372924316,47.643939876627215,95275,110682,110682,3329099,Matched,Block,,MAGNOLIA BLVD W BETWEEN W RAYE ST AND W ARMOUR S ST,,,1,Property Damage Only Collision,Other,2,0,0,1,0,0,0,2010-10-24T00:00:00.000Z,10/24/2010 11:00:00 PM,Mid-Block (not related to intersection),28.0,MOTOR VEHICLE RAN OFF ROAD - HIT FIXED OBJECT,,Y,Raining,Wet,Dark - Street Lights On,,10297053.0,Y,50,Fixed object,0,0,N,1195.6174493315436,777
72594,-122.33374087171087,47.57438544449733,72595,86918,86918,2908711,Matched,Block,,S HORTON ST BETWEEN 1ST AVE S AND OCCIDENTAL AVE S,,,1,Property Damage Only Collision,Other,1,0,0,1,0,0,0,2008-10-04T00:00:00.000Z,10/4/2008,Mid-Block (but intersection related),26.0,MOTOR VEHICLE STRUCK OBJECT IN ROAD,Y,0,Overcast,Dry,Dark - Street Lights On,,8278004.0,,50,Fixed object,0,0,N,1429.2027717328936,178
140570,-122.35530042772184,47.68255377151968,139571,158705,158725,3501360,Matched,Intersection,24319.0,GREENWOOD AVE N AND N 74TH ST, ,,2,Injury Collision,Angles,3,0,0,2,1,0,0,2013-12-12T00:00:00.000Z,12/12/2013 10:04:00 AM,At Intersection (intersection related),11.0,"MOTOR VEHICLE STRUCK MOTOR VEHICLE, FRONT END AT ANGLE",Y,N,Clear or Partly Cloudy,Dry,Daylight,,,,10,Entering at angle,0,0,N,201.01980128855155,466
92830,-122.32221539927929,47.620480900513414,92831,108053,108053,3199000,Matched,Block,,HARVARD AVE E BETWEEN E OLIVE WAY AND E THOMAS ST,,,1,Property Damage Only Collision,Other,1,0,0,1,0,0,0,2010-07-06T00:00:00.000Z,7/6/2010 9:00:00 AM,Mid-Block (not related to intersection),14.0,"MOTOR VEHICLE STRUCK MOTOR VEHICLE, REAR END",,N,Clear or Partly Cloudy,Dry,Daylight,,10187027.0,,51,Other object,0,0,N,65.09441514096065,957
137191,-122.28790484237665,47.69743859792373,137192,157521,157541,3376139,Matched,Block,,NE 95TH ST BETWEEN 35TH AVE NE AND 40TH AVE NE, ,,1,Property Damage Only Collision,Rear Ended,3,0,0,3,0,0,0,2013-11-23T00:00:00.000Z,11/23/2013 10:02:00 AM,Mid-Block (not related to intersection),14.0,"MOTOR VEHICLE STRUCK MOTOR VEHICLE, REAR END",Y,N,Overcast,Dry,Daylight,,,,13,From same direction - both going straight - both moving - rear-end,0,0,N,403.17636232786816,41
33786,-122.38369192867792,47.52105984881014,33787,47441,47441,1781139,Matched,Block,,SW BARTON ST BETWEEN 40TH AVE SW AND SW DIRECTOR E ST,,,2,Injury Collision,Parked Car,6,0,0,4,1,0,0,2005-02-28T00:00:00.000Z,2/28/2005 9:05:00 PM,Mid-Block (not related to intersection),11.0,"MOTOR VEHICLE STRUCK MOTOR VEHICLE, FRONT END AT ANGLE",,0,Raining,Wet,Dark - Street Lights On,,5059007.0,Y,32,One parked--one moving,0,0,N,461.26277094431424,375
76792,-122.3775473435102,47.668671084399044,76793,92061,92061,2795422,Matched,Block,,NW MARKET ST BETWEEN 15TH AVE NW AND 17TH AVE NW,,,1,Property Damage Only Collision,Other,1,0,0,1,0,0,0,2008-10-03T00:00:00.000Z,10/3/2008,Driveway Junction,28.0,MOTOR VEHICLE RAN OFF ROAD - HIT FIXED OBJECT,,0,Raining,Wet,Dark - Street Lights On,,8277058.0,,50,Fixed object,0,0,N,267.7164992251846,133
40752,-122.3165789341517,47.661291960354745,39753,53929,53929,2390438,Matched,Intersection,27065.0,11TH AVE NE AND NE 45TH ST,,,1,Property Damage Only Collision,Angles,2,0,0,2,0,0,0,2006-11-02T00:00:00.000Z,11/2/2006,At Intersection (intersection related),11.0,"MOTOR VEHICLE STRUCK MOTOR VEHICLE, FRONT END AT ANGLE",,0,Raining,Wet,Dark - Street Lights On,,6306075.0,,10,Entering at angle,0,0,N,245.31187465860324,785
128548,-122.34168329114107,47.62625900110638,126549,141449,141449,3335017,Matched,Block,,VALLEY ST BETWEEN DEXTER AVE N AND 8TH AVE N,,,1,Property Damage Only Collision,Parked Car,3,0,0,2,0,0,0,2012-03-19T00:00:00.000Z,3/19/2012 12:21:00 PM,Mid-Block (not related to intersection),11.0,"MOTOR VEHICLE STRUCK MOTOR VEHICLE, FRONT END AT ANGLE",Y,N,Clear or Partly Cloudy,Dry,Daylight,,12079019.0,,32,One parked--one moving,0,0,N,313.51620984052914,272
21175,-122.33721651811425,47.6057638630913,21176,34940,34940,1772020,Matched,Block,,1ST AVE BETWEEN SPRING ST AND SENECA ST,,,1,Property Damage Only Collision,Parked Car,2,0,0,2,0,0,0,2005-11-29T00:00:00.000Z,11/29/2005 3:27:00 PM,Mid-Block (not related to intersection),16.0,"MOTOR VEHICLE STRUCK MOTOR VEHICLE, LEFT SIDE SIDESWIPE",,0,Unknown,Wet,Daylight,,5333038.0,,32,One parked--one moving,0,0,N,1080.4988858474599,762
166534,-122.34130559377584,47.69144615725517,166535,206388,206588,3737086,Matched,Block,,STONE AVE N BETWEEN N 85TH E ST AND N 88TH ST, ,,1,Property Damage Only Collision,Parked Car,2,0,0,2,0,0,0,2015-11-05T00:00:00.000Z,11/5/2015 6:00:00 PM,Mid-Block (not related to intersection),11.0,"MOTOR VEHICLE STRUCK MOTOR VEHICLE, FRONT END AT ANGLE",Y,N,Clear or Partly Cloudy,Dry,Dark - Street Lights On,,,,32,One parked--one moving,0,0,N,101.27636295867072,188
70969,-122.36861098204749,47.6636548409554,71970,87837,87837,C702030,Matched,Intersection,25453.0,9TH AVE NW AND NW 48TH ST,,,1,Property Damage Only Collision,Angles,2,0,0,2,0,0,0,2008-03-25T00:00:00.000Z,3/25/2008 1:00:00 PM,At Intersection (intersection related),11.0,"MOTOR VEHICLE STRUCK MOTOR VEHICLE, FRONT END AT ANGLE",,0,Overcast,Dry,Daylight,,8085038.0,,10,Entering at angle,0,0,N,226.80000656663307,206
179957,-122.32072786134597,47.66131900334303,177958,232891,233291,3769544,Matched,Intersection,27070.0,7TH AVE NE AND NE 45TH ST, ,,1,Property Damage Only Collision,Right Turn,2,0,0,2,0,0,0,2016-11-23T00:00:00.000Z,11/23/2016 12:17:00 AM,At Intersection (intersection related),14.0,"MOTOR VEHICLE STRUCK MOTOR VEHICLE, REAR END",,N,Overcast,Wet,Dark - Street Lights On,,,,16,From same direction - one right turn - one straight,0,0,N,220.06665876914582,223
175958,-122.36235652666431,47.62185538366242,176959,226282,226622,E577601,Matched,Block,,ELLIOTT AVE W BETWEEN 4TH AVE W AND W HARRISON ST, ,,1,Property Damage Only Collision,Rear Ended,4,0,0,2,0,0,0,2016-07-26T00:00:00.000Z,7/26/2016 8:18:00 PM,Mid-Block (but intersection related),14.0,"MOTOR VEHICLE STRUCK MOTOR VEHICLE, REAR END",,N,Clear or Partly Cloudy,Dry,Dark - Street Lights On,,,,14,From same direction - both going straight - one stopped - rear-end,0,0,N,955.4694979418848,663
64703,-122.32276631399864,47.649650193210675,64704,77847,77847,C693497,Matched,Block,,EASTLAKE AVE E BETWEEN E ALLISON ST AND HARVARD AVE E,,,1,Property Damage Only Collision,Rear Ended,2,0,0,2,0,0,0,2007-10-06T00:00:00.000Z,10/6/2007,Mid-Block (but intersection related),14.0,"MOTOR VEHICLE STRUCK MOTOR VEHICLE, REAR END",,0,Clear or Partly Cloudy,Dry,Daylight,,7279038.0,,14,From same direction - both going straight - one stopped - rear-end,0,0,N,466.8862126638664,751
11352,-122.30438636058227,47.559637608403136,11353,25245,25245,04029051,Unmatched,Intersection,166923.0,BEACON ER AVE S AND S COLUMBIAN WAY,,,0,Unknown,,0,0,0,0,0,0,0,2004-01-29T00:00:00.000Z,1/29/2004,At Intersection (intersection related),11.0,"MOTOR VEHICLE STRUCK MOTOR VEHICLE, FRONT END AT ANGLE",,,,,,,4029051.0,,,,0,0,N,224.4344823412719,214
138849,-122.3814562157215,47.56110746698443,138850,158827,158847,C780032,Unmatched,Intersection,31920.0,FAUNTLEROY WAY SW AND SW ALASKA ST, ,,0,Unknown,,0,0,0,0,0,0,0,2013-07-03T00:00:00.000Z,7/3/2013,At Intersection (intersection related),16.0,"MOTOR VEHICLE STRUCK MOTOR VEHICLE, LEFT SIDE SIDESWIPE",,,,,,,,, ,,0,0,N,410.3217474450867,597
168832,-122.35651080574921,47.5173613008169,168833,210844,211084,E488890,Matched,Intersection,34911.0,17TH AVE SW AND SW ROXBURY ST, ,,1,Property Damage Only Collision,Left Turn,0,0,0,2,0,0,0,2015-11-30T00:00:00.000Z,11/30/2015 5:27:00 PM,At Intersection (intersection related),11.0,"MOTOR VEHICLE STRUCK MOTOR VEHICLE, FRONT END AT ANGLE",,N,Overcast,Wet,Dark - Street Lights On,,,,28,From opposite direction - one left turn - one straight,0,0,N,227.08619599442238,492
14692,-122.38697024773055,47.66868054550898,14693,28709,28709,C649255,Matched,Block,,NW MARKET ST BETWEEN BALLARD AVE NW AND 24TH AVE NW,,,1,Property Damage Only Collision,Sideswipe,2,0,0,2,0,0,0,2004-10-12T00:00:00.000Z,10/12/2004 3:10:00 PM,Mid-Block (not related to intersection),16.0,"MOTOR VEHICLE STRUCK MOTOR VEHICLE, LEFT SIDE SIDESWIPE",,0,Blowing Sand or Dirt or Snow,Dry,Daylight,,4286042.0,,11,From same direction - both going straight - both moving - sideswipe,0,0,N,299.2587782159316,212
91754,-122.33310387058992,47.60797945820302,91755,105653,105653,09167030,Unmatched,Intersection,29929.0,5TH AVE AND SENECA ST,,,0,Unknown,,0,0,0,0,0,0,0,2009-06-16T00:00:00.000Z,6/16/2009,At Intersection (intersection related),11.0,"MOTOR VEHICLE STRUCK MOTOR VEHICLE, FRONT END AT ANGLE",,,,,,,9167030.0,,,,0,0,N,693.2255128623924,762
175941,-122.33099161678236,47.616505950936705,176942,226969,227309,E582755,Matched,Block,,HOWELL ST BETWEEN BOREN AVE AND MINOR AVE, ,,2,Injury Collision,Angles,2,0,0,2,1,0,0,2016-09-01T00:00:00.000Z,9/1/2016 6:24:00 PM,Mid-Block (not related to intersection),11.0,"MOTOR VEHICLE STRUCK MOTOR VEHICLE, FRONT END AT ANGLE",,N,Clear or Partly Cloudy,Dry,Dusk,,,,10,Entering at angle,0,0,N,410.01322055940193,55
39252,-122.32358070936031,47.71911353671925,38253,52247,52247,2610357,Matched,Block,,5TH AVE NE BETWEEN NE 124TH ST AND NE 125TH ST,,,1,Property Damage Only Collision,Sideswipe,2,0,0,2,0,0,0,2006-12-04T00:00:00.000Z,12/4/2006,Mid-Block (not related to intersection),16.0,"MOTOR VEHICLE STRUCK MOTOR VEHICLE, LEFT SIDE SIDESWIPE",,0,Unknown,Unknown,Unknown,,6338026.0,,12,From same direction - both going straight - one stopped - sideswipe,0,0,N,263.76065334091095,750
170534,-122.30731929234369,47.73115657300648,172535,219649,219929,E537107,Matched,Block,,20TH AVE NE BETWEEN NE 140TH ST AND NE 143RD ST, ,,1,Property Damage Only Collision,Parked Car,0,0,0,2,0,0,0,2016-04-23T00:00:00.000Z,4/23/2016 9:07:00 PM,Mid-Block (not related to intersection),13.0,"MOTOR VEHICLE STRUCK MOTOR VEHICLE, LEFT SIDE AT ANGLE",,N,Overcast,Dry,Dark - Street Lights On,,,,32,One parked--one moving,0,0,Y,228.39759973606405,111
48890,-122.35604696157995,47.652599432443246,48891,63159,63159,2611884,Matched,Block,,N 36TH ST BETWEEN PALATINE AVE N AND GREENWOOD AVE N,,,1,Property Damage Only Collision,Sideswipe,4,0,0,2,0,0,0,2006-10-16T00:00:00.000Z,10/16/2006 6:28:00 PM,Mid-Block (not related to intersection),11.0,"MOTOR VEHICLE STRUCK MOTOR VEHICLE, FRONT END AT ANGLE",,0,Clear or Partly Cloudy,Dry,Dusk,,6289005.0,,12,From same direction - both going straight - one stopped - sideswipe,0,0,N,454.8855844755865,217
175706,-122.27066866878599,47.526134350428705,176707,226931,227271,E582502,Matched,Block,,S CLOVERDALE ST BETWEEN 50TH AVE S AND RAINIER AVE S, ,,1,Property Damage Only Collision,Left Turn,5,0,0,2,0,0,0,2016-09-05T00:00:00.000Z,9/5/2016 6:18:00 PM,Mid-Block (not related to intersection),11.0,"MOTOR VEHICLE STRUCK MOTOR VEHICLE, FRONT END AT ANGLE",,N,Clear or Partly Cloudy,Dry,Daylight,,,,28,From opposite direction - one left turn - one straight,0,0,N,623.1234716047248,748
24256,-122.35674263433707,47.620355765045964,24257,38079,38079,1933829,Matched,Block,,QUEEN ANNE AVE N BETWEEN JOHN ST AND THOMAS ST,,,1,Property Damage Only Collision,Parked Car,2,0,0,2,0,0,0,2005-04-09T00:00:00.000Z,4/9/2005,Mid-Block (but intersection related),11.0,"MOTOR VEHICLE STRUCK MOTOR VEHICLE, FRONT END AT ANGLE",,0,Clear or Partly Cloudy,Dry,Dark - Street Lights On,,5099027.0,,32,One parked--one moving,0,0,N,770.0932578417579,663
155771,-122.34234357202969,47.62469271251876,156772,190667,190747,C796838,Unmatched,Block,,DEXTER AVE N BETWEEN MERCER ST AND BROAD ST, ,,0,Unknown,,0,0,0,0,0,0,0,2014-10-30T00:00:00.000Z,10/30/2014,Mid-Block (not related to intersection),11.0,"MOTOR VEHICLE STRUCK MOTOR VEHICLE, FRONT END AT ANGLE",,,,,,,,, ,,0,0,N,418.54439664732143,272
72616,-122.34229241739084,47.63099716502487,72617,87190,87190,2908486,Matched,Block,,DEXTER AVE N BETWEEN COMSTOCK ST AND LEE ST,,,2,Injury Collision,Other,2,0,0,2,2,0,0,2008-03-20T00:00:00.000Z,3/20/2008 5:30:00 PM,Driveway Junction,11.0,"MOTOR VEHICLE STRUCK MOTOR VEHICLE, FRONT END AT ANGLE",,0,Raining,Wet,Daylight,,8080027.0,,22,One car leaving driveway access,0,0,N,243.63311699709178,77
51117,-122.33024358878731,47.65556660781675,51118,65625,65625,2624138,Matched,Intersection,27233.0,SUNNYSIDE AVE N AND N 40TH ST,,,1,Property Damage Only Collision,Angles,5,0,0,2,0,0,0,2007-02-24T00:00:00.000Z,2/24/2007 1:12:00 PM,At Intersection (intersection related),14.0,"MOTOR VEHICLE STRUCK MOTOR VEHICLE, REAR END",,0,Raining,Wet,Daylight,,7055011.0,,10,Entering at angle,0,0,N,125.11974486415495,7
142042,-122.29751327712444,47.6612214901898,143043,163118,163138,3210216,Matched,Block,,NE 45TH ST BETWEEN MONTLAKE BLVD NE AND U VILLAGE DR, ,,1,Property Damage Only Collision,Angles,2,0,0,2,0,0,0,2014-02-28T00:00:00.000Z,2/28/2014 2:00:00 PM,Driveway Junction,14.0,"MOTOR VEHICLE STRUCK MOTOR VEHICLE, REAR END",,N,Clear or Partly Cloudy,Dry,Daylight,,,,10,Entering at angle,0,0,N,702.6473121228522,310
7066,-122.40357867413614,47.65833589884709,7067,20689,20689,04154046,Unmatched,Intersection,26339.0,36TH AVE W AND W GOVERNMENT WAY,,,0,Unknown,,0,0,0,0,0,0,0,2004-06-02T00:00:00.000Z,6/2/2004,At Intersection (intersection related),11.0,"MOTOR VEHICLE STRUCK MOTOR VEHICLE, FRONT END AT ANGLE",,,,,,,4154046.0,,,,0,0,N,741.8604414937097,982
3063,-122.36619104839524,47.66048197757597,4064,17840,17840,1781959,Matched,Intersection,26607.0,8TH AVE NW AND LEARY WAY NW,,,1,Property Damage Only Collision,Left Turn,2,0,0,2,0,0,0,2004-05-10T00:00:00.000Z,5/10/2004 2:28:00 PM,At Intersection (intersection related),11.0,"MOTOR VEHICLE STRUCK MOTOR VEHICLE, FRONT END AT ANGLE",,0,Raining,Wet,Daylight,,4131011.0,,28,From opposite direction - one left turn - one straight,0,0,N,197.03361131366273,682
65208,-122.31414741938356,47.57074639406382,65209,80247,80247,2894194,Matched,Block,,S COLUMBIAN WAY BETWEEN S SPOKANE ST AND 15TH AVS TURN RD,,,1,Property Damage Only Collision,Other,3,0,0,2,0,0,0,2008-05-14T00:00:00.000Z,5/14/2008 3:09:00 PM,Mid-Block (not related to intersection),11.0,"MOTOR VEHICLE STRUCK MOTOR VEHICLE, FRONT END AT ANGLE",,0,Clear or Partly Cloudy,Dry,Daylight,,8135019.0,,21,One car entering driveway access,0,0,N,431.40423485434235,783
187021,-122.34039417490543,47.624545572421724,186022,242095,242555,E672489,Matched,Block,,MERCER SR ST BETWEEN 8TH AVE N AND 9TH AVE N, ,,1,Property Damage Only Collision,Sideswipe,2,0,0,2,0,0,0,2017-05-15T00:00:00.000Z,5/15/2017 10:50:00 AM,Mid-Block (not related to intersection),14.0,"MOTOR VEHICLE STRUCK MOTOR VEHICLE, REAR END",Y,N,Clear or Partly Cloudy,Dry,Daylight,,,,11,From same direction - both going straight - both moving - sideswipe,0,0,N,515.8826234652848,272