,X,Y,OBJECTID,INCKEY,COLDETKEY,REPORTNO,STATUS,ADDRTYPE,INTKEY,LOCATION,EXCEPTRSNCODE,EXCEPTRSNDESC,SEVERITYCODE,SEVERITYDESC,COLLISIONTYPE,PERSONCOUNT,PEDCOUNT,PEDCYLCOUNT,VEHCOUNT,INJURIES,SERIOUSINJURIES,FATALITIES,INCDATE,INCDTTM,JUNCTIONTYPE,SDOT_COLCODE,SDOT_COLDESC,INATTENTIONIND,UNDERINFL,WEATHER,ROADCOND,LIGHTCOND,PEDROWNOTGRNT,SDOTCOLNUM,SPEEDING,ST_COLCODE,ST_COLDESC,SEGLANEKEY,CROSSWALKKEY,HITPARKEDCAR,CLOSEST_CIRCLE_DIST,CLOSEST_CIRCLE_INDEX
18980,-122.35533949715588,47.69421686270371,18981,33063,33063,C655951,Matched,Intersection,37438.0,GREENWOOD AVE N AND N 90TH ST,,,1,Property Damage Only Collision,Parked Car,2,0,0,2,0,0,0,2005-09-06T00:00:00.000Z,9/6/2005,At Intersection (intersection related),11.0,"MOTOR VEHICLE STRUCK MOTOR VEHICLE, FRONT END AT ANGLE",,0,Clear or Partly Cloudy,Dry,Daylight,,5249042.0,,20,One car leaving parked position,0,0,N,100.59587194506926,727
113951,-122.3660136228998,47.681446804404935,113952,128525,128525,3559417,Matched,Intersection,24173.0,8TH AVE NW AND NW 73RD S ST,,,2,Injury Collision,Angles,4,0,0,2,2,0,0,2011-11-21T00:00:00.000Z,11/21/2011 7:38:00 AM,At Intersection (intersection related),11.0,"MOTOR VEHICLE STRUCK MOTOR VEHICLE, FRONT END AT ANGLE",,N,Raining,Wet,Dawn,,11325019.0,,10,Entering at angle,0,0,N,94.74612608378328,894
146148,-122.27787093117863,47.551552098880904,147149,171280,171300,3570350,Matched,Block,,RAINIER AVE S BETWEEN S FINDLAY ST AND S ORCAS ST, ,,1,Property Damage Only Collision,Parked Car,2,0,0,2,0,0,0,2014-07-01T00:00:00.000Z,7/1/2014 3:00:00 PM,Mid-Block (not related to intersection),0.0,NOT ENOUGH INFORMATION / NOT APPLICABLE,,N,Clear or Partly Cloudy,Dry,Daylight,,,,32,One parked--one moving,0,0,N,191.75124749011286,528
99473,-122.32072786134597,47.66131900334303,99474,115840,115840,2880893,Matched,Intersection,27070.0,7TH AVE NE AND NE 45TH ST,,,2,Injury Collision,Rear Ended,4,0,0,3,1,0,0,2010-04-30T00:00:00.000Z,4/30/2010 11:11:00 PM,At Intersection (but not related to intersection),14.0,"MOTOR VEHICLE STRUCK MOTOR VEHICLE, REAR END",,N,Raining,Wet,Dark - Street Lights On,,10120009.0,,14,From same direction - both going straight - one stopped - rear-end,0,0,N,220.06665876914582,223
102420,-122.33081889706104,47.605481496644494,102421,116303,116303,3345761,Unmatched,Block,,5TH AVE BETWEEN COLUMBIA ST AND MARION ST,,,0,Unknown,,0,0,0,0,0,0,0,2010-09-15T00:00:00.000Z,9/15/2010,Mid-Block (not related to intersection),15.0,"MOTOR VEHICLE STRUCK MOTOR VEHICLE, RIGHT SIDE SIDESWIPE",,,,,,,10258002.0,,,,0,0,N,725.4596943081679,762
118089,-122.28644273137505,47.54807903603074,118090,133959,133959,3617245,Matched,Intersection,485927.0,37TH AVE S AND M L KING JR ER WAY S,,,1,Property Damage Only Collision,Angles,2,0,0,2,0,0,0,2012-06-02T00:00:00.000Z,6/2/2012 5:06:00 PM,At Intersection (intersection related),11.0,"MOTOR VEHICLE STRUCK MOTOR VEHICLE, FRONT END AT ANGLE",,N,Clear or Partly Cloudy,Dry,Daylight,,12154044.0,,10,Entering at angle,0,0,N,185.99930538229242,637
77358,-122.3112550814005,47.603927970777924,77359,90509,90509,2899552,Matched,Block,,16TH AVE BETWEEN E SPRUCE ST AND E ALDER E ST,,,1,Property Damage Only Collision,Parked Car,2,0,0,2,0,0,0,2008-10-07T00:00:00.000Z,10/7/2008,Mid-Block (not related to intersection),31.0,DRIVERLESS VEHICLE STRUCK MOTOR VEHICLE FRONT END AT ANGLE,,0,Overcast,Wet,Daylight,,8281008.0,,32,One parked--one moving,0,0,N,129.6331037299346,749
129286,-122.323641157932,47.60601839668825,129287,144894,144894,3503747,Matched,Intersection,29815.0,JAMES ST AND TERRY AVE, ,,1,Property Damage Only Collision,Angles,2,0,0,2,0,0,0,2013-04-22T00:00:00.000Z,4/22/2013 2:43:00 PM,At Intersection (intersection related),11.0,"MOTOR VEHICLE STRUCK MOTOR VEHICLE, FRONT END AT ANGLE",,N,Clear or Partly Cloudy,Dry,Daylight,,,,10,Entering at angle,0,0,N,506.15131291295967,762
62845,-122.3373000310632,47.70587435425975,62846,76655,76655,2803437,Matched,Block,,N NORTHGATE WAY BETWEEN N 105TH E ST AND N 107TH ST,,,1,Property Damage Only Collision,Sideswipe,2,0,0,2,0,0,0,2007-01-30T00:00:00.000Z,1/30/2007 5:54:00 AM,Mid-Block (not related to intersection),13.0,"MOTOR VEHICLE STRUCK MOTOR VEHICLE, LEFT SIDE AT ANGLE",,0,Fog/Smog/Smoke,Ice,Dark - Street Lights On,,7030035.0,Y,26,From opposite direction - both going straight - sideswipe,0,0,N,109.77361493604782,924
105656,-122.33550187647087,47.59962177799056,105657,122160,122160,3562890,Matched,Block,,ALASKAN WY VI NB BETWEEN S ROYAL BROUGHAM WAY ON RP AND SENECA ST OFF RP,,,1,Property Damage Only Collision,Other,1,0,0,1,0,0,0,2011-10-29T00:00:00.000Z,10/29/2011 12:28:00 AM,Mid-Block (not related to intersection),28.0,MOTOR VEHICLE RAN OFF ROAD - HIT FIXED OBJECT,,N,Clear or Partly Cloudy,Wet,Dark - Street Lights On,,11302033.0,Y,50,Fixed object,0,0,N,1459.1586072290231,762
70787,-122.38677531782332,47.562911624695246,71788,86604,86604,2620063,Matched,Intersection,31904.0,CALIFORNIA AVE SW AND SW OREGON ST,,,2,Injury Collision,Angles,7,0,0,2,2,0,0,2008-11-15T00:00:00.000Z,11/15/2008 11:47:00 PM,At Intersection (intersection related),11.0,"MOTOR VEHICLE STRUCK MOTOR VEHICLE, FRONT END AT ANGLE",,1,Clear or Partly Cloudy,Dry,Dark - Street Lights On,,8320024.0,,10,Entering at angle,0,0,N,220.68686838297634,249
128449,-122.34354772406259,47.62758050403285,126450,142004,142004,3599209,Matched,Block,,AURORA AVE N BETWEEN ALOHA ST AND WARD ST,,,2,Injury Collision,Rear Ended,4,0,0,2,2,0,0,2012-09-16T00:00:00.000Z,9/16/2012 6:20:00 PM,Mid-Block (not related to intersection),14.0,"MOTOR VEHICLE STRUCK MOTOR VEHICLE, REAR END",,Y,Clear or Partly Cloudy,Dry,Daylight,,12260013.0,Y,13,From same direction - both going straight - both moving - rear-end,0,0,N,115.42042645124312,272
195373,-122.33430913225881,47.548271383321065,193374,272139,272979,E771717,Matched,Intersection,33046.0,1ST AVE S AND EAST MARGINAL WAY S, ,,1,Property Damage Only Collision,Sideswipe,3,0,0,2,0,0,0,2018-02-16T00:00:00.000Z,2/16/2018 3:20:00 PM,At Intersection (but not related to intersection),16.0,"MOTOR VEHICLE STRUCK MOTOR VEHICLE, LEFT SIDE SIDESWIPE",,N,Clear or Partly Cloudy,Dry,Daylight,,,,11,From same direction - both going straight - both moving - sideswipe,0,0,N,887.0523070136372,202
158868,-122.27283355471664,47.5233104035917,159869,195194,195294,E429975,Matched,Intersection,35276.0,48TH AVE S AND S HENDERSON ST, ,,2,Injury Collision,Pedestrian,1,1,0,1,1,0,0,2015-06-03T00:00:00.000Z,6/3/2015 1:00:00 PM,At Intersection (intersection related),24.0,MOTOR VEHCILE STRUCK PEDESTRIAN,,N,Clear or Partly Cloudy,Dry,Daylight,,,,1,Vehicle turning right hits pedestrian,0,35276,N,895.1616999722144,60
148671,-122.33943897987476,47.56577617233892,148672,176701,176721,3206639,Matched,Intersection,32187.0,EAST MARGINAL WAY S AND S NEVADA ST, ,,1,Property Damage Only Collision,Sideswipe,3,0,0,2,0,0,0,2014-10-01T00:00:00.000Z,10/1/2014 11:21:00 AM,At Intersection (intersection related),11.0,"MOTOR VEHICLE STRUCK MOTOR VEHICLE, FRONT END AT ANGLE",Y,N,Clear or Partly Cloudy,Dry,Daylight,,,,71,Same direction -- both turning right -- both moving -- sideswipe,0,0,N,1764.7977128642212,512
127102,-122.3345497195874,47.64687003976536,128103,143655,143655,3503081,Matched,Block,,N NORTHLAKE WAY BETWEEN BURKE AVE N AND MERIDIAN AVE N, ,,1,Property Damage Only Collision,Head On,4,0,0,2,0,0,0,2013-01-11T00:00:00.000Z,1/11/2013 2:10:00 PM,Mid-Block (not related to intersection),11.0,"MOTOR VEHICLE STRUCK MOTOR VEHICLE, FRONT END AT ANGLE",,N,Clear or Partly Cloudy,Dry,Daylight,,13011019.0,,24,From opposite direction - both moving - head-on,0,0,N,261.72214930568424,590
100476,-122.26998732871485,47.529332026420356,100477,115492,115492,3198774,Matched,Block,,RAINIER AVE S BETWEEN S ROSE N ST AND S ROSE S ST,,,1,Property Damage Only Collision,Sideswipe,4,0,0,2,0,0,0,2010-04-10T00:00:00.000Z,4/10/2010 4:12:00 PM,Mid-Block (not related to intersection),16.0,"MOTOR VEHICLE STRUCK MOTOR VEHICLE, LEFT SIDE SIDESWIPE",,N,Clear or Partly Cloudy,Dry,Daylight,,10100007.0,,11,From same direction - both going straight - both moving - sideswipe,0,0,N,322.18735684545896,748
105492,-122.32075236408052,47.607218419176256,105493,119535,119535,3567477,Matched,Intersection,29801.0,BROADWAY AND JAMES ST,,,1,Property Damage Only Collision,Angles,3,0,0,2,0,0,0,2011-11-01T00:00:00.000Z,11/1/2011 8:27:00 AM,At Intersection (intersection related),11.0,"MOTOR VEHICLE STRUCK MOTOR VEHICLE, FRONT END AT ANGLE",,N,Clear or Partly Cloudy,Dry,Daylight,,11305011.0,,10,Entering at angle,0,0,N,470.85364262804666,762
30252,-122.37545060792452,47.694483902823926,31253,45371,45371,1794621,Matched,Block,,MARY AVE NW BETWEEN NW 90TH ST AND HOLMAN RD NW,,,1,Property Damage Only Collision,Angles,2,0,0,2,0,0,0,2005-01-08T00:00:00.000Z,1/8/2005,Mid-Block (but intersection related),11.0,"MOTOR VEHICLE STRUCK MOTOR VEHICLE, FRONT END AT ANGLE",,0,Overcast,Wet,Dark - Street Lights On,,5008012.0,,10,Entering at angle,0,0,N,104.25745481346127,675
44816,-122.3282885177684,47.579809428772755,44817,59123,59123,1215787,Matched,Block,,S LANDER ST BETWEEN 4TH AVE S AND 5TH AVE S,,,1,Property Damage Only Collision,Other,3,0,0,2,0,0,0,2006-05-16T00:00:00.000Z,5/16/2006 2:15:00 PM,Mid-Block (not related to intersection),11.0,"MOTOR VEHICLE STRUCK MOTOR VEHICLE, FRONT END AT ANGLE",,0,Clear or Partly Cloudy,Dry,Daylight,,6136024.0,,23,From same direction - all others,0,0,N,1023.8817063131258,818
16285,-122.33396137290968,47.706850216103966,15286,29423,29423,04043036,Unmatched,Intersection,36588.0,MERIDIAN AVE N AND N 107TH ST,,,0,Unknown,,0,0,0,0,0,0,0,2004-02-12T00:00:00.000Z,2/12/2004,At Intersection (intersection related),11.0,"MOTOR VEHICLE STRUCK MOTOR VEHICLE, FRONT END AT ANGLE",,,,,,,4043036.0,,,,0,0,N,266.6324002403633,924
95096,-122.33910555036637,47.686926119786655,94097,108812,108812,3374826,Matched,Intersection,24230.0,ASHWORTH AVE N AND N 80TH ST,,,2,Injury Collision,Angles,3,0,0,2,2,0,0,2010-07-16T00:00:00.000Z,7/16/2010 5:33:00 PM,At Intersection (intersection related),11.0,"MOTOR VEHICLE STRUCK MOTOR VEHICLE, FRONT END AT ANGLE",,N,Clear or Partly Cloudy,Dry,Other,,10197012.0,,10,Entering at angle,0,0,N,199.82257624330651,867
116844,-122.30795573560594,47.591200322014096,116845,133460,133460,3611270,Matched,Intersection,30818.0,I90 WB RAINIER SB OF RP AND RAINIER AVE S,,,1,Property Damage Only Collision,Rear Ended,2,0,0,2,0,0,0,2012-11-20T00:00:00.000Z,11/20/2012 5:50:00 PM,,0.0,NOT ENOUGH INFORMATION / NOT APPLICABLE,,N,Unknown,Unknown,Unknown,,12325015.0,,14,From same direction - both going straight - one stopped - rear-end,0,0,N,334.5712355727271,900
160048,-122.30446688421554,47.54647609423869,158049,191045,191125,3730050,Matched,Intersection,33399.0,23RD AVE S AND S GRAHAM ST, ,,1,Property Damage Only Collision,Angles,3,0,0,2,0,0,0,2015-04-26T00:00:00.000Z,4/26/2015 11:17:00 AM,At Intersection (intersection related),11.0,"MOTOR VEHICLE STRUCK MOTOR VEHICLE, FRONT END AT ANGLE",,N,Clear or Partly Cloudy,Dry,Daylight,,,,10,Entering at angle,0,0,N,517.1413990029918,525
81108,-122.31885083895368,47.61217991063192,81109,94863,94863,3326633,Matched,Block,,E SENECA ST BETWEEN 10TH AVE AND E MADISON ST,,,1,Property Damage Only Collision,Parked Car,2,0,0,2,0,0,0,2009-07-24T00:00:00.000Z,7/24/2009 3:00:00 PM,Mid-Block (not related to intersection),14.0,"MOTOR VEHICLE STRUCK MOTOR VEHICLE, REAR END",,0,Clear or Partly Cloudy,Dry,Daylight,,9205014.0,,32,One parked--one moving,0,0,N,266.12757717559373,837
46064,-122.33303932840401,47.60455266044014,46065,60086,60086,1069428,Matched,Block,,3RD AVE BETWEEN COLUMBIA ST AND MARION ST,,,1,Property Damage Only Collision,Parked Car,2,0,0,2,0,0,0,2006-01-06T00:00:00.000Z,1/6/2006,Mid-Block (not related to intersection),16.0,"MOTOR VEHICLE STRUCK MOTOR VEHICLE, LEFT SIDE SIDESWIPE",,0,Clear or Partly Cloudy,Dry,Dark - Street Lights On,,6006031.0,,32,One parked--one moving,0,0,N,913.5301994800001,762
16923,-122.31597508443092,47.54858799394989,15924,29713,29713,04292035,Unmatched,Intersection,33127.0,13TH AVE S AND AIRPORT WAY S,,,0,Unknown,,0,0,0,0,0,0,0,2004-10-18T00:00:00.000Z,10/18/2004,At Intersection (intersection related),11.0,"MOTOR VEHICLE STRUCK MOTOR VEHICLE, FRONT END AT ANGLE",,,,,,,4292035.0,,,,0,0,N,469.123356994884,399
162762,-122.34608521461273,47.53924765124432,162763,203168,203308,3587908,Matched,Block,,HIGHLAND PARK WAY SW BETWEEN WEST MARGINAL WAY SW AND SW OTHELLO ST, ,,1,Property Damage Only Collision,Rear Ended,2,0,0,2,0,0,0,2015-09-25T00:00:00.000Z,9/25/2015 6:46:00 AM,Mid-Block (not related to intersection),14.0,"MOTOR VEHICLE STRUCK MOTOR VEHICLE, REAR END",,N,Raining,Wet,Dawn,,,,14,From same direction - both going straight - one stopped - rear-end,0,0,N,394.3101702285215,541
140939,-122.33947767988676,47.67154058718957,139940,159951,159971,3582347,Matched,Block,,EAST GREEN LAKE WAY N BETWEEN N 57TH ST AND KENWOOD PL N, ,,1,Property Damage Only Collision,Parked Car,3,0,0,3,0,0,0,2014-01-10T00:00:00.000Z,1/10/2014 1:01:00 AM,Mid-Block (not related to intersection),14.0,"MOTOR VEHICLE STRUCK MOTOR VEHICLE, REAR END",,N,Clear or Partly Cloudy,Wet,Dark - Street Lights On,,,Y,32,One parked--one moving,0,0,N,193.32719019113878,382
170365,-122.320757837947,47.60987909362121,172366,217845,218125,E535799,Unmatched,Block,,BROADWAY BETWEEN BOYLSTON AVE AND MARION ST,NEI,"Not Enough Information, or Insufficient Location Information",0,Unknown,,2,0,0,0,0,0,0,2016-04-05T00:00:00.000Z,4/5/2016,Mid-Block (not related to intersection),0.0,NOT ENOUGH INFORMATION / NOT APPLICABLE,,,,,,,,, ,,0,0,N,303.3816974063078,762
166140,-122.33375683049722,47.60869259673364,166141,206365,206565,3732756,Matched,Intersection,29930.0,5TH AVE AND UNIVERSITY ST, ,,1,Property Damage Only Collision,Angles,2,0,0,2,0,0,0,2015-11-07T00:00:00.000Z,11/7/2015 11:46:00 PM,At Intersection (intersection related),11.0,"MOTOR VEHICLE STRUCK MOTOR VEHICLE, FRONT END AT ANGLE",,N,Raining,Wet,Dark - Street Lights On,,,,10,Entering at angle,0,0,N,686.9563301317833,688
137790,-122.32853489031004,47.60298463291854,137791,156406,156426,3641713,Matched,Intersection,30478.0,5TH AVE AND JEFFERSON ST, ,,2,Injury Collision,Rear Ended,4,0,0,2,2,0,0,2013-11-02T00:00:00.000Z,11/2/2013 1:40:00 AM,At Intersection (intersection related),14.0,"MOTOR VEHICLE STRUCK MOTOR VEHICLE, REAR END",Y,N,Raining,Wet,Dark - Street Lights On,,,Y,14,From same direction - both going straight - one stopped - rear-end,0,0,N,886.0846193807996,762
78819,-122.32597478014532,47.58617471427101,79820,93712,93712,3285334,Matched,Intersection,31349.0,6TH AVE S AND S HOLGATE ST,,,1,Property Damage Only Collision,Angles,2,0,0,2,0,0,0,2009-05-21T00:00:00.000Z,5/21/2009 3:16:00 PM,At Intersection (intersection related),11.0,"MOTOR VEHICLE STRUCK MOTOR VEHICLE, FRONT END AT ANGLE",,0,Clear or Partly Cloudy,Dry,Daylight,,9141027.0,,10,Entering at angle,0,0,N,772.4857176469806,875
182176,-122.33778754563215,47.603060582729206,182177,239706,240146,E614850,Unmatched,Intersection,30379.0,ALASKAN WAY AND MARION ST,NEI,"Not Enough Information, or Insufficient Location Information",1,Property Damage Only Collision,,2,0,0,0,0,0,0,2016-12-02T00:00:00.000Z,12/2/2016,At Intersection (intersection related),0.0,NOT ENOUGH INFORMATION / NOT APPLICABLE,,,,,,,,, ,,0,0,N,1287.7306898559373,762
161537,-122.28462952944362,47.55704111941164,163538,205351,205511,E473803,Matched,Intersection,33579.0,RAINIER AVE S AND S HUDSON ST, ,,2,Injury Collision,Pedestrian,1,1,0,1,1,0,0,2015-10-18T00:00:00.000Z,10/18/2015 5:55:00 PM,At Intersection (intersection related),24.0,MOTOR VEHCILE STRUCK PEDESTRIAN,Y,N,Raining,Wet,Dark - Street Lights On,,,,2,Vehicle turning left hits pedestrian,0,523186,N,87.53629273131959,508
24648,-122.26998428262644,47.52704456985138,24649,38975,38975,1793620,Matched,Block,,RAINIER AVE S BETWEEN S THISTLE ST AND S CLOVERDALE ST,,,1,Property Damage Only Collision,Other,1,0,0,1,0,0,0,2005-03-31T00:00:00.000Z,3/31/2005 7:30:00 PM,Driveway Junction,28.0,MOTOR VEHICLE RAN OFF ROAD - HIT FIXED OBJECT,,0,Raining,Wet,Dark - Street Lights On,,5090018.0,,50,Fixed object,0,0,N,543.0054472565909,748
45494,-122.2654807361855,47.67937290369317,45495,59427,59427,2614327,Matched,Block,,NE 70TH ST BETWEEN 58TH AVE NE AND BURKE GILMAN TRL,,,1,Property Damage Only Collision,Other,2,0,0,1,0,0,0,2006-11-25T00:00:00.000Z,11/25/2006 2:22:00 AM,Mid-Block (not related to intersection),28.0,MOTOR VEHICLE RAN OFF ROAD - HIT FIXED OBJECT,,0,Overcast,Dry,Dark - Street Lights On,,6329007.0,,50,Fixed object,0,0,N,500.5811542500338,359
196498,-122.31651170138292,47.548866522628366,196499,287318,288198,E797138,Matched,Block,,AIRPORT WAY S BETWEEN S VALE ST AND 13TH AVE S, ,,1,Property Damage Only Collision,Sideswipe,3,0,0,2,0,0,0,2018-05-12T00:00:00.000Z,5/12/2018 12:48:00 PM,Mid-Block (not related to intersection),11.0,"MOTOR VEHICLE STRUCK MOTOR VEHICLE, FRONT END AT ANGLE",,N,Clear or Partly Cloudy,Dry,Daylight,,,,11,From same direction - both going straight - both moving - sideswipe,0,0,N,461.972294167923,399
134487,-122.30461090290501,47.64555665293806,134488,152231,152251,3645652,Unmatched,Intersection,28389.0,MONTLAKE BLVD E AND E HAMLIN ST, ,,0,Unknown,,0,0,0,0,0,0,0,2013-03-06T00:00:00.000Z,3/6/2013,At Intersection (intersection related),0.0,NOT ENOUGH INFORMATION / NOT APPLICABLE,,,,,,,,, ,,0,0,N,350.5483614161397,1034
65864,-122.31308447914971,47.59791265218551,65865,81617,81617,2882210,Matched,Block,,RAINIER AVE S BETWEEN S KING ST AND S WELLER ST,,,1,Property Damage Only Collision,Angles,2,0,0,2,0,0,0,2008-04-16T00:00:00.000Z,4/16/2008 12:35:00 PM,Mid-Block (but intersection related),11.0,"MOTOR VEHICLE STRUCK MOTOR VEHICLE, FRONT END AT ANGLE",,0,Overcast,Dry,Daylight,,8107013.0,,10,Entering at angle,0,0,N,122.15127266117273,52
40496,-122.31894924450344,47.52560363644132,39497,53994,53994,1076845,Matched,Block,,S DONOVAN ST BETWEEN 10TH AVE S AND 12TH AVE S,,,1,Property Damage Only Collision,Other,1,0,0,1,0,0,0,2006-01-20T00:00:00.000Z,1/20/2006 2:00:00 AM,Mid-Block (not related to intersection),28.0,MOTOR VEHICLE RAN OFF ROAD - HIT FIXED OBJECT,,0,Raining,Wet,Dark - Street Lights On,,6020007.0,,50,Fixed object,0,0,N,101.57979174301143,786
182593,-122.28405000844458,47.557039622035425,182594,238418,238858,E648369,Matched,Block,,S HUDSON ST BETWEEN RAINIER AVE S AND 39TH AVE S, ,,1,Property Damage Only Collision,Parked Car,2,0,0,2,0,0,0,2017-02-12T00:00:00.000Z,2/12/2017 8:50:00 PM,Mid-Block (not related to intersection),13.0,"MOTOR VEHICLE STRUCK MOTOR VEHICLE, LEFT SIDE AT ANGLE",,N,Clear or Partly Cloudy,Dry,Dark - Street Lights On,,,,32,One parked--one moving,0,0,Y,43.92010951527479,508
107633,-122.35555593890369,47.72731642159794,107634,121467,121467,3564975,Matched,Block,,GREENWOOD AVE N BETWEEN N 134TH ST AND N 136TH ST,,,2,Injury Collision,Left Turn,3,0,0,2,1,0,0,2011-10-03T00:00:00.000Z,10/3/2011,Mid-Block (but intersection related),11.0,"MOTOR VEHICLE STRUCK MOTOR VEHICLE, FRONT END AT ANGLE",,0,Overcast,Dry,Daylight,,11276019.0,,15,From same direction - one left turn - one straight,0,0,N,226.58651501986995,360
137697,-122.31358522756912,47.598567057406655,137698,156190,156210,3672864,Matched,Block,,RAINIER AVE S BETWEEN S JACKSON PL AND S KING ST, ,,1,Property Damage Only Collision,Sideswipe,2,0,0,2,0,0,0,2013-11-01T00:00:00.000Z,11/1/2013 2:45:00 PM,Mid-Block (not related to intersection),11.0,"MOTOR VEHICLE STRUCK MOTOR VEHICLE, FRONT END AT ANGLE",,N,Clear or Partly Cloudy,Dry,Daylight,,,,12,From same direction - both going straight - one stopped - sideswipe,0,0,N,153.09621156385643,52
118639,-122.28187294088639,47.53479103639668,118640,133708,133708,3563716,Unmatched,Block,,40TH AVE S BETWEEN S WEBSTER ST AND S AUSTIN ST,,,0,Unknown,,0,0,0,0,0,0,0,2012-03-18T00:00:00.000Z,3/18/2012,,0.0,NOT ENOUGH INFORMATION / NOT APPLICABLE,,,,,,,12078024.0,,,,0,0,N,195.37120593806836,954
119984,-122.32076013227316,47.61121288649566,120985,137562,137562,3593429,Matched,Block,,BROADWAY BETWEEN MADISON ST AND HARVARD AVE,,,2,Injury Collision,Rear Ended,3,0,0,2,1,0,0,2012-06-30T00:00:00.000Z,6/30/2012 3:43:00 PM,Mid-Block (but intersection related),14.0,"MOTOR VEHICLE STRUCK MOTOR VEHICLE, REAR END",Y,N,Clear or Partly Cloudy,Dry,Daylight,,12182031.0,,14,From same direction - both going straight - one stopped - rear-end,0,0,N,304.82910092938806,762
11074,-122.35663888789165,47.68694119270096,11075,24903,24903,04199050,Unmatched,Block,,N 80TH ST BETWEEN 1ST AVE NW AND GREENWOOD AVE N,,,0,Unknown,,0,0,0,0,0,0,0,2004-07-17T00:00:00.000Z,7/17/2004,Mid-Block (not related to intersection),14.0,"MOTOR VEHICLE STRUCK MOTOR VEHICLE, REAR END",,,,,,,4199050.0,,,,0,0,N,191.52894334170088,160
126296,-122.3577086598355,47.618815215992285,127297,142766,142766,3581376,Matched,Block,,WESTERN AVE W BETWEEN W DENNY WAY AND 1ST AVE W, ,,1,Property Damage Only Collision,Rear Ended,4,0,0,2,0,0,0,2013-01-07T00:00:00.000Z,1/7/2013 3:07:00 PM,Mid-Block (not related to intersection),14.0,"MOTOR VEHICLE STRUCK MOTOR VEHICLE, REAR END",,N,Overcast,Dry,Daylight,,13007012.0,,14,From same direction - both going straight - one stopped - rear-end,0,0,N,954.684375735067,663
119006,-122.33235574686495,47.668820659110295,120007,135211,135211,3551653,Matched,Block,,N 56TH ST BETWEEN KEYSTONE PL N AND KIRKWOOD PL N,,,1,Property Damage Only Collision,Parked Car,2,0,0,2,0,0,0,2012-09-02T00:00:00.000Z,9/2/2012 5:30:00 PM,,0.0,NOT ENOUGH INFORMATION / NOT APPLICABLE,,N,Clear or Partly Cloudy,Dry,Daylight,,12246023.0,,32,One parked--one moving,0,0,N,186.04122626937945,739
58652,-122.3255310356176,47.67083726093282,58653,73043,73043,2795026,Matched,Intersection,25837.0,LATONA AVE NE AND NE 58TH ST,,,1,Property Damage Only Collision,Angles,3,0,0,2,0,0,0,2007-03-07T00:00:00.000Z,3/7/2007,At Intersection (intersection related),11.0,"MOTOR VEHICLE STRUCK MOTOR VEHICLE, FRONT END AT ANGLE",,0,Raining,Wet,Daylight,,7066024.0,,10,Entering at angle,0,0,N,219.0763559273628,349
146952,-122.32210063715685,47.64383868623445,147953,174507,174527,3586134,Matched,Block,,HARVARD AVE E BETWEEN E ROANOKE ST AND E EDGAR ST, ,,2,Injury Collision,Rear Ended,2,0,0,2,1,0,0,2014-08-26T00:00:00.000Z,8/26/2014 8:09:00 AM,Mid-Block (but intersection related),14.0,"MOTOR VEHICLE STRUCK MOTOR VEHICLE, REAR END",Y,N,Clear or Partly Cloudy,Dry,Daylight,,,,14,From same direction - both going straight - one stopped - rear-end,0,0,N,203.07570372550234,149
17639,-122.31921545010128,47.59582497750532,17640,31546,31546,1319792,Matched,Intersection,30474.0,DEARBORN ST OFF RP AND S DEARBORN ST,,,2,Injury Collision,Pedestrian,3,1,0,1,1,0,0,2004-02-27T00:00:00.000Z,2/27/2004 8:42:00 AM,At Intersection (intersection related),24.0,MOTOR VEHCILE STRUCK PEDESTRIAN,,1,Raining,Wet,Daylight,,4058003.0,,1,Vehicle turning right hits pedestrian,0,0,N,603.0472798485035,956
146451,-122.3045906020924,47.648240060277175,147452,175648,175668,3503334,Matched,Block,,MONTLAKE BR BETWEEN POINT A AND NE PACIFIC ST, ,,1,Property Damage Only Collision,Rear Ended,2,0,0,2,0,0,0,2014-09-20T00:00:00.000Z,9/20/2014 3:29:00 AM,Mid-Block (but intersection related),14.0,"MOTOR VEHICLE STRUCK MOTOR VEHICLE, REAR END",Y,N,Clear or Partly Cloudy,Dry,Dark - Street Lights On,,,,14,From same direction - both going straight - one stopped - rear-end,0,0,N,646.1850839195163,1034
117734,-122.35663888789165,47.68694119270096,117735,132529,132529,3504133,Matched,Block,,N 80TH ST BETWEEN 1ST AVE NW AND GREENWOOD AVE N,,,2,Injury Collision,Rear Ended,6,0,0,5,4,0,0,2012-04-26T00:00:00.000Z,4/26/2012 12:07:00 PM,Mid-Block (not related to intersection),14.0,"MOTOR VEHICLE STRUCK MOTOR VEHICLE, REAR END",,N,Clear or Partly Cloudy,Dry,Daylight,,12117015.0,,14,From same direction - both going straight - one stopped - rear-end,0,0,N,191.52894334170088,160