,X,Y,OBJECTID,INCKEY,COLDETKEY,REPORTNO,STATUS,ADDRTYPE,INTKEY,LOCATION,EXCEPTRSNCODE,EXCEPTRSNDESC,SEVERITYCODE,SEVERITYDESC,COLLISIONTYPE,PERSONCOUNT,PEDCOUNT,PEDCYLCOUNT,VEHCOUNT,INJURIES,SERIOUSINJURIES,FATALITIES,INCDATE,INCDTTM,JUNCTIONTYPE,SDOT_COLCODE,SDOT_COLDESC,INATTENTIONIND,UNDERINFL,WEATHER,ROADCOND,LIGHTCOND,PEDROWNOTGRNT,SDOTCOLNUM,SPEEDING,ST_COLCODE,ST_COLDESC,SEGLANEKEY,CROSSWALKKEY,HITPARKEDCAR,CLOSEST_CIRCLE_DIST,CLOSEST_CIRCLE_INDEX
18296,-122.32905708875455,47.578769132058255,18297,32396,32396,1069947,Matched,Block,,4TH AVE S BETWEEN S LANDER ST AND S FOREST ST,,,2,Injury Collision,Other,2,0,0,2,1,0,0,2005-08-20T00:00:00.000Z,8/20/2005 5:51:00 AM,Driveway Junction,11.0,"MOTOR VEHICLE STRUCK MOTOR VEHICLE, FRONT END AT ANGLE",,0,Clear or Partly Cloudy,Dry,Daylight,,5232005.0,,22,One car leaving driveway access,0,0,N,1083.9203015127873,818
146131,-122.30765671886968,47.60167608796635,147132,170612,170632,3701570,Matched,Intersection,30729.0,19TH AVE AND E YESLER WAY, ,,2,Injury Collision,Left Turn,2,0,0,2,1,0,0,2014-06-24T00:00:00.000Z,6/24/2014 6:23:00 PM,At Intersection (intersection related),14.0,"MOTOR VEHICLE STRUCK MOTOR VEHICLE, REAR END",Y,N,Clear or Partly Cloudy,Dry,Daylight,,,,15,From same direction - one left turn - one straight,0,0,N,111.01788233783581,911
3722,-122.31823392580662,47.6199271844004,4723,18691,18691,1798982,Matched,Intersection,29054.0,11TH AVE E AND E JOHN ST,,,1,Property Damage Only Collision,Angles,2,0,0,2,0,0,0,2004-09-08T00:00:00.000Z,9/8/2004,At Intersection (intersection related),11.0,"MOTOR VEHICLE STRUCK MOTOR VEHICLE, FRONT END AT ANGLE",Y,0,Clear or Partly Cloudy,Dry,Daylight,,4252049.0,,10,Entering at angle,0,0,N,129.8886688663021,40
26615,-122.3297751718005,47.61922024559407,26616,41056,41056,1903947,Matched,Block,,STEWART ST BETWEEN YALE AVE N AND EASTLAKE AVE E,,,1,Property Damage Only Collision,Sideswipe,4,0,0,2,0,0,0,2005-12-20T00:00:00.000Z,12/20/2005 10:00:00 AM,Mid-Block (not related to intersection),16.0,"MOTOR VEHICLE STRUCK MOTOR VEHICLE, LEFT SIDE SIDESWIPE",,0,Raining,Wet,Daylight,,5354004.0,,11,From same direction - both going straight - both moving - sideswipe,0,0,N,451.27140855620667,55
154871,-122.34694325773887,47.642255124403675,154872,187099,187179,C786742,Unmatched,Intersection,28085.0,AURORA AVE N AND HALLADAY ST, ,,0,Unknown,,0,0,0,0,0,0,0,2014-01-22T00:00:00.000Z,1/22/2014,At Intersection (intersection related),14.0,"MOTOR VEHICLE STRUCK MOTOR VEHICLE, REAR END",,,,,,,,, ,,0,0,N,323.3518895702521,607
49037,-122.31815016997324,47.61467304412036,49038,63310,63310,2071000,Matched,Block,,11TH AVE BETWEEN E PIKE ST AND E PINE ST,,,1,Property Damage Only Collision,Parked Car,4,0,0,2,0,0,0,2006-04-08T00:00:00.000Z,4/8/2006,Mid-Block (not related to intersection),11.0,"MOTOR VEHICLE STRUCK MOTOR VEHICLE, FRONT END AT ANGLE",,0,Raining,Wet,Daylight,,6098016.0,,32,One parked--one moving,0,0,N,276.33240398101907,489
25282,-122.34138938967878,47.70867838198664,25283,39257,39257,1220371,Unmatched,Block,,N 110TH ST BETWEEN STONE AVE N AND INTERLAKE AVE N,,,0,Unknown,,0,0,0,0,0,0,0,2005-02-15T00:00:00.000Z,2/15/2005,Mid-Block (not related to intersection),0.0,NOT ENOUGH INFORMATION / NOT APPLICABLE,,,,,,,5046012.0,,,,0,0,N,205.06383197251918,1013
175992,-122.34068149443426,47.61344599265358,176993,227588,227928,3785283,Matched,Block,,4TH AVE BETWEEN VIRGINIA ST AND LENORA ST, ,,1,Property Damage Only Collision,Sideswipe,2,0,0,2,0,0,0,2016-09-04T00:00:00.000Z,9/4/2016 3:23:00 PM,Mid-Block (not related to intersection),11.0,"MOTOR VEHICLE STRUCK MOTOR VEHICLE, FRONT END AT ANGLE",,N,Clear or Partly Cloudy,Dry,Daylight,,,,11,From same direction - both going straight - both moving - sideswipe,0,0,N,1038.699478400501,185
50151,-122.27903364856978,47.550433509256315,50152,64513,64513,2616121,Matched,Block,,S MEAD ST BETWEEN 42ND AVE S AND RAINIER AVE S,,,1,Property Damage Only Collision,Parked Car,2,0,0,2,0,0,0,2007-04-05T00:00:00.000Z,4/5/2007,Mid-Block (not related to intersection),12.0,"MOTOR VEHICLE STRUCK MOTOR VEHICLE, RIGHT SIDE AT ANGLE",,0,Clear or Partly Cloudy,Dry,Dark - Street Lights On,,7095015.0,,32,One parked--one moving,0,0,N,155.83330782434396,216
43624,-122.38213274919529,47.66667536335243,43625,58295,58295,2611865,Matched,Intersection,25163.0,20TH AVE NW AND LEARY AVE NW,,,2,Injury Collision,Pedestrian,2,1,0,1,1,0,0,2006-11-15T00:00:00.000Z,11/15/2006 4:36:00 PM,At Intersection (intersection related),24.0,MOTOR VEHCILE STRUCK PEDESTRIAN,,0,Raining,Wet,Dark - Street Lights On,Y,6319002.0,,1,Vehicle turning right hits pedestrian,0,0,N,510.2159047272576,212
71594,-122.32768801517295,47.60171208362889,70595,84433,84433,3282537,Matched,Block,,YESLER WAY BETWEEN TERRACE ST AND 6TH AVE,,,2,Injury Collision,Cycles,4,0,1,1,1,0,0,2008-10-02T00:00:00.000Z,10/2/2008,Mid-Block (not related to intersection),56.0,PEDALCYCLIST STRUCK MOTOR VEHICLE LEFT SIDE SIDESWIPE,,0,Overcast,Wet,Daylight,Y,8276023.0,,45,Vehicle - Pedalcyclist,9972,0,N,1004.6252250181209,762
183411,-122.34502702503336,47.727767248486536,183412,238058,238498,3747929,Matched,Block,,AURORA AVE N BETWEEN N 135TH ST AND N 137TH ST, ,,2,Injury Collision,Pedestrian,2,1,0,1,1,0,0,2017-03-28T00:00:00.000Z,3/28/2017 1:32:00 PM,Mid-Block (but intersection related),24.0,MOTOR VEHCILE STRUCK PEDESTRIAN,,N,Overcast,Dry,Daylight,,,,1,Vehicle turning right hits pedestrian,0,0,N,417.2533205183167,753
183353,-122.32286515402537,47.68052069009705,183354,237168,237608,3708250,Matched,Block,,5TH AVE NE BETWEEN NE 71ST ST AND NE 72ND ST, ,,1,Property Damage Only Collision,Rear Ended,3,0,0,3,0,0,0,2017-03-15T00:00:00.000Z,3/15/2017 10:11:00 PM,Mid-Block (but intersection related),14.0,"MOTOR VEHICLE STRUCK MOTOR VEHICLE, REAR END",,N,Raining,Wet,Dark - Street Lights On,,,,14,From same direction - both going straight - one stopped - rear-end,0,0,N,644.04136737039,435
42871,-122.37888659743112,47.66643805443443,42872,56935,56935,2390920,Matched,Intersection,163502.0,17TH AVE NW AND NW 52ND ST,,,1,Property Damage Only Collision,Other,1,0,0,1,0,0,0,2006-08-07T00:00:00.000Z,8/7/2006,At Intersection (intersection related),28.0,MOTOR VEHICLE RAN OFF ROAD - HIT FIXED OBJECT,,0,Clear or Partly Cloudy,Dry,Daylight,,6219002.0,,50,Fixed object,0,0,N,496.5036898931649,133
4861,-122.32029531718928,47.595826797409856,1862,156400,156420,3593867,Matched,Block,,S DEARBORN ST BETWEEN DEARBORN OFF RP AND DEARBORN ST OFF RP, ,,1,Property Damage Only Collision,Other,3,0,0,2,0,0,0,2013-11-05T00:00:00.000Z,11/5/2013 8:12:00 AM,Mid-Block (not related to intersection),14.0,"MOTOR VEHICLE STRUCK MOTOR VEHICLE, REAR END",,N,Raining,Wet,Daylight,,,,23,From same direction - all others,0,0,N,680.7447393398072,956
110138,-122.32545475782784,47.67475201898539,112139,127725,127725,3206266,Matched,Block,,LATONA AVE NE BETWEEN NE 63RD ST AND NE 64TH ST,,,1,Property Damage Only Collision,Head On,3,0,0,3,0,0,0,2011-04-28T00:00:00.000Z,4/28/2011 1:13:00 AM,Mid-Block (not related to intersection),11.0,"MOTOR VEHICLE STRUCK MOTOR VEHICLE, FRONT END AT ANGLE",,N,Raining,Wet,Dark - Street Lights On,,11118014.0,,30,From opposite direction - all others,0,0,N,208.81220510766758,1036
142145,-122.3409937829587,47.630990373284185,143146,166771,166791,3641133,Matched,Block,,WESTLAKE AVE N BETWEEN HIGHLAND DR AND GALER S ST, ,,2,Injury Collision,Rear Ended,2,0,0,2,1,0,0,2014-04-23T00:00:00.000Z,4/23/2014 12:28:00 PM,Driveway Junction,14.0,"MOTOR VEHICLE STRUCK MOTOR VEHICLE, REAR END",,N,Clear or Partly Cloudy,Dry,Daylight,,,,14,From same direction - both going straight - one stopped - rear-end,0,0,N,327.8311035566434,77
117698,-122.38570804053104,47.54756930842232,117699,133374,133374,3553423,Matched,Block,,42ND AVE SW BETWEEN SW RAYMOND ST AND SW GRAHAM ST,,,1,Property Damage Only Collision,Parked Car,2,0,0,2,0,0,0,2012-08-04T00:00:00.000Z,8/4/2012 10:47:00 PM,,0.0,NOT ENOUGH INFORMATION / NOT APPLICABLE,,N,Clear or Partly Cloudy,Dry,Dark - No Street Lights,,12217015.0,,32,One parked--one moving,0,0,N,100.44360297116164,183
182449,-122.33506754264307,47.62461728362733,182450,237987,238427,3747777,Matched,Block,,MERCER SR ST BETWEEN BOREN AVE N AND FAIRVIEW N AVE N, ,,2,Injury Collision,Pedestrian,2,1,0,1,1,0,0,2017-01-25T00:00:00.000Z,1/25/2017 2:30:00 PM,Driveway Junction,24.0,MOTOR VEHCILE STRUCK PEDESTRIAN,,N,Clear or Partly Cloudy,Dry,Daylight,,,,1,Vehicle turning right hits pedestrian,0,0,N,789.91806562431,717
164039,-122.28336649291992,47.55579929844973,164040,204447,204587,E469132,Matched,Block,,RAINIER AVE S BETWEEN 39TH N AVE S AND 39TH S AVE S, ,,1,Property Damage Only Collision,Rear Ended,0,0,0,2,0,0,0,2015-10-07T00:00:00.000Z,10/7/2015 12:45:00 PM,Mid-Block (not related to intersection),14.0,"MOTOR VEHICLE STRUCK MOTOR VEHICLE, REAR END",,N,Raining,Wet,Daylight,,,,14,From same direction - both going straight - one stopped - rear-end,0,0,N,137.93858139579308,508
201353,-122.26676428206194,47.519844872475176,201164,301695,302915,E834671,Matched,Block,,RAINIER AVE S BETWEEN 52ND AVE S AND 53RD AVE S, ,,2,Injury Collision,Angles,2,0,0,2,1,0,0,2018-09-02T00:00:00.000Z,9/2/2018 1:01:00 PM,Mid-Block (not related to intersection),11.0,"MOTOR VEHICLE STRUCK MOTOR VEHICLE, FRONT END AT ANGLE",,N,Clear or Partly Cloudy,Dry,Daylight,,,,10,Entering at angle,0,0,N,313.3753495359516,60
130542,-122.3213152772512,47.547986761247046,132543,149253,149273,3579299,Matched,Intersection,33124.0,CORSON AVE S AND S HARNEY ST, ,,1,Property Damage Only Collision,Right Turn,2,0,0,2,0,0,0,2013-07-02T00:00:00.000Z,7/2/2013 11:26:00 AM,At Intersection (intersection related),14.0,"MOTOR VEHICLE STRUCK MOTOR VEHICLE, REAR END",,N,Clear or Partly Cloudy,Dry,Daylight,,,,16,From same direction - one right turn - one straight,0,0,N,248.1995548644294,399
99298,-122.34002571225919,47.66878504092454,99299,115003,115003,3376873,Matched,Intersection,25509.0,GREEN LAKE WAY N AND EAST GREEN LAKE WAY N,,,1,Property Damage Only Collision,Left Turn,2,0,0,2,0,0,0,2010-08-20T00:00:00.000Z,8/20/2010 4:47:00 PM,At Intersection (intersection related),11.0,"MOTOR VEHICLE STRUCK MOTOR VEHICLE, FRONT END AT ANGLE",,N,Clear or Partly Cloudy,Dry,Daylight,,10232008.0,,15,From same direction - one left turn - one straight,0,0,N,274.0764706656574,346
66814,-122.37613623359587,47.647506675747096,66815,80612,80612,2907282,Matched,Block,,15TH AV W NB OFF RP BETWEEN 15TH AVE W AND W DRAVUS ST,,,1,Property Damage Only Collision,Rear Ended,4,0,0,2,0,0,0,2008-06-08T00:00:00.000Z,6/8/2008,Mid-Block (not related to intersection),14.0,"MOTOR VEHICLE STRUCK MOTOR VEHICLE, REAR END",,0,Clear or Partly Cloudy,Dry,Daylight,,8160011.0,,14,From same direction - both going straight - one stopped - rear-end,0,0,N,441.3383447580962,292
185876,-122.3485889843192,47.65272750384285,187877,246687,247267,3762521,Matched,Intersection,27018.0,FREMONT WAY N AND N 38TH ST, ,,1,Property Damage Only Collision,Angles,0,0,0,2,0,0,0,2017-08-25T00:00:00.000Z,8/25/2017 11:26:00 PM,At Intersection (intersection related),11.0,"MOTOR VEHICLE STRUCK MOTOR VEHICLE, FRONT END AT ANGLE",,N,Clear or Partly Cloudy,Dry,Dark - Street Lights On,,,,10,Entering at angle,0,0,N,375.5634700822028,1014
65634,-122.29617547120381,47.61470150459037,65635,80138,80138,C714344,Matched,Block,,M L KING JR WAY BETWEEN E PIKE ST AND E PINE ST,,,1,Property Damage Only Collision,Sideswipe,2,0,0,2,0,0,0,2008-11-09T00:00:00.000Z,11/9/2008,Mid-Block (not related to intersection),16.0,"MOTOR VEHICLE STRUCK MOTOR VEHICLE, LEFT SIDE SIDESWIPE",,0,Clear or Partly Cloudy,Dry,Daylight,,8314030.0,,12,From same direction - both going straight - one stopped - sideswipe,0,0,N,117.50508420841811,166
70805,-122.32674647662012,47.618114925706216,71806,87003,87003,2897742,Matched,Block,,BELLEVUE AVE BETWEEN E HOWELL ST AND E DENNY WAY,,,1,Property Damage Only Collision,Parked Car,3,0,0,3,0,0,0,2008-03-01T00:00:00.000Z,3/1/2008,Mid-Block (not related to intersection),14.0,"MOTOR VEHICLE STRUCK MOTOR VEHICLE, REAR END",,0,Clear or Partly Cloudy,Dry,Dark - Street Lights On,,8061018.0,,32,One parked--one moving,0,0,N,216.91544068037993,55
76887,-122.32139200935262,47.587308682000646,76888,91011,91011,2899768,Matched,Block,,AIRPORT WAY S BETWEEN S MASSACHUSETTS ST AND S HOLGATE N ST,,,1,Property Damage Only Collision,Parked Car,3,0,0,2,0,0,0,2008-07-21T00:00:00.000Z,7/21/2008 10:21:00 AM,Mid-Block (not related to intersection),14.0,"MOTOR VEHICLE STRUCK MOTOR VEHICLE, REAR END",Y,0,Clear or Partly Cloudy,Dry,Daylight,,8203007.0,,32,One parked--one moving,0,0,N,508.976120352581,875
198107,-122.31594662193312,47.65361707135894,197108,288051,288911,E798602,Matched,Block,,NE PACIFIC ST BETWEEN NE BOAT ST AND BROOKLYN AVE NE, ,,2,Injury Collision,Rear Ended,2,0,0,2,1,0,0,2018-05-11T00:00:00.000Z,5/11/2018 1:40:00 PM,Mid-Block (not related to intersection),14.0,"MOTOR VEHICLE STRUCK MOTOR VEHICLE, REAR END",Y,N,Clear or Partly Cloudy,Dry,Daylight,,,,14,From same direction - both going straight - one stopped - rear-end,0,0,N,526.3631499401118,899
94825,-122.32310976505718,47.596671152519214,95826,110852,110852,3326878,Matched,Block,,S LANE ST BETWEEN 7TH AVE S AND 8TH AVE S,,,1,Property Damage Only Collision,Head On,2,0,0,2,0,0,0,2010-01-06T00:00:00.000Z,1/6/2010 3:04:00 PM,Mid-Block (not related to intersection),11.0,"MOTOR VEHICLE STRUCK MOTOR VEHICLE, FRONT END AT ANGLE",,N,Clear or Partly Cloudy,Dry,Daylight,,10006009.0,,30,From opposite direction - all others,0,0,N,871.5941663495174,956
125221,-122.35820337116596,47.681798666322244,125222,138808,138808,2904614,Matched,Block,,NW 73RD ST BETWEEN 1ST AVE NW AND SYCAMORE AVE NW,,,1,Property Damage Only Collision,Parked Car,2,0,0,2,0,0,0,2012-01-18T00:00:00.000Z,1/18/2012 10:10:00 PM,Mid-Block (not related to intersection),11.0,"MOTOR VEHICLE STRUCK MOTOR VEHICLE, FRONT END AT ANGLE",,N,Clear or Partly Cloudy,Ice,Dark - Street Lights On,,12018009.0,Y,32,One parked--one moving,0,0,N,85.85114871942892,466
91150,-122.30432725964896,47.64431282309762,91151,106289,106289,3334160,Matched,Block,,MONTLAKE BLVD E BETWEEN EAST MONTLAKE PL E AND SR520 WB MONTLAKE BV OFF RP,,,2,Injury Collision,Angles,2,0,0,2,1,0,0,2009-11-04T00:00:00.000Z,11/4/2009,Mid-Block (not related to intersection),16.0,"MOTOR VEHICLE STRUCK MOTOR VEHICLE, LEFT SIDE SIDESWIPE",,0,Unknown,Unknown,Unknown,,9308015.0,,10,Entering at angle,0,0,N,210.69942400825147,1034
69447,-122.2903445848082,47.6134734400384,69448,82104,82104,C704282,Matched,Block,,33RD AVE BETWEEN E UNION ST AND E PIKE ST,,,2,Injury Collision,Sideswipe,2,0,0,2,1,0,0,2008-05-14T00:00:00.000Z,5/14/2008 3:21:00 PM,Mid-Block (not related to intersection),16.0,"MOTOR VEHICLE STRUCK MOTOR VEHICLE, LEFT SIDE SIDESWIPE",,0,Clear or Partly Cloudy,Dry,Daylight,,8135029.0,,12,From same direction - both going straight - one stopped - sideswipe,0,0,N,64.3658489925317,288
161570,-122.37257111462671,47.53281691746809,163571,205823,205983,3385866,Matched,Block,,31ST AVE SW BETWEEN SW HOLDEN ST AND SW KENYON ST, ,,1,Property Damage Only Collision,Parked Car,2,0,0,2,0,0,0,2015-10-31T00:00:00.000Z,10/31/2015 10:30:00 PM,Mid-Block (not related to intersection),11.0,"MOTOR VEHICLE STRUCK MOTOR VEHICLE, FRONT END AT ANGLE",,N,Raining,Wet,Dark - No Street Lights,,,,32,One parked--one moving,0,0,N,145.854862441451,729
202253,-122.2926131892978,47.68213844778169,202064,302602,303842,E839666,Matched,Block,,33RD AVE NE BETWEEN NE 73RD ST AND NE 75TH ST, ,,1,Property Damage Only Collision,Parked Car,2,0,0,2,0,0,0,2018-09-11T00:00:00.000Z,9/11/2018 11:28:00 AM,Mid-Block (not related to intersection),14.0,"MOTOR VEHICLE STRUCK MOTOR VEHICLE, REAR END",,N,Clear or Partly Cloudy,Dry,Daylight,,,,32,One parked--one moving,0,0,Y,382.8422497013061,540
3556,-122.33315551196314,47.66029395271625,4557,18378,18378,1778475,Matched,Block,,N 44TH ST BETWEEN MERIDIAN AVE N AND BAGLEY AVE N,,,1,Property Damage Only Collision,Parked Car,2,0,0,2,0,0,0,2004-01-30T00:00:00.000Z,1/30/2004 9:20:00 PM,Mid-Block (not related to intersection),14.0,"MOTOR VEHICLE STRUCK MOTOR VEHICLE, REAR END",,0,Unknown,Unknown,Unknown,,4030014.0,,32,One parked--one moving,0,0,N,44.14209720279035,428
57742,-122.3630317446378,47.548385255568505,57743,72172,72172,2798783,Matched,Block,,DELRIDGE WAY SW BETWEEN SW JUNEAU ST AND 24TH AVE SW,,,1,Property Damage Only Collision,Sideswipe,3,0,0,2,0,0,0,2007-10-19T00:00:00.000Z,10/19/2007 9:18:00 AM,Mid-Block (not related to intersection),11.0,"MOTOR VEHICLE STRUCK MOTOR VEHICLE, FRONT END AT ANGLE",,0,Overcast,Wet,Daylight,,7292064.0,,11,From same direction - both going straight - both moving - sideswipe,0,0,N,625.1045603802459,949
27748,-122.32086366598641,47.61932227618106,27749,42164,42164,1217309,Matched,Block,,BROADWAY E BETWEEN E DENNY WAY AND E OLIVE WAY,,,1,Property Damage Only Collision,Parked Car,2,0,0,2,0,0,0,2005-01-28T00:00:00.000Z,1/28/2005 10:32:00 PM,Driveway Junction,14.0,"MOTOR VEHICLE STRUCK MOTOR VEHICLE, REAR END",,0,Clear or Partly Cloudy,Wet,Dark - Street Lights On,,5028025.0,,32,One parked--one moving,0,0,N,208.69886891123627,40
179602,-122.31219326108648,47.688508156328496,177603,230006,230406,3769490,Matched,Intersection,24386.0,15TH AVE NE AND NE 82ND ST, ,,1,Property Damage Only Collision,Angles,2,0,0,2,0,0,0,2016-10-27T00:00:00.000Z,10/27/2016 6:15:00 PM,At Intersection (intersection related),11.0,"MOTOR VEHICLE STRUCK MOTOR VEHICLE, FRONT END AT ANGLE",,N,Raining,Wet,Dark - Street Lights On,,,,10,Entering at angle,0,0,N,161.59989916111292,436
43749,-122.3874470872717,47.56473738520839,43750,58201,58201,2625453,Matched,Block,,SW GENESEE ST BETWEEN CALIFORNIA AVE SW AND 44TH AVE SW,,,1,Property Damage Only Collision,Parked Car,2,0,0,2,0,0,0,2006-10-14T00:00:00.000Z,10/14/2006 7:50:00 AM,Mid-Block (not related to intersection),11.0,"MOTOR VEHICLE STRUCK MOTOR VEHICLE, FRONT END AT ANGLE",,0,Unknown,Dry,Daylight,,6287033.0,,32,One parked--one moving,0,0,N,150.18745765757322,249
35858,-122.328913101671,47.61346582031274,36859,50585,50585,2070901,Matched,Intersection,29878.0,BOREN AVE AND PIKE ST,,,2b,Serious Injury Collision,Pedestrian,3,1,0,1,1,1,0,2006-04-16T00:00:00.000Z,4/16/2006 12:35:00 AM,At Intersection (intersection related),24.0,MOTOR VEHCILE STRUCK PEDESTRIAN,,1,Raining,Wet,Dark - Street Lights On,Y,6106029.0,,0,Vehicle going straight hits pedestrian,0,0,N,162.5956750118414,185
76191,-122.31870445256985,47.601696760346464,76192,90298,90298,3287754,Matched,Block,,E YESLER WAY BETWEEN 10TH AVE AND BOREN AVE,,,1,Property Damage Only Collision,Angles,2,0,0,2,0,0,0,2008-12-18T00:00:00.000Z,12/18/2008 3:00:00 PM,Mid-Block (not related to intersection),11.0,"MOTOR VEHICLE STRUCK MOTOR VEHICLE, FRONT END AT ANGLE",,0,Snowing,Ice,Daylight,,8353008.0,Y,10,Entering at angle,0,0,N,451.8539353608323,627
159393,-122.34086400459549,47.517276854358904,160394,201401,201541,3644399,Matched,Block,,SW ROXBURY ST BETWEEN OLSON PL SW AND 5TH AVE SW, ,,1,Property Damage Only Collision,Other,1,0,0,1,0,0,0,2015-09-01T00:00:00.000Z,9/1/2015 10:09:00 AM,Mid-Block (not related to intersection),26.0,MOTOR VEHICLE STRUCK OBJECT IN ROAD,,N,Raining,Wet,Daylight,,,Y,50,Fixed object,0,0,N,755.6968402134247,415
156477,-122.29469766252743,47.720183803433216,155478,186865,186945,3707787,Matched,Block,,LAKE CITY WAY NE BETWEEN NE 125TH ST AND NE 127TH ST, ,,2,Injury Collision,Rear Ended,4,0,0,2,2,0,0,2015-03-01T00:00:00.000Z,3/1/2015 10:11:00 AM,Mid-Block (but intersection related),14.0,"MOTOR VEHICLE STRUCK MOTOR VEHICLE, REAR END",Y,N,Clear or Partly Cloudy,Dry,Daylight,,,,13,From same direction - both going straight - both moving - rear-end,0,0,N,317.9573460171921,148
43128,-122.33613044666157,47.610445255664025,43129,57798,57798,2607958,Matched,Block,,PIKE ST BETWEEN 4TH AVE AND 5TH AVE,,,1,Property Damage Only Collision,Sideswipe,2,0,0,2,0,0,0,2006-12-19T00:00:00.000Z,12/19/2006 2:30:00 PM,Mid-Block (not related to intersection),11.0,"MOTOR VEHICLE STRUCK MOTOR VEHICLE, FRONT END AT ANGLE",,0,Clear or Partly Cloudy,Dry,Daylight,,6353022.0,,11,From same direction - both going straight - both moving - sideswipe,0,0,N,749.2366428554238,185
18102,-122.32958081125898,47.54925641369733,18103,31776,31776,1789135,Matched,Block,,4TH AVE S BETWEEN S FIDALGO ST AND S FRONT ST,,,1,Property Damage Only Collision,Parked Car,2,0,0,2,0,0,0,2004-02-23T00:00:00.000Z,2/23/2004 4:09:00 PM,Mid-Block (not related to intersection),11.0,"MOTOR VEHICLE STRUCK MOTOR VEHICLE, FRONT END AT ANGLE",,0,Clear or Partly Cloudy,Dry,Daylight,,4054030.0,,20,One car leaving parked position,0,0,N,514.7565160967441,202
24810,-122.32209227156824,47.643190400202634,24811,38616,38616,1795869,Matched,Intersection,28207.0,HARVARD AVE E AND E ROANOKE ST,,,1,Property Damage Only Collision,Right Turn,2,0,0,2,0,0,0,2005-01-10T00:00:00.000Z,1/10/2005 4:25:00 PM,At Intersection (intersection related),11.0,"MOTOR VEHICLE STRUCK MOTOR VEHICLE, FRONT END AT ANGLE",Y,0,Clear or Partly Cloudy,Dry,Daylight,,5010020.0,,16,From same direction - one right turn - one straight,0,0,N,239.05542332544047,149
41554,-122.33613044666157,47.610445255664025,41555,55425,55425,2608604,Matched,Block,,PIKE ST BETWEEN 4TH AVE AND 5TH AVE,,,1,Property Damage Only Collision,Sideswipe,2,0,0,2,0,0,0,2006-08-03T00:00:00.000Z,8/3/2006,Mid-Block (but intersection related),11.0,"MOTOR VEHICLE STRUCK MOTOR VEHICLE, FRONT END AT ANGLE",,0,Clear or Partly Cloudy,Dry,Daylight,,6215005.0,,71,Same direction -- both turning right -- both moving -- sideswipe,0,0,N,749.2366428554238,185
72361,-122.3407016639554,47.606642263433464,72362,87173,87173,3288578,Matched,Block,,ALASKAN WY VI SB BETWEEN ELLIOTT AV ON RP AND COLUMBIA ST ON RP,,,1,Property Damage Only Collision,Other,2,0,0,2,0,0,0,2008-11-03T00:00:00.000Z,11/3/2008,Mid-Block (not related to intersection),11.0,"MOTOR VEHICLE STRUCK MOTOR VEHICLE, FRONT END AT ANGLE",,0,Raining,Wet,Dark - Street Lights On,,8308031.0,,23,From same direction - all others,0,0,N,1253.563944881894,688
51308,-122.33510998434059,47.7014115454031,51309,65586,65586,2617666,Matched,Intersection,37292.0,COLLEGE WAY N AND N 100TH ST,,,1,Property Damage Only Collision,Angles,4,0,0,2,0,0,0,2007-06-28T00:00:00.000Z,6/28/2007 8:50:00 PM,At Intersection (intersection related),11.0,"MOTOR VEHICLE STRUCK MOTOR VEHICLE, FRONT END AT ANGLE",,0,Clear or Partly Cloudy,Wet,Dusk,,7179049.0,,10,Entering at angle,0,0,N,269.653669814861,1
136475,-122.31425516449549,47.68606162484504,135476,153783,153803,3572802,Matched,Block,,LAKE CITY WAY NE BETWEEN 12TH AVE NE AND NE 80TH ST, ,,1,Property Damage Only Collision,Rear Ended,3,0,0,2,0,0,0,2013-09-06T00:00:00.000Z,9/6/2013 11:51:00 AM,Mid-Block (not related to intersection),14.0,"MOTOR VEHICLE STRUCK MOTOR VEHICLE, REAR END",Y,N,Overcast,Wet,Daylight,,,,14,From same direction - both going straight - one stopped - rear-end,0,0,N,151.15776596041906,940
158143,-122.28347838810193,47.5415732755157,159144,196797,196917,E437306,Matched,Block,,M L KING JR WR WAY S BETWEEN S HOLLY ST AND S WILLOW ST, ,,1,Property Damage Only Collision,Right Turn,3,0,0,2,0,0,0,2015-06-26T00:00:00.000Z,6/26/2015 12:16:00 PM,Mid-Block (but intersection related),14.0,"MOTOR VEHICLE STRUCK MOTOR VEHICLE, REAR END",,N,Clear or Partly Cloudy,Dry,Daylight,,,,16,From same direction - one right turn - one straight,0,0,N,222.58074427743927,967
133011,-122.33400021024799,47.54768957328204,133012,150828,150848,E219157,Matched,Block,,EAST MARGINAL WAY S BETWEEN 1ST AV S BR SB AND 1ST AV S BR NB, ,,2,Injury Collision,Pedestrian,2,1,0,1,1,0,0,2013-01-08T00:00:00.000Z,1/8/2013 7:56:00 AM,Mid-Block (not related to intersection),14.0,"MOTOR VEHICLE STRUCK MOTOR VEHICLE, REAR END",Y,N,Raining,Wet,Daylight,Y,,,0,Vehicle going straight hits pedestrian,0,0,N,885.3574380400844,202