,X,Y,OBJECTID,INCKEY,COLDETKEY,REPORTNO,STATUS,ADDRTYPE,INTKEY,LOCATION,EXCEPTRSNCODE,EXCEPTRSNDESC,SEVERITYCODE,SEVERITYDESC,COLLISIONTYPE,PERSONCOUNT,PEDCOUNT,PEDCYLCOUNT,VEHCOUNT,INJURIES,SERIOUSINJURIES,FATALITIES,INCDATE,INCDTTM,JUNCTIONTYPE,SDOT_COLCODE,SDOT_COLDESC,INATTENTIONIND,UNDERINFL,WEATHER,ROADCOND,LIGHTCOND,PEDROWNOTGRNT,SDOTCOLNUM,SPEEDING,ST_COLCODE,ST_COLDESC,SEGLANEKEY,CROSSWALKKEY,HITPARKEDCAR,CLOSEST_CIRCLE_DIST,CLOSEST_CIRCLE_INDEX
131983,-122.34369418757208,47.61973120499818,131984,146985,147005,3643731,Matched,Block,,AURORA AVE N BETWEEN BATTERY ST TUNNEL NB AND THOMAS ST, ,,1,Property Damage Only Collision,Other,2,0,0,2,0,0,0,2013-05-27T00:00:00.000Z,5/27/2013 2:29:00 PM,Mid-Block (not related to intersection),11.0,"MOTOR VEHICLE STRUCK MOTOR VEHICLE, FRONT END AT ANGLE",,N,Raining,Wet,Daylight,,,Y,23,From same direction - all others,0,0,N,876.7558539627241,422
51169,-122.35001171071758,47.658803641929865,51170,65170,65170,2880860,Matched,Block,,FREMONT AVE N BETWEEN N MOTOR PL AND N 43RD S ST,,,1,Property Damage Only Collision,Parked Car,2,0,0,2,0,0,0,2007-10-03T00:00:00.000Z,10/3/2007,Mid-Block (not related to intersection),11.0,"MOTOR VEHICLE STRUCK MOTOR VEHICLE, FRONT END AT ANGLE",,0,Overcast,Dry,Daylight,,7276022.0,,20,One car leaving parked position,0,0,N,118.32711903540685,664
68730,-122.29911791748005,47.621491496835844,68731,82056,82056,2621606,Matched,Block,,E MADISON ST BETWEEN 25TH AVE E AND 26TH AVE E,,,1,Property Damage Only Collision,Parked Car,2,0,0,2,0,0,0,2008-01-30T00:00:00.000Z,1/30/2008 10:00:00 PM,Mid-Block (not related to intersection),16.0,"MOTOR VEHICLE STRUCK MOTOR VEHICLE, LEFT SIDE SIDESWIPE",,0,Raining,Wet,Dark - Street Lights On,,8030042.0,,32,One parked--one moving,0,0,N,150.59250400280123,635
26683,-122.34508527725748,47.733062090058546,26684,40662,40662,1931324,Unmatched,Block,,AURORA AVE N BETWEEN N 143RD ST AND ROOSEVELT WAY N,,,0,Unknown,,0,0,0,0,0,0,0,2005-02-08T00:00:00.000Z,2/8/2005,Mid-Block (not related to intersection),11.0,"MOTOR VEHICLE STRUCK MOTOR VEHICLE, FRONT END AT ANGLE",,,,,,,5039016.0,,,,0,0,N,414.81322567930596,337
24215,-122.3173836124487,47.666770027662906,24216,38205,38205,C659178,Matched,Block,,ROOSEVELT WAY NE BETWEEN NE 52ND ST AND NE 53RD ST,,,2,Injury Collision,Rear Ended,5,0,0,2,5,0,0,2005-11-05T00:00:00.000Z,11/5/2005,Mid-Block (but intersection related),14.0,"MOTOR VEHICLE STRUCK MOTOR VEHICLE, REAR END",,0,Raining,Wet,Dusk,,5309076.0,,14,From same direction - both going straight - one stopped - rear-end,0,0,N,166.57005795215602,268
19053,-122.28913169435613,47.6730631412989,19054,32957,32957,1079712,Matched,Block,,36TH AVE NE BETWEEN NE 60TH ST AND NE 62ND ST,,,1,Property Damage Only Collision,Parked Car,2,0,0,2,0,0,0,2005-11-04T00:00:00.000Z,11/4/2005,Mid-Block (not related to intersection),16.0,"MOTOR VEHICLE STRUCK MOTOR VEHICLE, LEFT SIDE SIDESWIPE",,0,Raining,Wet,Daylight,,5308064.0,,32,One parked--one moving,0,0,N,102.09217594099862,455
139844,-122.322638803404,47.65177266625575,140845,158274,158294,C777587,Unmatched,Block,,I5 SB BETWEEN BOYLSTON AV E OFF RP AND 45TH ST ON RP, ,,0,Unknown,,0,0,0,0,0,0,0,2013-05-01T00:00:00.000Z,5/1/2013,Mid-Block (not related to intersection),14.0,"MOTOR VEHICLE STRUCK MOTOR VEHICLE, REAR END",,,,,,,,, ,,0,0,N,637.5346868652018,444
169724,-122.2981032035,47.58661482162414,170725,215554,215814,3735194,Matched,Block,,M L KING JR WAY S BETWEEN S GRAND ST AND S HOLGATE ST, ,,1,Property Damage Only Collision,Other,1,0,0,1,0,0,0,2016-03-03T00:00:00.000Z,3/3/2016 2:00:00 AM,,0.0,NOT ENOUGH INFORMATION / NOT APPLICABLE,,N,Overcast,Wet,Dark - Street Lights On,,,,51,Other object,0,0,Y,164.46202721569287,48
151134,-122.34764784847772,47.61186710707248,152135,181399,181439,3590830,Matched,Block,,ELLIOTT AVE BETWEEN ELLIOTT AV ON RP AND BELL ST, ,,2,Injury Collision,Rear Ended,3,0,0,2,1,0,0,2014-12-10T00:00:00.000Z,12/10/2014 7:28:00 PM,Mid-Block (but intersection related),14.0,"MOTOR VEHICLE STRUCK MOTOR VEHICLE, REAR END",,N,Raining,Wet,Dark - Street Lights On,,,,14,From same direction - both going straight - one stopped - rear-end,0,0,N,1565.766155555859,185
73210,-122.3885474054054,47.58118566685069,73211,86564,86564,2798641,Matched,Block,,SW ADMIRAL WAY BETWEEN 44TH AVE SW AND 45TH AVE SW,,,1,Property Damage Only Collision,Parked Car,2,0,0,2,0,0,0,2008-02-27T00:00:00.000Z,2/27/2008 4:30:00 PM,Mid-Block (not related to intersection),14.0,"MOTOR VEHICLE STRUCK MOTOR VEHICLE, REAR END",Y,0,Clear or Partly Cloudy,Dry,Daylight,,8058010.0,,32,One parked--one moving,0,0,N,209.2417074774422,518
82590,-122.33944923214372,47.57039494173512,83591,97308,97308,2798100,Matched,Block,,EAST MARGINAL ER WAY S BETWEEN S SPOKANE SR ST AND EAST MARGINAL NB WAY S,,,1,Property Damage Only Collision,Right Turn,2,0,0,2,0,0,0,2009-05-18T00:00:00.000Z,5/18/2009 8:45:00 AM,Mid-Block (but intersection related),11.0,"MOTOR VEHICLE STRUCK MOTOR VEHICLE, FRONT END AT ANGLE",,0,Clear or Partly Cloudy,Dry,Daylight,,9138035.0,,16,From same direction - one right turn - one straight,0,0,N,1852.8900836580003,512
140928,-122.38616291817628,47.6701851671992,139929,160863,160883,2905621,Matched,Block,,NW 57TH ST BETWEEN 22ND AVE NW AND 24TH AVE NW, ,,2,Injury Collision,Pedestrian,3,1,0,1,1,0,0,2014-02-01T00:00:00.000Z,2/1/2014 1:56:00 PM,Mid-Block (not related to intersection),24.0,MOTOR VEHCILE STRUCK PEDESTRIAN,,N,Overcast,Dry,Daylight,,,,3,Vehicle backing hits pedestrian,0,0,N,133.8388765215941,212
415,-122.30503617523651,47.60474570464207,416,1291,1291,3476307,Matched,Block,,21ST AVE BETWEEN E ALDER ST AND E TERRACE ST, ,,1,Property Damage Only Collision,Parked Car,2,0,0,2,0,0,0,2013-03-27T00:00:00.000Z,3/27/2013 7:00:00 PM,Mid-Block (not related to intersection),11.0,"MOTOR VEHICLE STRUCK MOTOR VEHICLE, FRONT END AT ANGLE",,N,Raining,Wet,Daylight,,,,32,One parked--one moving,0,0,N,46.167658672083824,602
43350,-122.3767896929363,47.68596684140481,43351,57584,57584,2617866,Matched,Block,,15TH AVE NW BETWEEN NW 77TH ST AND NW 80TH ST,,,2,Injury Collision,Rear Ended,3,0,0,2,2,0,0,2006-10-14T00:00:00.000Z,10/14/2006 9:05:00 PM,Mid-Block (not related to intersection),14.0,"MOTOR VEHICLE STRUCK MOTOR VEHICLE, REAR END",Y,0,Raining,Wet,Dark - Street Lights On,,6287015.0,,14,From same direction - both going straight - one stopped - rear-end,0,0,N,130.20351274170147,151
7872,-122.34763662076384,47.652610795567725,7873,22138,22138,1774063,Matched,Intersection,27053.0,FREMONT TURN RD AND N 38TH ST,,,1,Property Damage Only Collision,Left Turn,2,0,0,2,0,0,0,2004-06-25T00:00:00.000Z,6/25/2004 7:30:00 PM,At Intersection (intersection related),11.0,"MOTOR VEHICLE STRUCK MOTOR VEHICLE, FRONT END AT ANGLE",,0,Clear or Partly Cloudy,Dry,Daylight,,4177008.0,,28,From opposite direction - one left turn - one straight,0,0,N,314.31068336677055,1014
151389,-122.31934779459644,47.61175788132722,152390,182403,182463,3626371,Matched,Intersection,29765.0,10TH AVE AND E MADISON ST, ,,1,Property Damage Only Collision,Left Turn,2,0,0,2,0,0,0,2014-12-20T00:00:00.000Z,12/20/2014 3:13:00 AM,At Intersection (intersection related),14.0,"MOTOR VEHICLE STRUCK MOTOR VEHICLE, REAR END",,Y,Raining,Wet,Dark - Street Lights On,,,,15,From same direction - one left turn - one straight,0,0,N,295.1786913377192,837
78515,-122.36043342782813,47.53278425241511,79516,93426,93426,2896226,Matched,Block,,DELRIDGE WAY SW BETWEEN SW HOLDEN ST AND SW KENYON ST,,,1,Property Damage Only Collision,Rear Ended,2,0,0,2,0,0,0,2008-10-28T00:00:00.000Z,10/28/2008 6:28:00 AM,Mid-Block (but intersection related),14.0,"MOTOR VEHICLE STRUCK MOTOR VEHICLE, REAR END",,0,Clear or Partly Cloudy,Dry,Dark - Street Lights On,,8302008.0,,14,From same direction - both going straight - one stopped - rear-end,0,0,N,510.1756196905679,195
26609,-122.3355548324284,47.59813004594074,26610,40643,40643,1076534,Matched,Block,,ALASKAN WY VI SB BETWEEN COLUMBIA ST ON RP AND ALASKAN WY VI SB EFR OFF RP,,,1,Property Damage Only Collision,Sideswipe,2,0,0,2,0,0,0,2005-07-08T00:00:00.000Z,7/8/2005,Mid-Block (but intersection related),16.0,"MOTOR VEHICLE STRUCK MOTOR VEHICLE, LEFT SIDE SIDESWIPE",,0,Clear or Partly Cloudy,Dry,Daylight,,5189052.0,,11,From same direction - both going straight - both moving - sideswipe,0,0,N,1601.5471349607803,762
94766,-122.31193741873598,47.664892810988796,95767,110165,110165,3333531,Matched,Intersection,26052.0,15TH AVE NE AND NE 50TH ST,,,1,Property Damage Only Collision,Angles,3,0,0,2,0,0,0,2010-02-21T00:00:00.000Z,2/21/2010 2:46:00 PM,At Intersection (intersection related),11.0,"MOTOR VEHICLE STRUCK MOTOR VEHICLE, FRONT END AT ANGLE",,N,Clear or Partly Cloudy,Dry,Daylight,,10052001.0,,10,Entering at angle,0,0,N,190.81277814219368,389
52179,-122.31268735879162,47.729385614825496,52180,66576,66576,2795645,Matched,Block,,15TH AVE NE BETWEEN NE 137TH ST AND NE 140TH ST,,,1,Property Damage Only Collision,Sideswipe,4,0,0,2,0,0,0,2007-08-23T00:00:00.000Z,8/23/2007 10:24:00 AM,Mid-Block (not related to intersection),11.0,"MOTOR VEHICLE STRUCK MOTOR VEHICLE, FRONT END AT ANGLE",,0,Clear or Partly Cloudy,Dry,Daylight,,7235026.0,,11,From same direction - both going straight - both moving - sideswipe,0,0,N,227.86944127709666,301
56526,-122.35673390919241,47.62152331340481,56527,70944,70944,2807793,Matched,Block,,QUEEN ANNE AVE N BETWEEN THOMAS ST AND HARRISON ST,,,1,Property Damage Only Collision,Parked Car,2,0,0,2,0,0,0,2007-04-12T00:00:00.000Z,4/12/2007 8:30:00 PM,Mid-Block (not related to intersection),11.0,"MOTOR VEHICLE STRUCK MOTOR VEHICLE, FRONT END AT ANGLE",,0,Clear or Partly Cloudy,Dry,Dusk,,7102025.0,,32,One parked--one moving,0,0,N,661.7460187496191,663
113045,-122.32775751125796,47.66135727672546,113046,129303,129303,3544834,Matched,Block,,NE 45TH ST BETWEEN 1ST AVE NE AND 2ND AVE NE,,,2,Injury Collision,Left Turn,2,0,0,2,1,0,0,2011-09-19T00:00:00.000Z,9/19/2011 11:22:00 PM,Mid-Block (not related to intersection),11.0,"MOTOR VEHICLE STRUCK MOTOR VEHICLE, FRONT END AT ANGLE",,N,Clear or Partly Cloudy,Dry,Dark - Street Lights On,,11262017.0,,28,From opposite direction - one left turn - one straight,0,0,N,128.9032652665746,109
73595,-122.37075191357029,47.67162572615415,73596,88808,88808,3277031,Matched,Intersection,25400.0,11TH AVE NW AND NW 59TH ST,,,2,Injury Collision,Angles,6,0,0,2,3,0,0,2008-10-14T00:00:00.000Z,10/14/2008 12:52:00 PM,At Intersection (intersection related),11.0,"MOTOR VEHICLE STRUCK MOTOR VEHICLE, FRONT END AT ANGLE",,0,Clear or Partly Cloudy,Dry,Daylight,,8288004.0,Y,10,Entering at angle,0,0,N,81.10029424830876,543
33180,-122.3003934731505,47.719308342819254,33181,46890,46890,1792059,Matched,Intersection,36605.0,26TH AVE NE AND NE 125TH ST,,,2,Injury Collision,Left Turn,3,0,0,2,2,0,0,2005-02-28T00:00:00.000Z,2/28/2005 8:38:00 PM,At Intersection (intersection related),11.0,"MOTOR VEHICLE STRUCK MOTOR VEHICLE, FRONT END AT ANGLE",,0,Clear or Partly Cloudy,Wet,Dark - Street Lights On,,5059017.0,,28,From opposite direction - one left turn - one straight,0,0,N,201.54099737226085,5
142373,-122.26424684748643,47.51331845546557,143374,168204,168224,3700001,Matched,Intersection,38297.0,RENTON AVE S AND S NORFOLK ST, ,,1,Property Damage Only Collision,Sideswipe,2,0,0,2,0,0,0,2014-05-18T00:00:00.000Z,5/18/2014 8:00:00 PM,At Intersection (intersection related),16.0,"MOTOR VEHICLE STRUCK MOTOR VEHICLE, LEFT SIDE SIDESWIPE",,N,Unknown,Unknown,Dark - Street Lights On,,,,11,From same direction - both going straight - both moving - sideswipe,0,0,N,165.4432010472819,213
11100,-122.30222588731523,47.59111809760922,11101,24906,24906,1216605,Matched,Block,,23RD AVE S BETWEEN S JUDKINS ST AND MOUNTAINS TO SOUND TRL,,,3,Fatality Collision,Sideswipe,4,0,0,3,0,0,1,2004-07-24T00:00:00.000Z,7/24/2004 1:36:00 PM,Mid-Block (not related to intersection),16.0,"MOTOR VEHICLE STRUCK MOTOR VEHICLE, LEFT SIDE SIDESWIPE",,0,Clear or Partly Cloudy,Dry,Daylight,,4206001.0,,11,From same direction - both going straight - both moving - sideswipe,0,0,N,224.07748905156666,430
31590,-122.33360568160315,47.61355908110572,32591,46747,46747,1792955,Matched,Block,,8TH AVE BETWEEN PINE ST AND OLIVE WAY,,,1,Property Damage Only Collision,Other,1,0,0,1,0,0,0,2005-04-22T00:00:00.000Z,4/22/2005 8:34:00 AM,Mid-Block (but intersection related),26.0,MOTOR VEHICLE STRUCK OBJECT IN ROAD,Y,0,Clear or Partly Cloudy,Dry,Daylight,,5112012.0,,50,Fixed object,0,0,N,509.7014889792437,185
108468,-122.32657896253056,47.62083050217035,108469,124146,124146,3566204,Matched,Intersection,29144.0,BELLEVUE AVE E AND E THOMAS ST,,,1,Property Damage Only Collision,Angles,2,0,0,2,0,0,0,2011-06-28T00:00:00.000Z,6/28/2011 5:55:00 PM,At Intersection (intersection related),11.0,"MOTOR VEHICLE STRUCK MOTOR VEHICLE, FRONT END AT ANGLE",,N,Clear or Partly Cloudy,Dry,Daylight,,11179014.0,,10,Entering at angle,0,0,N,160.19223028135096,717
55994,-122.34827518972806,47.618573736258746,55995,70418,70418,2791556,Matched,Block,,DENNY WAY BETWEEN 4TH AVE AND 5TH AVE,,,1,Property Damage Only Collision,Rear Ended,2,0,0,2,0,0,0,2007-11-15T00:00:00.000Z,11/15/2007 7:27:00 AM,Mid-Block (but intersection related),14.0,"MOTOR VEHICLE STRUCK MOTOR VEHICLE, REAR END",Y,0,Raining,Wet,Daylight,,7319042.0,,14,From same direction - both going straight - one stopped - rear-end,0,0,N,869.7323049870184,422
185358,-122.32160183021419,47.526461490913064,187359,247322,247903,3744435,Matched,Block,,S CLOVERDALE ST BETWEEN 8TH AVE S AND 10TH AVE S, ,,1,Property Damage Only Collision,Parked Car,0,0,0,2,0,0,0,2017-09-03T00:00:00.000Z,9/3/2017 10:40:00 PM,Mid-Block (not related to intersection),11.0,"MOTOR VEHICLE STRUCK MOTOR VEHICLE, FRONT END AT ANGLE",,N,Clear or Partly Cloudy,Dry,Dark - Street Lights On,,,,32,One parked--one moving,0,0,N,136.57144742393808,786
146656,-122.37409568499376,47.68689237872863,147657,174482,174502,3703041,Matched,Intersection,24130.0,14TH AVE NW AND NW 80TH ST, ,,1,Property Damage Only Collision,Angles,2,0,0,2,0,0,0,2014-08-27T00:00:00.000Z,8/27/2014 4:45:00 PM,At Intersection (intersection related),11.0,"MOTOR VEHICLE STRUCK MOTOR VEHICLE, FRONT END AT ANGLE",,N,Clear or Partly Cloudy,Dry,Daylight,,,,10,Entering at angle,0,0,N,202.75780918271917,801
51352,-122.34732554857493,47.65602477318485,51353,65987,65987,2614543,Matched,Block,,AURORA AVE N BETWEEN N 40TH ST AND N 41ST ST,,,1,Property Damage Only Collision,Parked Car,2,0,0,2,0,0,0,2007-01-06T00:00:00.000Z,1/6/2007,Mid-Block (not related to intersection),16.0,"MOTOR VEHICLE STRUCK MOTOR VEHICLE, LEFT SIDE SIDESWIPE",,0,Unknown,Unknown,Unknown,,7006016.0,,32,One parked--one moving,0,0,N,211.17936060615688,320
42860,-122.30679072059937,47.687580596284704,42861,57197,57197,2603816,Matched,Block,,20TH AVE NE BETWEEN NE 80TH ST AND NE 82ND ST,,,1,Property Damage Only Collision,Parked Car,2,0,0,2,0,0,0,2006-11-16T00:00:00.000Z,11/16/2006 1:00:00 AM,Mid-Block (not related to intersection),14.0,"MOTOR VEHICLE STRUCK MOTOR VEHICLE, REAR END",,0,Raining,Wet,Dark - Street Lights On,,6320022.0,,32,One parked--one moving,0,0,N,130.71741763854467,169
96628,-122.33809240814219,47.712301805004394,96629,111042,111042,3377245,Matched,Block,,N 115TH ST BETWEEN STONE AVE N AND MERIDIAN AVE N,,,2,Injury Collision,Cycles,3,0,1,1,1,0,0,2010-07-24T00:00:00.000Z,7/24/2010 4:05:00 PM,Mid-Block (not related to intersection),54.0,PEDALCYCLIST STRUCK MOTOR VEHICLE REAR END,Y,N,Clear or Partly Cloudy,Dry,Daylight,,10205028.0,,45,Vehicle - Pedalcyclist,32878,0,N,503.12409744911224,265
68704,-122.37124632723871,47.52828298138986,68705,83249,83249,2896629,Matched,Intersection,34925.0,30TH AVE SW AND SW THISTLE ST,,,2,Injury Collision,Angles,4,0,0,3,2,0,0,2008-04-15T00:00:00.000Z,4/15/2008 10:41:00 AM,At Intersection (intersection related),11.0,"MOTOR VEHICLE STRUCK MOTOR VEHICLE, FRONT END AT ANGLE",,0,Overcast,Dry,Daylight,,8106021.0,,10,Entering at angle,0,0,N,201.00616874075885,845
188383,-122.32559563391662,47.734069198687905,188384,245633,246233,E688955,Matched,Intersection,166204.0,145TH ST ON RP AND NE 145TH ST, ,,1,Property Damage Only Collision,Left Turn,2,0,0,2,0,0,0,2017-06-19T00:00:00.000Z,6/19/2017 3:15:00 PM,At Intersection (intersection related),11.0,"MOTOR VEHICLE STRUCK MOTOR VEHICLE, FRONT END AT ANGLE",,N,Clear or Partly Cloudy,Dry,Daylight,,,,28,From opposite direction - one left turn - one straight,0,0,N,599.9278805127095,825
159929,-122.3473916034825,47.705791167669545,160930,201146,201286,3734727,Matched,Block,,LINDEN AVE N BETWEEN N 105TH ST AND N 107TH ST,NEI,"Not Enough Information, or Insufficient Location Information",1,Property Damage Only Collision,Parked Car,2,0,0,2,0,0,0,2015-08-23T00:00:00.000Z,8/23/2015 1:00:00 AM,,12.0,"MOTOR VEHICLE STRUCK MOTOR VEHICLE, RIGHT SIDE AT ANGLE",,N,Unknown,Unknown,Unknown,,,,32,One parked--one moving,0,0,Y,81.66862129189421,952
31461,-122.33509521181854,47.70816806645706,32462,46707,46707,1796641,Matched,Block,,N NORTHGATE WAY BETWEEN BURKE AVE N AND MERIDIAN AVE N,,,1,Property Damage Only Collision,Sideswipe,4,0,0,3,0,0,0,2005-12-04T00:00:00.000Z,12/4/2005,Mid-Block (but intersection related),11.0,"MOTOR VEHICLE STRUCK MOTOR VEHICLE, FRONT END AT ANGLE",Y,0,Clear or Partly Cloudy,Dry,Daylight,,5338019.0,,12,From same direction - both going straight - one stopped - sideswipe,0,0,N,233.23729425988284,924
50000,-122.328963820014,47.60045709635232,50001,64627,64627,2825822,Matched,Block,,4TH AVE S BETWEEN S WASHINGTON ST AND S MAIN ST,,,2,Injury Collision,Angles,2,0,0,2,2,0,0,2007-08-02T00:00:00.000Z,8/2/2007,Mid-Block (but intersection related),11.0,"MOTOR VEHICLE STRUCK MOTOR VEHICLE, FRONT END AT ANGLE",,0,Clear or Partly Cloudy,Dry,Daylight,,7214026.0,,10,Entering at angle,0,0,N,1163.8236828714607,762
41311,-122.36113282533769,47.528283222202454,41312,55645,55645,2404466,Matched,Block,,SW THISTLE ST BETWEEN DELRIDGE WAY SW AND 22ND AVE SW,,,2,Injury Collision,Angles,2,0,0,2,1,0,0,2006-09-21T00:00:00.000Z,9/21/2006 7:22:00 AM,Driveway Junction,11.0,"MOTOR VEHICLE STRUCK MOTOR VEHICLE, FRONT END AT ANGLE",,0,Raining,Wet,Daylight,,6264024.0,,10,Entering at angle,0,0,N,152.55065008142418,195
66152,-122.32905817838068,47.57665128048437,66153,80311,80311,2892524,Matched,Block,,4TH AVE S BETWEEN S FOREST ST AND S HANFORD ST,,,1,Property Damage Only Collision,Other,1,0,0,1,0,0,0,2008-06-22T00:00:00.000Z,6/22/2008 4:30:00 PM,Mid-Block (not related to intersection),28.0,MOTOR VEHICLE RAN OFF ROAD - HIT FIXED OBJECT,,0,Clear or Partly Cloudy,Dry,Daylight,,8174001.0,,50,Fixed object,0,0,N,1082.708084682523,433
32067,-122.32859193108857,47.70681248721328,30068,44010,44010,C661271,Matched,Intersection,36595.0,1ST AVE NE AND I5 NB 1ST AV NE OFF RP,,,1,Property Damage Only Collision,Angles,2,0,0,2,0,0,0,2005-12-20T00:00:00.000Z,12/20/2005 4:30:00 PM,At Intersection (intersection related),14.0,"MOTOR VEHICLE STRUCK MOTOR VEHICLE, REAR END",,0,Raining,Wet,Daylight,,5354062.0,,10,Entering at angle,0,0,N,642.7269692747363,265
156547,-122.35465625442578,47.694214915579856,155548,188249,188329,C789366,Unmatched,Block,,N 90TH ST BETWEEN GREENWOOD AVE N AND PHINNEY AVE N, ,,0,Unknown,,0,0,0,0,0,0,0,2014-04-14T00:00:00.000Z,4/14/2014,Mid-Block (not related to intersection),14.0,"MOTOR VEHICLE STRUCK MOTOR VEHICLE, REAR END",,,,,,,,, ,,0,0,N,151.4237329471049,64
64140,-122.33846537417837,47.62087408282499,64141,78991,78991,2898905,Matched,Intersection,28791.0,THOMAS ST AND WESTLAKE AVE N, ,,2,Injury Collision,Cycles,2,0,1,1,1,0,0,2007-12-19T00:00:00.000Z,12/19/2007 5:47:00 PM,At Intersection (intersection related),18.0,"MOTOR VEHICLE STRUCK PEDALCYCLIST, FRONT END AT ANGLE",,0,Raining,Wet,Dark - Street Lights On,Y,7353039.0,,45,Vehicle - Pedalcyclist,0,622502,N,931.9639131007496,272
122656,-122.34199454494684,47.57143072709941,123657,138853,138853,3553362,Matched,Block,,WEST SEATTLE BR EB BETWEEN SPOKANE ST - W SEA B RP AND ALASKAN WY VI NB ON RP,,,1,Property Damage Only Collision,Sideswipe,3,0,0,2,0,0,0,2012-02-01T00:00:00.000Z,2/1/2012 7:00:00 PM,Mid-Block (not related to intersection),11.0,"MOTOR VEHICLE STRUCK MOTOR VEHICLE, FRONT END AT ANGLE",,N,Overcast,Dry,Dark - Street Lights On,,12032032.0,,11,From same direction - both going straight - both moving - sideswipe,0,0,N,2004.8181709793328,9
42207,-122.34609465949647,47.64995775312425,42208,56648,56648,2613817,Matched,Block,,N 35TH ST BETWEEN TROLL AVE N AND ALBION PL N,,,1,Property Damage Only Collision,Parked Car,2,0,0,2,0,0,0,2006-09-24T00:00:00.000Z,9/24/2006 12:24:00 AM,Mid-Block (not related to intersection),13.0,"MOTOR VEHICLE STRUCK MOTOR VEHICLE, LEFT SIDE AT ANGLE",,0,Clear or Partly Cloudy,Dry,Dark - Street Lights On,,6267004.0,,32,One parked--one moving,0,0,N,121.85760194220354,1014
130099,-122.29642586320256,47.727907925524825,132100,149218,149238,3646076,Matched,Intersection,36019.0,30TH AVE NE AND NE 137TH ST, ,,2,Injury Collision,Angles,2,0,0,2,1,0,0,2013-06-30T00:00:00.000Z,6/30/2013 8:45:00 AM,At Intersection (intersection related),11.0,"MOTOR VEHICLE STRUCK MOTOR VEHICLE, FRONT END AT ANGLE",,N,Clear or Partly Cloudy,Dry,Daylight,,,,10,Entering at angle,0,0,N,255.15865894232243,357
97678,-122.32775751125796,47.66135727672546,97679,112446,112446,3198292,Matched,Block,,NE 45TH ST BETWEEN 1ST AVE NE AND 2ND AVE NE,,,1,Property Damage Only Collision,Angles,3,0,0,2,0,0,0,2010-01-25T00:00:00.000Z,1/25/2010 1:00:00 PM,Mid-Block (not related to intersection),11.0,"MOTOR VEHICLE STRUCK MOTOR VEHICLE, FRONT END AT ANGLE",,N,Clear or Partly Cloudy,Dry,Daylight,,10025008.0,,10,Entering at angle,0,0,N,128.9032652665746,109
53163,-122.3418469984919,47.62540138786351,53164,67616,67616,2826133,Matched,Block,,ROY ST BETWEEN DEXTER AVE N AND BROAD W ST,,,1,Property Damage Only Collision,Parked Car,2,0,0,2,0,0,0,2007-10-20T00:00:00.000Z,10/20/2007 11:00:00 PM,Mid-Block (not related to intersection),13.0,"MOTOR VEHICLE STRUCK MOTOR VEHICLE, LEFT SIDE AT ANGLE",,0,Clear or Partly Cloudy,Dry,Dark - Street Lights On,,7293023.0,,32,One parked--one moving,0,0,N,372.7621918053507,272
18899,-122.31739560364203,47.66568552030336,18900,32788,32788,2061080,Matched,Block,,ROOSEVELT WAY NE BETWEEN NE 50TH ST AND NE 52ND ST,,,1,Property Damage Only Collision,Rear Ended,2,0,0,2,0,0,0,2005-09-19T00:00:00.000Z,9/19/2005 8:55:00 AM,Mid-Block (but intersection related),14.0,"MOTOR VEHICLE STRUCK MOTOR VEHICLE, REAR END",,0,Clear or Partly Cloudy,Dry,Daylight,,5262018.0,,14,From same direction - both going straight - one stopped - rear-end,0,0,N,184.04556343428794,268
191081,-122.36010781431307,47.569237200783704,191082,256337,256977,3742007,Matched,Block,,21ST AVE SW BETWEEN SW CHARLESTOWN ST AND SW ANDOVER ST, ,,1,Property Damage Only Collision,Parked Car,2,0,0,2,0,0,0,2017-11-26T00:00:00.000Z,11/26/2017 8:30:00 PM,Mid-Block (not related to intersection),11.0,"MOTOR VEHICLE STRUCK MOTOR VEHICLE, FRONT END AT ANGLE",,N,Overcast,Dry,Dark - Street Lights On,,,,32,One parked--one moving,0,0,Y,811.2260757921239,9
128914,-122.37621861254406,47.66606762695897,126915,142742,142742,3608964,Matched,Block,,15TH AVE NW BETWEEN NW 51ST ST AND NW 52ND ST, ,,2,Injury Collision,Left Turn,2,0,0,2,2,0,0,2013-01-04T00:00:00.000Z,1/4/2013 1:14:00 PM,Driveway Junction,11.0,"MOTOR VEHICLE STRUCK MOTOR VEHICLE, FRONT END AT ANGLE",,N,Clear or Partly Cloudy,Dry,Daylight,,13004026.0,,28,From opposite direction - one left turn - one straight,0,0,N,457.02883224242663,647
120305,-122.40681449350404,47.57661551222726,119306,135023,135023,3505260,Matched,Block,,SW ADMIRAL WAY BETWEEN 57TH AVE SW AND 59TH AVE SW,,,1,Property Damage Only Collision,Parked Car,3,0,0,2,0,0,0,2012-10-16T00:00:00.000Z,10/16/2012 1:19:00 AM,Mid-Block (not related to intersection),14.0,"MOTOR VEHICLE STRUCK MOTOR VEHICLE, REAR END",,N,Overcast,Wet,Dark - Street Lights On,,12290020.0,,32,One parked--one moving,0,0,N,409.6972652640079,709