,X,Y,OBJECTID,INCKEY,COLDETKEY,REPORTNO,STATUS,ADDRTYPE,INTKEY,LOCATION,EXCEPTRSNCODE,EXCEPTRSNDESC,SEVERITYCODE,SEVERITYDESC,COLLISIONTYPE,PERSONCOUNT,PEDCOUNT,PEDCYLCOUNT,VEHCOUNT,INJURIES,SERIOUSINJURIES,FATALITIES,INCDATE,INCDTTM,JUNCTIONTYPE,SDOT_COLCODE,SDOT_COLDESC,INATTENTIONIND,UNDERINFL,WEATHER,ROADCOND,LIGHTCOND,PEDROWNOTGRNT,SDOTCOLNUM,SPEEDING,ST_COLCODE,ST_COLDESC,SEGLANEKEY,CROSSWALKKEY,HITPARKEDCAR,CLOSEST_CIRCLE_DIST,CLOSEST_CIRCLE_INDEX
76507,-122.38941374463262,47.57475173499952,76508,91908,91908,2792931,Matched,Block,,45TH AVE SW BETWEEN SW HANFORD ST AND SW HINDS ST,,,1,Property Damage Only Collision,Parked Car,2,0,0,2,0,0,0,2008-09-08T00:00:00.000Z,9/8/2008,Mid-Block (not related to intersection),16.0,"MOTOR VEHICLE STRUCK MOTOR VEHICLE, LEFT SIDE SIDESWIPE",,0,Clear or Partly Cloudy,Dry,Daylight,,8252025.0,,32,One parked--one moving,0,0,N,143.26722268143476,740
67302,-122.32465946072077,47.63486555194949,67303,81703,81703,2906457,Matched,Block,,E BLAINE ST BETWEEN EASTLAKE AVE E AND FRANKLIN AVE E,,,1,Property Damage Only Collision,Parked Car,2,0,0,2,0,0,0,2008-01-06T00:00:00.000Z,1/6/2008,Mid-Block (not related to intersection),14.0,"MOTOR VEHICLE STRUCK MOTOR VEHICLE, REAR END",,0,Clear or Partly Cloudy,Dry,Dark - Street Lights On,,8006007.0,,32,One parked--one moving,0,0,N,422.6109485762617,796
49057,-122.38281193228465,47.564682116090495,49058,63566,63566,2018662,Matched,Intersection,31896.0,40TH AVE SW AND SW GENESEE ST,,,1,Property Damage Only Collision,Other,1,0,0,1,0,0,0,2006-04-15T00:00:00.000Z,4/15/2006 10:49:00 PM,At Intersection (intersection related),26.0,MOTOR VEHICLE STRUCK OBJECT IN ROAD,,1,Overcast,Wet,Dark - Street Lights On,,6105008.0,,50,Fixed object,0,0,N,0.0,597
53770,-122.32641669393018,47.60485687824193,53771,67905,67905,2893281,Matched,Block,,JAMES ST BETWEEN 7TH AVE AND 8TH AVE,,,1,Property Damage Only Collision,Other,2,0,0,2,0,0,0,2007-10-17T00:00:00.000Z,10/17/2007 7:45:00 AM,Mid-Block (but intersection related),11.0,"MOTOR VEHICLE STRUCK MOTOR VEHICLE, FRONT END AT ANGLE",,0,Unknown,Unknown,Unknown,,7290024.0,,23,From same direction - all others,0,0,N,642.5972713914751,762
155746,-122.31813311792764,47.71959598783926,156747,190043,190123,C794557,Unmatched,Block,,ROOSEVELT WAY NE BETWEEN NE 125TH S ST AND NE 125TH N ST, ,,0,Unknown,,0,0,0,0,0,0,0,2014-09-18T00:00:00.000Z,9/18/2014,Mid-Block (not related to intersection),14.0,"MOTOR VEHICLE STRUCK MOTOR VEHICLE, REAR END",,,,,,,,, ,,0,0,N,275.01858792170253,19
58088,-122.30943930830205,47.66747470570405,58089,72763,72763,2400348,Matched,Block,,17TH NB AVE NE BETWEEN NE 52ND ST AND NE 55TH ST,,,1,Property Damage Only Collision,Parked Car,2,0,0,2,0,0,0,2007-03-27T00:00:00.000Z,3/27/2007 9:35:00 PM,Mid-Block (not related to intersection),14.0,"MOTOR VEHICLE STRUCK MOTOR VEHICLE, REAR END",,0,Unknown,Unknown,Unknown,,7086017.0,,32,One parked--one moving,0,0,N,146.628498189342,317
200773,-122.32912359482559,47.60865809544408,198774,300522,301722,3812095,Matched,Intersection,29926.0,8TH AVE AND SPRING ST, ,,2,Injury Collision,Pedestrian,2,1,0,1,1,0,0,2018-08-15T00:00:00.000Z,8/15/2018 12:09:00 PM,At Intersection (intersection related),24.0,MOTOR VEHCILE STRUCK PEDESTRIAN,,N,Fog/Smog/Smoke,Dry,Daylight,Y,,,2,Vehicle turning left hits pedestrian,0,0,N,392.71740000534743,762
110815,-122.33382164614012,47.54528534801293,112816,127763,127763,3545797,Matched,Block,,1ST AV S BR NB BETWEEN EAST MARGINAL WAY S AND 1ST AV S NB OFF RP,,,2,Injury Collision,Rear Ended,6,0,0,3,3,0,0,2011-09-23T00:00:00.000Z,9/23/2011 9:13:00 PM,Mid-Block (not related to intersection),14.0,"MOTOR VEHICLE STRUCK MOTOR VEHICLE, REAR END",Y,N,Clear or Partly Cloudy,Unknown,Dark - Street Lights On,,11266036.0,,14,From same direction - both going straight - one stopped - rear-end,0,0,N,989.2300969240898,789
111703,-122.30223345138604,47.59928129268522,111704,125880,125880,3283120,Matched,Intersection,30757.0,23RD AVE S AND S JACKSON ST,,,1,Property Damage Only Collision,Rear Ended,3,0,0,2,0,0,0,2011-05-06T00:00:00.000Z,5/6/2011 4:39:00 PM,At Intersection (intersection related),14.0,"MOTOR VEHICLE STRUCK MOTOR VEHICLE, REAR END",,N,Raining,Wet,Daylight,,11126019.0,,14,From same direction - both going straight - one stopped - rear-end,0,0,N,218.3056714406398,319
79029,-122.34608454049871,47.613706467201645,78030,92942,92942,3289401,Matched,Block,,BELL ST BETWEEN 1ST AVE AND 2ND AVE,,,1,Property Damage Only Collision,Parked Car,2,0,0,2,0,0,0,2008-09-23T00:00:00.000Z,9/23/2008 4:20:00 PM,Mid-Block (not related to intersection),14.0,"MOTOR VEHICLE STRUCK MOTOR VEHICLE, REAR END",Y,0,Clear or Partly Cloudy,Dry,Daylight,,8267033.0,,20,One car leaving parked position,0,0,N,1432.447563595706,422
14789,-122.28850808283123,47.573764762644565,14790,28337,28337,1793582,Matched,Block,,S HORTON ST BETWEEN 35TH AVE S AND YORK RD S,,,1,Property Damage Only Collision,Parked Car,2,0,0,2,0,0,0,2004-10-17T00:00:00.000Z,10/17/2004 10:45:00 PM,Mid-Block (not related to intersection),11.0,"MOTOR VEHICLE STRUCK MOTOR VEHICLE, FRONT END AT ANGLE",,0,Raining,Wet,Dark - Street Lights On,,4291041.0,,32,One parked--one moving,0,0,N,104.2673353212695,536
111532,-122.33754426965875,47.60612175846337,111533,126565,126565,3546734,Matched,Intersection,29611.0,1ST AVE AND SENECA ST,,,1,Property Damage Only Collision,Left Turn,2,0,0,2,0,0,0,2011-11-23T00:00:00.000Z,11/23/2011 12:20:00 AM,At Intersection (intersection related),11.0,"MOTOR VEHICLE STRUCK MOTOR VEHICLE, FRONT END AT ANGLE",,N,Raining,Wet,Dark - Street Lights On,,11327004.0,,28,From opposite direction - one left turn - one straight,0,0,N,1083.5397546243382,688
193258,-122.31686348709144,47.61584669426279,195259,264618,265398,E756300,Matched,Block,,12TH AVE BETWEEN E PINE ST AND E OLIVE ST, ,,2,Injury Collision,Rear Ended,2,0,0,2,1,0,0,2018-01-03T00:00:00.000Z,1/3/2018 11:06:00 PM,Mid-Block (not related to intersection),14.0,"MOTOR VEHICLE STRUCK MOTOR VEHICLE, REAR END",,N,Overcast,Dry,Dark - Street Lights On,,,,14,From same direction - both going straight - one stopped - rear-end,0,0,N,117.76009741147631,489
151616,-122.3506159854993,47.615801611351614,152617,184881,184961,3585142,Matched,Intersection,29684.0,1ST AVE AND CEDAR ST, ,,2,Injury Collision,Pedestrian,2,1,0,1,1,0,0,2015-02-05T00:00:00.000Z,2/5/2015 6:22:00 AM,At Intersection (intersection related),24.0,MOTOR VEHCILE STRUCK PEDESTRIAN,,N,Raining,Wet,Dark - Street Lights On,Y,,,2,Vehicle turning left hits pedestrian,0,522537,N,1166.7179708767733,422
98127,-122.28211254272314,47.55942994973936,98128,113568,113568,3344293,Matched,Block,,S ANGELINE ST BETWEEN 39TH AVE S AND 42ND AVE S,,,2,Injury Collision,Cycles,2,0,1,1,1,0,0,2010-05-07T00:00:00.000Z,5/7/2010 2:05:00 PM,Mid-Block (not related to intersection),54.0,PEDALCYCLIST STRUCK MOTOR VEHICLE REAR END,Y,N,Clear or Partly Cloudy,Dry,Daylight,,10127005.0,,45,Vehicle - Pedalcyclist,0,0,N,102.29604055111375,736
113170,-122.38545807825716,47.56107185198776,113171,129455,129455,3331511,Matched,Intersection,31917.0,42ND AVE SW AND SW ALASKA ST,,,2,Injury Collision,Left Turn,4,0,0,2,1,0,0,2011-01-15T00:00:00.000Z,1/15/2011 1:53:00 PM,At Intersection (intersection related),11.0,"MOTOR VEHICLE STRUCK MOTOR VEHICLE, FRONT END AT ANGLE",,N,Raining,Wet,Daylight,,11015010.0,,28,From opposite direction - one left turn - one straight,0,0,N,401.5240290419005,249
87507,-122.33425488148924,47.61851728831017,86508,102512,102512,3200585,Matched,Intersection,29504.0,DENNY WAY AND FAIRVIEW AVE,,,1,Property Damage Only Collision,Sideswipe,2,0,0,2,0,0,0,2009-07-28T00:00:00.000Z,7/28/2009 5:17:00 PM,At Intersection (intersection related),11.0,"MOTOR VEHICLE STRUCK MOTOR VEHICLE, FRONT END AT ANGLE",,0,Clear or Partly Cloudy,Dry,Daylight,,9209004.0,,81,Same direction -- both turning left -- both moving -- sideswipe,0,0,N,698.1568884787072,55
27380,-122.3288358663582,47.67833493401879,27381,41492,41492,C658354,Matched,Block,,EAST GREEN LAKE WAY N BETWEEN SUNNYSIDE AVE N AND 1ST AVE NE,,,1,Property Damage Only Collision,Parked Car,2,0,0,2,0,0,0,2005-10-27T00:00:00.000Z,10/27/2005 2:40:00 PM,Mid-Block (not related to intersection),13.0,"MOTOR VEHICLE STRUCK MOTOR VEHICLE, LEFT SIDE AT ANGLE",,0,Unknown,Dry,Daylight,,5300049.0,,32,One parked--one moving,0,0,N,355.83153829152064,1036
121992,-122.3142100907226,47.66490847462878,121993,136778,136778,3553911,Matched,Intersection,25792.0,BROOKLYN AVE NE AND NE 50TH ST, ,,2,Injury Collision,Pedestrian,2,1,0,1,1,0,0,2012-03-12T00:00:00.000Z,3/12/2012 8:52:00 PM,At Intersection (intersection related),24.0,MOTOR VEHCILE STRUCK PEDESTRIAN,,N,Raining,Wet,Dark - Street Lights On,Y,12072015.0,,1,Vehicle turning right hits pedestrian,0,522487,N,186.9047362686464,268
116180,-122.32093330374218,47.62369761164714,116181,131306,131306,3476278,Matched,Block,,BROADWAY E BETWEEN E REPUBLICAN ST AND E MERCER ST,,,1,Property Damage Only Collision,Parked Car,2,0,0,2,0,0,0,2012-11-03T00:00:00.000Z,11/3/2012 2:47:00 PM,Mid-Block (not related to intersection),14.0,"MOTOR VEHICLE STRUCK MOTOR VEHICLE, REAR END",Y,N,Overcast,Dry,Daylight,,12308019.0,,19,One car entering parked position,0,0,N,100.00789040821206,90
146551,-122.31271565426849,47.620233897713355,147552,175182,175202,3642756,Matched,Block,,15TH AVE E BETWEEN E JOHN ST AND E THOMAS S ST, ,,1,Property Damage Only Collision,Sideswipe,3,0,0,2,0,0,0,2014-09-11T00:00:00.000Z,9/11/2014 12:58:00 PM,Mid-Block (but intersection related),11.0,"MOTOR VEHICLE STRUCK MOTOR VEHICLE, FRONT END AT ANGLE",,N,Clear or Partly Cloudy,Dry,Daylight,,,,81,Same direction -- both turning left -- both moving -- sideswipe,0,0,N,177.88724592324118,827
99567,-122.30453256372661,47.56011265846406,99568,115296,115296,3296349,Matched,Intersection,33304.0,BEACON ER AVE S AND S ANGELINE ST,,,1,Property Damage Only Collision,Left Turn,2,0,0,2,0,0,0,2010-08-17T00:00:00.000Z,8/17/2010 1:31:00 PM,At Intersection (intersection related),11.0,"MOTOR VEHICLE STRUCK MOTOR VEHICLE, FRONT END AT ANGLE",,N,Clear or Partly Cloudy,Dry,Daylight,,10229012.0,,15,From same direction - one left turn - one straight,0,0,N,275.1234354495978,214
189638,-122.2790514387897,47.523756343200816,189639,248597,249177,3764773,Matched,Block,,M L KING JR WR WAY S BETWEEN S TRENTON ST AND S HENDERSON ST, ,,1,Property Damage Only Collision,Rear Ended,0,0,0,2,0,0,0,2017-09-21T00:00:00.000Z,9/21/2017 4:17:00 PM,Mid-Block (but intersection related),14.0,"MOTOR VEHICLE STRUCK MOTOR VEHICLE, REAR END",,N,Overcast,Dry,Daylight,,,,14,From same direction - both going straight - one stopped - rear-end,0,0,N,693.1852389775058,401
195575,-122.32598156245652,47.572708187679304,193576,270417,271237,E767805,Matched,Block,,6TH AVE S BETWEEN S HINDS ST AND S SPOKANE NR ST, ,,1,Property Damage Only Collision,Sideswipe,2,0,0,2,0,0,0,2018-01-31T00:00:00.000Z,1/31/2018 9:14:00 AM,Mid-Block (not related to intersection),11.0,"MOTOR VEHICLE STRUCK MOTOR VEHICLE, FRONT END AT ANGLE",,N,Clear or Partly Cloudy,Dry,Daylight,,,,11,From same direction - both going straight - both moving - sideswipe,0,0,N,884.1036364376511,178
160862,-122.32070581656315,47.64135409887555,158863,196382,196479,3735673,Matched,Block,,E MILLER ST BETWEEN BROADWAY E AND 10TH AVE E,NEI,"Not Enough Information, or Insufficient Location Information",1,Property Damage Only Collision,Parked Car,2,0,0,2,0,0,0,2015-06-27T00:00:00.000Z,6/27/2015 12:30:00 PM,,14.0,"MOTOR VEHICLE STRUCK MOTOR VEHICLE, REAR END",,N,Unknown,Unknown,Unknown,,,,32,One parked--one moving,0,0,Y,237.6997846176691,673
60270,-122.38812649056082,47.683159864826756,60271,74730,74730,2795772,Matched,Block,,NW 75TH ST BETWEEN 24TH AVE NW AND 25TH AVE NW,,,1,Property Damage Only Collision,Other,1,0,0,1,0,0,0,2007-06-04T00:00:00.000Z,6/4/2007,Mid-Block (not related to intersection),28.0,MOTOR VEHICLE RAN OFF ROAD - HIT FIXED OBJECT,,0,Overcast,Dry,Daylight,,7155003.0,Y,50,Fixed object,0,0,N,286.4122051204546,462
155597,-122.32016154999296,47.60169934228038,156598,190039,190119,C794537,Unmatched,Block,,E YESLER WAY BETWEEN BROADWAY AND 10TH AVE, ,,2,Injury Collision,,2,0,0,0,1,0,0,2014-09-22T00:00:00.000Z,9/22/2014,Mid-Block (not related to intersection),14.0,"MOTOR VEHICLE STRUCK MOTOR VEHICLE, REAR END",,,,,,,,, ,,0,0,N,558.7474664659369,627
122560,-122.34506031416984,47.61614381099193,123561,139558,139558,3466057,Matched,Block,,BATTERY ST TUNNEL NB BETWEEN ALASKAN WY VI NB AND AURORA AVE N,,,2,Injury Collision,Other,1,0,0,1,1,0,0,2012-05-04T00:00:00.000Z,5/4/2012 10:34:00 PM,Mid-Block (not related to intersection),26.0,MOTOR VEHICLE STRUCK OBJECT IN ROAD,,N,Raining,Wet,Dark - Street Lights On,,12125004.0,Y,50,Fixed object,0,0,N,1191.7217315781543,422
42993,-122.27668602094677,47.658037637549064,42994,57222,57222,2610376,Matched,Block,,48TH AVE NE BETWEEN NE 40TH ST AND NE 41ST ST,,,1,Property Damage Only Collision,Parked Car,2,0,0,2,0,0,0,2006-11-07T00:00:00.000Z,11/7/2006,Mid-Block (not related to intersection),11.0,"MOTOR VEHICLE STRUCK MOTOR VEHICLE, FRONT END AT ANGLE",,0,Raining,Wet,Daylight,,6311030.0,,32,One parked--one moving,0,0,N,437.4058276018368,38
2247,-122.33371870103828,47.665035720770476,3248,16942,16942,1069484,Unmatched,Intersection,25525.0,MERIDIAN AVE N AND N 50TH ST,,,0,Unknown,,0,0,0,0,0,0,0,2004-12-26T00:00:00.000Z,12/26/2004,At Intersection (intersection related),11.0,"MOTOR VEHICLE STRUCK MOTOR VEHICLE, FRONT END AT ANGLE",,,,,,,4361008.0,,,,0,0,N,217.727151385863,199
5682,-122.37680069607391,47.69367242557253,5683,19789,19789,1778799,Matched,Block,,15TH AVE NW BETWEEN HOLMAN RD NW AND NW 90TH S ST,,,1,Property Damage Only Collision,Rear Ended,2,0,0,2,0,0,0,2004-07-31T00:00:00.000Z,7/31/2004 11:35:00 AM,Driveway Junction,14.0,"MOTOR VEHICLE STRUCK MOTOR VEHICLE, REAR END",,0,Clear or Partly Cloudy,Dry,Daylight,,4213003.0,,14,From same direction - both going straight - one stopped - rear-end,0,0,N,160.80011056295768,553
155056,-122.3609283853473,47.62066370751101,156057,190574,190654,C796472,Unmatched,Intersection,28669.0,ELLIOTT AVE W AND WESTERN AVE W, ,,0,Unknown,,0,0,0,0,0,0,0,2014-11-14T00:00:00.000Z,11/14/2014,At Intersection (intersection related),14.0,"MOTOR VEHICLE STRUCK MOTOR VEHICLE, REAR END",,,,,,,,, ,,0,0,N,947.2114865943342,663
106765,-122.2913994236517,47.58361544910938,106766,120862,120862,3476826,Unmatched,Block,,S DOSE TER BETWEEN 32ND AVE S AND 33RD AVE S,,,0,Unknown,,0,0,0,0,0,0,0,2011-03-07T00:00:00.000Z,3/7/2011,,0.0,NOT ENOUGH INFORMATION / NOT APPLICABLE,,,,,,,11066036.0,,,,0,0,N,202.53816438902572,182
90775,-122.38162009885565,47.55292971982147,90776,106951,106951,3331560,Matched,Block,,FAUNTLEROY WAY SW BETWEEN SW BRANDON ST AND SW FINDLAY ST,,,1,Property Damage Only Collision,Rear Ended,4,0,0,2,0,0,0,2010-06-22T00:00:00.000Z,6/22/2010 5:16:00 PM,Mid-Block (not related to intersection),14.0,"MOTOR VEHICLE STRUCK MOTOR VEHICLE, REAR END",,N,Clear or Partly Cloudy,Dry,Daylight,,10173025.0,,13,From same direction - both going straight - both moving - rear-end,0,0,N,140.93262247137173,672
201922,-122.38948054297785,47.56385463785911,201733,300857,302077,E829681,Matched,Block,,45TH AVE SW BETWEEN SW GENESEE ST AND SW OREGON ST, ,,1,Property Damage Only Collision,Parked Car,2,0,0,2,0,0,0,2018-08-15T00:00:00.000Z,8/15/2018 1:07:00 PM,Mid-Block (not related to intersection),14.0,"MOTOR VEHICLE STRUCK MOTOR VEHICLE, REAR END",,N,Clear or Partly Cloudy,Dry,Daylight,,,,32,One parked--one moving,0,0,Y,225.0393377567341,674
430,-122.38540427435356,47.68775789440098,431,38000,38000,1796707,Matched,Block,,23RD AVE NW BETWEEN NW 80TH ST AND NW 83RD ST,,,2,Injury Collision,Parked Car,2,0,0,2,1,0,0,2005-06-20T00:00:00.000Z,6/20/2005 2:23:00 PM,Mid-Block (not related to intersection),11.0,"MOTOR VEHICLE STRUCK MOTOR VEHICLE, FRONT END AT ANGLE",,0,Clear or Partly Cloudy,Dry,Daylight,,5171018.0,,32,One parked--one moving,0,0,N,104.72801930427867,139
187143,-122.32530615810332,47.605321633002774,186144,242674,243154,3773688,Matched,Block,,JAMES ST BETWEEN 8TH AVE AND 9TH AVE, ,,1,Property Damage Only Collision,Rear Ended,2,0,0,2,0,0,0,2017-05-31T00:00:00.000Z,5/31/2017 9:54:00 PM,Mid-Block (not related to intersection),14.0,"MOTOR VEHICLE STRUCK MOTOR VEHICLE, REAR END",,N,Raining,Wet,Dark - Street Lights On,,,,14,From same direction - both going straight - one stopped - rear-end,0,0,N,579.4465042637203,762
120464,-122.36945940714236,47.56544042794381,119465,136183,136183,3288169,Unmatched,Block,,SW NEVADA ST BETWEEN 28TH AVE SW AND 30TH AVE SW,,,0,Unknown,,0,0,0,0,0,0,0,2012-06-22T00:00:00.000Z,6/22/2012,Driveway Junction,28.0,MOTOR VEHICLE RAN OFF ROAD - HIT FIXED OBJECT,,,,,,,12174005.0,,,,0,0,N,411.23144657646577,9
137261,-122.35557029374456,47.73366662510835,137262,155670,155690,3582751,Matched,Block,,GREENWOOD AVE N BETWEEN N 144TH ST AND N 145TH ST, ,,2,Injury Collision,Rear Ended,4,0,0,3,3,0,0,2013-10-22T00:00:00.000Z,10/22/2013 1:51:00 PM,Mid-Block (not related to intersection),14.0,"MOTOR VEHICLE STRUCK MOTOR VEHICLE, REAR END",Y,N,Clear or Partly Cloudy,Dry,Daylight,,,,14,From same direction - both going straight - one stopped - rear-end,0,0,N,221.75783120436313,26
108646,-122.33013020397459,47.61717154373585,108647,124716,124716,3562705,Matched,Block,,HOWELL ST BETWEEN MINOR AVE AND YALE AVE,,,1,Property Damage Only Collision,Sideswipe,2,0,0,2,0,0,0,2011-10-28T00:00:00.000Z,10/28/2011 4:25:00 PM,Mid-Block (not related to intersection),11.0,"MOTOR VEHICLE STRUCK MOTOR VEHICLE, FRONT END AT ANGLE",,N,Raining,Wet,Daylight,,11301034.0,,11,From same direction - both going straight - both moving - sideswipe,0,0,N,356.97457985219876,55
59689,-122.34668900248262,47.659578840162716,59690,74352,74352,2616353,Matched,Intersection,26945.0,WINSLOW PL N AND N 43RD ST,,,1,Property Damage Only Collision,Angles,2,0,0,2,0,0,0,2007-05-09T00:00:00.000Z,5/9/2007,At Intersection (intersection related),11.0,"MOTOR VEHICLE STRUCK MOTOR VEHICLE, FRONT END AT ANGLE",,0,Clear or Partly Cloudy,Dry,Daylight,,7129047.0,,10,Entering at angle,0,0,N,79.24620551512356,209
103495,-122.30061023064049,47.667121167538355,103496,118575,118575,3569189,Matched,Block,,25TH AVE NE BETWEEN NE BLAKELEY ST AND NE 54TH ST,,,2,Injury Collision,Rear Ended,3,0,0,2,2,0,0,2011-06-05T00:00:00.000Z,6/5/2011 11:55:00 AM,Mid-Block (but intersection related),14.0,"MOTOR VEHICLE STRUCK MOTOR VEHICLE, REAR END",,N,Clear or Partly Cloudy,Dry,Daylight,,11156014.0,,14,From same direction - both going straight - one stopped - rear-end,0,0,N,125.43755254505976,144
134450,-122.29090682978381,47.72646363931889,134451,154202,154222,3545357,Matched,Intersection,36173.0,35TH AVE NE AND ERICKSON PL NE, ,,2b,Serious Injury Collision,Angles,3,0,0,2,2,1,0,2012-08-18T00:00:00.000Z,8/18/2012 2:58:00 AM,At Intersection (intersection related),11.0,"MOTOR VEHICLE STRUCK MOTOR VEHICLE, FRONT END AT ANGLE",,N,Clear or Partly Cloudy,Dry,Dark - Street Lights On,,,Y,10,Entering at angle,0,0,N,202.38777720546742,757
175914,-122.2660287259588,47.540685197632634,176915,229820,230200,E603246,Matched,Intersection,34628.0,SEWARD PARK AVE S AND S WILLOW ST, ,,1,Property Damage Only Collision,Left Turn,2,0,0,2,0,0,0,2016-10-18T00:00:00.000Z,10/18/2016 9:55:00 AM,At Intersection (intersection related),11.0,"MOTOR VEHICLE STRUCK MOTOR VEHICLE, FRONT END AT ANGLE",,N,Clear or Partly Cloudy,Wet,Daylight,,,,28,From opposite direction - one left turn - one straight,0,0,N,216.95934844230717,654
111742,-122.26277739734071,47.520117012626315,111743,126165,126165,3387791,Matched,Intersection,35451.0,RAINIER AVE S AND SEWARD PARK AVE S,,,1,Property Damage Only Collision,Sideswipe,2,0,0,2,0,0,0,2011-04-19T00:00:00.000Z,4/19/2011 6:49:00 AM,At Intersection (intersection related),16.0,"MOTOR VEHICLE STRUCK MOTOR VEHICLE, LEFT SIDE SIDESWIPE",,N,Clear or Partly Cloudy,Dry,Daylight,,11109009.0,,11,From same direction - both going straight - both moving - sideswipe,0,0,N,124.26450055415455,60
69928,-122.36465469343435,47.69064791817922,69929,85829,85829,3277801,Matched,Block,,NW 85TH ST BETWEEN 6TH AVE NW AND 8TH AVE NW,,,2,Injury Collision,Rear Ended,3,0,0,2,2,0,0,2008-06-09T00:00:00.000Z,6/9/2008,Mid-Block (not related to intersection),14.0,"MOTOR VEHICLE STRUCK MOTOR VEHICLE, REAR END",Y,0,Raining,Wet,Daylight,,8161020.0,,13,From same direction - both going straight - both moving - rear-end,0,0,N,135.01388310202222,611
180006,-122.32087289209669,47.61990774686424,180007,234064,234464,3771871,Matched,Intersection,29052.0,BROADWAY E AND E OLIVE WAY, ,,1,Property Damage Only Collision,Left Turn,2,0,0,2,0,0,0,2017-01-14T00:00:00.000Z,1/14/2017 12:58:00 AM,At Intersection (intersection related),11.0,"MOTOR VEHICLE STRUCK MOTOR VEHICLE, FRONT END AT ANGLE",,N,Clear or Partly Cloudy,Dry,Dark - Street Lights On,,,,28,From opposite direction - one left turn - one straight,0,0,N,164.07851585112746,957
39985,-122.34513248499857,47.616139557085035,38986,53492,53492,2608567,Matched,Block,,BATTERY ST TUNNEL SB BETWEEN AURORA AVE N AND ALASKAN WY VI SB,,,1,Property Damage Only Collision,Other,2,0,0,1,0,0,0,2006-11-21T00:00:00.000Z,11/21/2006 7:45:00 PM,Mid-Block (not related to intersection),28.0,MOTOR VEHICLE RAN OFF ROAD - HIT FIXED OBJECT,,0,Raining,Wet,Other,,6325009.0,,50,Fixed object,0,0,N,1190.4334744838513,422
33464,-122.38151292810085,47.667320562258574,33465,47484,47484,1219786,Matched,Block,,RUSSELL AVE NW BETWEEN NW CENTRAL PL AND 20TH AVE NW,,,1,Property Damage Only Collision,Other,5,0,0,4,0,0,0,2005-02-12T00:00:00.000Z,2/12/2005 8:24:00 PM,Driveway Junction,11.0,"MOTOR VEHICLE STRUCK MOTOR VEHICLE, FRONT END AT ANGLE",,0,Overcast,Wet,Dark - Street Lights On,,5043013.0,Y,22,One car leaving driveway access,0,0,N,444.6702922642978,133
62907,-122.29457199435629,47.71927497935132,62908,77445,77445,2803721,Matched,Block,,NE 125TH ST BETWEEN LAKE CITY WAY NE AND 32ND AVE NE,,,1,Property Damage Only Collision,Sideswipe,5,0,0,2,0,0,0,2007-06-02T00:00:00.000Z,6/2/2007,Mid-Block (not related to intersection),11.0,"MOTOR VEHICLE STRUCK MOTOR VEHICLE, FRONT END AT ANGLE",,0,Clear or Partly Cloudy,Dry,Daylight,,7153038.0,,11,From same direction - both going straight - both moving - sideswipe,0,0,N,216.90730168026417,148
198787,-122.32285253221883,47.73404705625189,197788,280577,281457,E768150,Matched,Block,,NE 145TH ST BETWEEN 5TH AVE NE AND 6TH AVE NE, ,,2,Injury Collision,Rear Ended,2,0,0,2,1,0,0,2018-02-10T00:00:00.000Z,2/10/2018 5:08:00 PM,Mid-Block (not related to intersection),14.0,"MOTOR VEHICLE STRUCK MOTOR VEHICLE, REAR END",Y,N,Clear or Partly Cloudy,Dry,Dusk,,,,14,From same direction - both going straight - one stopped - rear-end,0,0,N,764.3656931765378,825
75035,-122.34326966735166,47.60820601641764,74036,89637,89637,C704331,Matched,Block,,ALASKAN WAY BETWEEN PIKE ST AND PINE ST,,,1,Property Damage Only Collision,Parked Car,2,0,0,2,0,0,0,2008-05-21T00:00:00.000Z,5/21/2008 9:00:00 AM,Mid-Block (not related to intersection),11.0,"MOTOR VEHICLE STRUCK MOTOR VEHICLE, FRONT END AT ANGLE",,0,Overcast,Wet,Daylight,,8142038.0,,32,One parked--one moving,0,0,N,1340.4947259316339,185
127494,-122.3270968064,47.61147901467121,128495,143401,143401,3326548,Matched,Intersection,29898.0,BOREN AVE AND UNIVERSITY ST, ,,2,Injury Collision,Pedestrian,2,1,0,1,1,0,0,2013-01-03T00:00:00.000Z,1/3/2013 5:32:00 PM,At Intersection (intersection related),24.0,MOTOR VEHCILE STRUCK PEDESTRIAN,,N,Clear or Partly Cloudy,Dry,Dark - Street Lights On,,13003001.0,,0,Vehicle going straight hits pedestrian,0,522235,N,98.12896056199322,688
104487,-122.38319908375284,47.6664092679315,104488,118505,118505,3375180,Matched,Intersection,25165.0,BALLARD AVE NW AND NW VERNON PL,,,2,Injury Collision,Pedestrian,2,1,0,1,1,0,0,2010-06-05T00:00:00.000Z,6/5/2010 9:32:00 PM,At Intersection (intersection related),24.0,MOTOR VEHCILE STRUCK PEDESTRIAN,,N,Clear or Partly Cloudy,Dry,Dark - Street Lights On,Y,10156010.0,,2,Vehicle turning left hits pedestrian,0,0,N,513.8969566994746,212