,X,Y,OBJECTID,INCKEY,COLDETKEY,REPORTNO,STATUS,ADDRTYPE,INTKEY,LOCATION,EXCEPTRSNCODE,EXCEPTRSNDESC,SEVERITYCODE,SEVERITYDESC,COLLISIONTYPE,PERSONCOUNT,PEDCOUNT,PEDCYLCOUNT,VEHCOUNT,INJURIES,SERIOUSINJURIES,FATALITIES,INCDATE,INCDTTM,JUNCTIONTYPE,SDOT_COLCODE,SDOT_COLDESC,INATTENTIONIND,UNDERINFL,WEATHER,ROADCOND,LIGHTCOND,PEDROWNOTGRNT,SDOTCOLNUM,SPEEDING,ST_COLCODE,ST_COLDESC,SEGLANEKEY,CROSSWALKKEY,HITPARKEDCAR,CLOSEST_CIRCLE_DIST,CLOSEST_CIRCLE_INDEX
45766,-122.31333457571537,47.653399440542536,45767,60275,60275,C668087,Matched,Intersection,27167.0,UNIVERSITY WAY NE AND NE PACIFIC ST,,,2,Injury Collision,Cycles,2,0,1,1,1,0,0,2006-04-28T00:00:00.000Z,4/28/2006 5:30:00 PM,At Intersection (intersection related),18.0,"MOTOR VEHICLE STRUCK PEDALCYCLIST, FRONT END AT ANGLE",,0,Clear or Partly Cloudy,Dry,Daylight,,6118049.0,,45,Vehicle - Pedalcyclist,0,0,N,573.5750640982363,899
42455,-122.31468791762971,47.58412474865616,42456,56576,56576,2279416,Matched,Block,,14TH AVE S BETWEEN S HILL ST AND S WALKER ST,,,1,Property Damage Only Collision,Parked Car,2,0,0,2,0,0,0,2006-06-15T00:00:00.000Z,6/15/2006 4:40:00 PM,Mid-Block (not related to intersection),14.0,"MOTOR VEHICLE STRUCK MOTOR VEHICLE, REAR END",,0,Clear or Partly Cloudy,Dry,Daylight,,6166030.0,,32,One parked--one moving,0,0,N,108.83055668770821,875
153465,-122.34451890084023,47.665004058709094,153466,182019,182092,3706398,Matched,Intersection,25534.0,WOODLAND PARK AVE N AND N 50TH ST, ,,1,Property Damage Only Collision,Angles,2,0,0,2,0,0,0,2014-10-18T00:00:00.000Z,10/18/2014 12:35:00 PM,At Intersection (intersection related),11.0,"MOTOR VEHICLE STRUCK MOTOR VEHICLE, FRONT END AT ANGLE",Y,N,Clear or Partly Cloudy,Dry,Daylight,,,,10,Entering at angle,0,0,N,79.25318588237207,80
128736,-122.31404130780537,47.58369660774817,126737,142308,142308,3467152,Matched,Block,,S WALKER ST BETWEEN 14TH AVE S AND 15TH AVE S,,,1,Property Damage Only Collision,Parked Car,2,0,0,2,0,0,0,2012-07-20T00:00:00.000Z,7/20/2012 6:45:00 PM,Mid-Block (not related to intersection),16.0,"MOTOR VEHICLE STRUCK MOTOR VEHICLE, LEFT SIDE SIDESWIPE",,N,Clear or Partly Cloudy,Dry,Daylight,,12202018.0,Y,32,One parked--one moving,0,0,N,174.72308987208297,875
51969,-122.39532020012794,47.69057068883482,51970,66701,66701,2830228,Matched,Block,,NW 85TH ST BETWEEN EDGEWEST DR NW AND 30TH AVE NW,,,1,Property Damage Only Collision,Parked Car,3,0,0,3,0,0,0,2007-06-01T00:00:00.000Z,6/1/2007,Mid-Block (not related to intersection),14.0,"MOTOR VEHICLE STRUCK MOTOR VEHICLE, REAR END",,0,Clear or Partly Cloudy,Dry,Dusk,,7152052.0,,32,One parked--one moving,0,0,N,377.1969111226434,411
169703,-122.31374839038807,47.6598020661345,170704,215321,215581,E521385,Matched,Block,,NE 43RD ST BETWEEN BROOKLYN AVE NE AND UNIVERSITY WAY NE, ,,1,Property Damage Only Collision,Angles,2,0,0,2,0,0,0,2016-03-02T00:00:00.000Z,3/2/2016 10:30:00 AM,Driveway Junction,11.0,"MOTOR VEHICLE STRUCK MOTOR VEHICLE, FRONT END AT ANGLE",,N,Clear or Partly Cloudy,Dry,Daylight,,,,10,Entering at angle,0,0,N,209.8611725288961,899
190437,-122.33641385258522,47.68781239146367,190438,248683,249263,E713612,Unmatched,Block,,WALLINGFORD AVE N BETWEEN N 80TH ST AND N 82ND ST,NEI,"Not Enough Information, or Insufficient Location Information",0,Unknown,,0,0,0,0,0,0,0,2017-09-14T00:00:00.000Z,9/14/2017,,0.0,NOT ENOUGH INFORMATION / NOT APPLICABLE,,,,,,,,, ,,0,0,Y,227.00092160254079,867
70155,-122.2769409363212,47.52611904633317,71156,85251,85251,2907454,Matched,Intersection,35253.0,RENTON AVE S AND S CLOVERDALE ST,,,2,Injury Collision,Angles,3,0,0,2,2,0,0,2008-01-11T00:00:00.000Z,1/11/2008 11:28:00 AM,At Intersection (intersection related),11.0,"MOTOR VEHICLE STRUCK MOTOR VEHICLE, FRONT END AT ANGLE",,0,Overcast,Dry,Daylight,,8011019.0,,10,Entering at angle,0,0,N,684.0264021006283,748
74507,-122.26222807081342,47.6788893706939,75508,88274,88274,3282347,Matched,Block,,62ND AVE NE BETWEEN NE 65TH ST AND NE 74TH ST,,,1,Property Damage Only Collision,Parked Car,2,0,0,2,0,0,0,2008-08-06T00:00:00.000Z,8/6/2008,Mid-Block (not related to intersection),13.0,"MOTOR VEHICLE STRUCK MOTOR VEHICLE, LEFT SIDE AT ANGLE",,0,Clear or Partly Cloudy,Dry,Daylight,,8219018.0,,32,One parked--one moving,0,0,N,718.2440660983142,359
45793,-122.29781601099751,47.714911925974505,45794,60281,60281,2178406,Matched,Block,,LAKE CITY WAY NE BETWEEN NE 117TH ST AND NE 120TH ST,,,1,Property Damage Only Collision,Rear Ended,3,0,0,2,0,0,0,2006-05-27T00:00:00.000Z,5/27/2006 11:02:00 PM,Mid-Block (but intersection related),14.0,"MOTOR VEHICLE STRUCK MOTOR VEHICLE, REAR END",Y,1,Overcast,Wet,Dark - Street Lights On,,6147011.0,,14,From same direction - both going straight - one stopped - rear-end,0,0,N,281.0502607864001,707
107930,-122.336626142588,47.55267926056589,107931,124249,124249,3373020,Matched,Block,,EAST MARGINAL WAY S BETWEEN S LUCILE ST AND S ORCAS ST,,,1,Property Damage Only Collision,Other,2,0,0,2,0,0,0,2011-03-02T00:00:00.000Z,3/2/2011 6:23:00 AM,Mid-Block (not related to intersection),11.0,"MOTOR VEHICLE STRUCK MOTOR VEHICLE, FRONT END AT ANGLE",,N,Clear or Partly Cloudy,Dry,Dawn,,11061008.0,,23,From same direction - all others,0,0,N,1054.9756313947535,202
23311,-122.33744269951093,47.656237459129095,23312,37188,37188,2025742,Matched,Block,,DENSMORE AVE N BETWEEN N 40TH ST AND N 41ST ST,,,1,Property Damage Only Collision,Parked Car,2,0,0,2,0,0,0,2005-04-29T00:00:00.000Z,4/29/2005 11:30:00 PM,Mid-Block (not related to intersection),15.0,"MOTOR VEHICLE STRUCK MOTOR VEHICLE, RIGHT SIDE SIDESWIPE",,0,Clear or Partly Cloudy,Dry,Dark - Street Lights On,,5119001.0,,32,One parked--one moving,0,0,N,110.6951988795519,474
79106,-122.34716210265587,47.61375830991129,78107,94282,94282,3326876,Matched,Block,,1ST AVE BETWEEN BELL ST AND BATTERY ST,,,1,Property Damage Only Collision,Parked Car,2,0,0,2,0,0,0,2009-08-28T00:00:00.000Z,8/28/2009 1:09:00 PM,Mid-Block (not related to intersection),16.0,"MOTOR VEHICLE STRUCK MOTOR VEHICLE, LEFT SIDE SIDESWIPE",,0,Clear or Partly Cloudy,Dry,Daylight,,9240024.0,,32,One parked--one moving,0,0,N,1411.6106580710186,422
139069,-122.374891534596,47.67454613732822,140070,160865,160885,3466367,Matched,Block,,NW 63RD ST BETWEEN 14TH AVE NW AND 15TH AVE NW, ,,1,Property Damage Only Collision,Other,3,0,0,1,0,0,0,2014-01-31T00:00:00.000Z,1/31/2014 12:04:00 AM,Mid-Block (but intersection related),28.0,MOTOR VEHICLE RAN OFF ROAD - HIT FIXED OBJECT,Y,N,Raining,Wet,Dark - Street Lights On,,,Y,50,Fixed object,0,0,N,274.77958028268364,644
177533,-122.3341972429893,47.587167547498645,179534,233042,233442,E623437,Matched,Block,,1ST AVE S BETWEEN S MASSACHUSETTS ST AND S HOLGATE ST, ,,1,Property Damage Only Collision,Parked Car,2,0,0,2,0,0,0,2016-12-20T00:00:00.000Z,12/20/2016 12:59:00 PM,Mid-Block (but intersection related),13.0,"MOTOR VEHICLE STRUCK MOTOR VEHICLE, LEFT SIDE AT ANGLE",,N,Clear or Partly Cloudy,Dry,Daylight,,,,32,One parked--one moving,0,0,Y,1400.1480713851806,875
85491,-122.32569361263852,47.629579522741004,85492,99469,99469,C720153,Matched,Block,,LAKEVIEW BLVD E BETWEEN BELMONT AVE E AND E HIGHLAND DR,,,2,Injury Collision,Angles,2,0,0,2,1,0,0,2009-05-01T00:00:00.000Z,5/1/2009,Driveway Junction,11.0,"MOTOR VEHICLE STRUCK MOTOR VEHICLE, FRONT END AT ANGLE",,0,Clear or Partly Cloudy,Dry,Daylight,,9121039.0,,10,Entering at angle,0,0,N,239.87342905060925,868
175680,-122.31015032296783,47.594071944259994,176681,229721,230081,E603220,Matched,Intersection,30794.0,RAINIER AVE S AND S CHARLES S ST, ,,2,Injury Collision,Pedestrian,2,1,0,1,1,0,0,2016-10-25T00:00:00.000Z,10/25/2016 2:26:00 PM,At Intersection (intersection related),24.0,MOTOR VEHCILE STRUCK PEDESTRIAN,,N,Clear or Partly Cloudy,Dry,Daylight,Y,,,0,Vehicle going straight hits pedestrian,0,522982,N,87.17808712491923,13
34635,-122.31276631227426,47.687101729820796,35636,49746,49746,2603958,Matched,Block,,LAKE CITY WAY NE BETWEEN NE 80TH ST AND 15TH AVE NE,,,2,Injury Collision,Rear Ended,2,0,0,2,1,0,0,2006-07-13T00:00:00.000Z,7/13/2006 12:11:00 AM,Mid-Block (not related to intersection),14.0,"MOTOR VEHICLE STRUCK MOTOR VEHICLE, REAR END",,1,Clear or Partly Cloudy,Dry,Dark - Street Lights On,,6194009.0,,13,From same direction - both going straight - both moving - rear-end,0,0,N,227.28829109571106,383
11672,-122.33771402763568,47.60407651172592,11673,25889,25889,1216973,Matched,Block,,MADISON ST BETWEEN ALASKAN E RDWY WAY AND WESTERN AVE,,,2,Injury Collision,Other,1,0,0,1,1,0,0,2004-09-07T00:00:00.000Z,9/7/2004,Mid-Block (not related to intersection),29.0,MOTOR VEHICLE OVERTURNED IN ROAD,,0,Clear or Partly Cloudy,Dry,Daylight,,4251033.0,,51,Other object,0,0,N,1213.6164118272482,762
24791,-122.31815016997324,47.61467304412036,24792,38609,38609,2028079,Matched,Block,,11TH AVE BETWEEN E PIKE ST AND E PINE ST,,,1,Property Damage Only Collision,Parked Car,2,0,0,2,0,0,0,2005-05-08T00:00:00.000Z,5/8/2005,Mid-Block (not related to intersection),13.0,"MOTOR VEHICLE STRUCK MOTOR VEHICLE, LEFT SIDE AT ANGLE",,0,Clear or Partly Cloudy,Dry,Dark - Street Lights On,,5128031.0,,32,One parked--one moving,0,0,N,276.33240398101907,489
199555,-122.3022294947528,47.59787738604373,200556,293038,294058,E807456,Matched,Intersection,30766.0,23RD AVE S AND S KING ST, ,,1,Property Damage Only Collision,Rear Ended,2,0,0,2,0,0,0,2018-06-07T00:00:00.000Z,6/7/2018 10:30:00 AM,At Intersection (intersection related),14.0,"MOTOR VEHICLE STRUCK MOTOR VEHICLE, REAR END",Y,N,Clear or Partly Cloudy,Dry,Daylight,,,,14,From same direction - both going straight - one stopped - rear-end,0,0,N,175.52603993386913,319
18393,-122.31870401347159,47.674573265174,18394,32408,32408,1794932,Matched,Block,,9TH AVE NE BETWEEN NE 63RD ST AND NE 64TH ST,,,1,Property Damage Only Collision,Other,2,0,0,2,0,0,0,2005-01-18T00:00:00.000Z,1/18/2005 5:10:00 PM,Mid-Block (but intersection related),11.0,"MOTOR VEHICLE STRUCK MOTOR VEHICLE, FRONT END AT ANGLE",,0,Raining,Wet,Daylight,,5018040.0,,23,From same direction - all others,0,0,N,45.574223259349985,790
44227,-122.35136006973744,47.618586399666405,44228,58855,58855,2190420,Matched,Intersection,29659.0,3RD AVE AND DENNY WAY,,,1,Property Damage Only Collision,Angles,3,0,0,2,0,0,0,2006-05-23T00:00:00.000Z,5/23/2006 10:30:00 PM,At Intersection (intersection related),11.0,"MOTOR VEHICLE STRUCK MOTOR VEHICLE, FRONT END AT ANGLE",,0,Raining,Wet,Dark - Street Lights On,,6143024.0,,10,Entering at angle,0,0,N,857.2014260695945,663
130466,-122.33366038383869,47.607746503307155,132467,150744,150764,3574712,Matched,Block,,SENECA ST BETWEEN 4TH AVE AND 5TH AVE, ,,1,Property Damage Only Collision,Sideswipe,2,0,0,2,0,0,0,2013-07-18T00:00:00.000Z,7/18/2013 4:10:00 PM,Mid-Block (not related to intersection),11.0,"MOTOR VEHICLE STRUCK MOTOR VEHICLE, FRONT END AT ANGLE",Y,N,Clear or Partly Cloudy,Dry,Daylight,,,,11,From same direction - both going straight - both moving - sideswipe,0,0,N,742.0171966616327,762
98726,-122.31392747096935,47.59901631313888,98727,111985,111985,3329776,Matched,Block,,RAINIER AVE S BETWEEN BOREN AVE S AND S JACKSON PL,,,1,Property Damage Only Collision,Right Turn,3,0,0,2,0,0,0,2010-04-24T00:00:00.000Z,4/24/2010 1:47:00 AM,Mid-Block (but intersection related),11.0,"MOTOR VEHICLE STRUCK MOTOR VEHICLE, FRONT END AT ANGLE",,Y,Clear or Partly Cloudy,Dry,Dark - Street Lights On,,10114020.0,,16,From same direction - one right turn - one straight,0,0,N,192.39595046107442,52
132742,-122.31673339075188,47.61288923577013,130743,148582,148602,3606501,Matched,Intersection,29761.0,12TH AVE AND E MADISON ST, ,,1,Property Damage Only Collision,Angles,2,0,0,2,0,0,0,2013-06-22T00:00:00.000Z,6/22/2013 11:17:00 AM,At Intersection (intersection related),11.0,"MOTOR VEHICLE STRUCK MOTOR VEHICLE, FRONT END AT ANGLE",,N,Clear or Partly Cloudy,Dry,Daylight,,,,10,Entering at angle,0,0,N,177.43662718199263,837
91637,-122.32025239034901,47.66131589164785,91638,105912,105912,2803504,Matched,Block,,NE 45TH ST BETWEEN 7TH AVE NE AND 8TH W AVE NE,,,2,Injury Collision,Rear Ended,3,0,0,2,1,0,0,2009-10-09T00:00:00.000Z,10/9/2009,Mid-Block (but intersection related),14.0,"MOTOR VEHICLE STRUCK MOTOR VEHICLE, REAR END",,1,Clear or Partly Cloudy,Dry,Dark - Street Lights On,,9282012.0,,14,From same direction - both going straight - one stopped - rear-end,0,0,N,208.683093538504,223
177879,-122.3165789341517,47.661291960354745,179880,234039,234439,3769898,Matched,Intersection,27065.0,11TH AVE NE AND NE 45TH ST, ,,1,Property Damage Only Collision,Rear Ended,2,0,0,2,0,0,0,2017-01-13T00:00:00.000Z,1/13/2017 6:08:00 PM,At Intersection (but not related to intersection),14.0,"MOTOR VEHICLE STRUCK MOTOR VEHICLE, REAR END",,N,Clear or Partly Cloudy,Dry,Dark - Street Lights On,,,,13,From same direction - both going straight - both moving - rear-end,0,0,N,245.31187465860324,785
146404,-122.33013725134869,47.607247580492846,147405,174232,174252,3505819,Matched,Block,,MADISON ST BETWEEN 6TH AVE AND 7TH AVE, ,,1,Property Damage Only Collision,Sideswipe,2,0,0,2,0,0,0,2014-08-21T00:00:00.000Z,8/21/2014 2:14:00 PM,Mid-Block (not related to intersection),11.0,"MOTOR VEHICLE STRUCK MOTOR VEHICLE, FRONT END AT ANGLE",,N,Clear or Partly Cloudy,Dry,Daylight,,,,11,From same direction - both going straight - both moving - sideswipe,0,0,N,548.0309396454389,762
411,-122.31860498969044,47.56349530268686,412,35400,35400,1797838,Matched,Intersection,32306.0,11TH AVE S AND S OREGON ST,,,1,Property Damage Only Collision,Angles,2,0,0,2,0,0,0,2005-11-05T00:00:00.000Z,11/5/2005,At Intersection (intersection related),11.0,"MOTOR VEHICLE STRUCK MOTOR VEHICLE, FRONT END AT ANGLE",,0,Raining,Wet,Daylight,,5309025.0,,10,Entering at angle,0,0,N,281.99032653576626,512
98989,-122.33089641482124,47.60220929607378,98990,114021,114021,3208644,Matched,Block,,3RD AVE BETWEEN YESLER WAY AND JAMES ST,,,2,Injury Collision,Pedestrian,3,1,0,1,1,0,0,2010-03-21T00:00:00.000Z,3/21/2010 9:12:00 AM,Mid-Block (but intersection related),24.0,MOTOR VEHCILE STRUCK PEDESTRIAN,,N,Clear or Partly Cloudy,Dry,Daylight,,10080001.0,,0,Vehicle going straight hits pedestrian,0,0,N,1035.0730453402193,762
106860,-122.34470639687115,47.70579719971895,106861,121962,121962,3378110,Matched,Block,,AURORA AVE N BETWEEN N NORTHGATE WAY AND N 107TH S ST,,,1,Property Damage Only Collision,Sideswipe,2,0,0,2,0,0,0,2011-01-14T00:00:00.000Z,1/14/2011 5:46:00 PM,Mid-Block (not related to intersection),11.0,"MOTOR VEHICLE STRUCK MOTOR VEHICLE, FRONT END AT ANGLE",,0,Unknown,Unknown,Unknown,,11014009.0,,11,From same direction - both going straight - both moving - sideswipe,0,0,N,130.5740880208395,293
174796,-122.30888162792068,47.54750088635672,175797,227655,227995,E586597,Matched,Intersection,163545.0,19TH WR AVE S AND SWIFT AVE S, ,,1,Property Damage Only Collision,Other,2,0,0,2,0,0,0,2016-09-11T00:00:00.000Z,9/11/2016 2:15:00 PM,At Intersection (intersection related),11.0,"MOTOR VEHICLE STRUCK MOTOR VEHICLE, FRONT END AT ANGLE",,N,Clear or Partly Cloudy,Dry,Daylight,,,,23,From same direction - all others,0,0,N,490.8466069892358,525
125543,-122.38677531782332,47.562911624695246,125544,142794,142794,3505085,Matched,Intersection,31904.0,CALIFORNIA AVE SW AND SW OREGON ST, ,,1,Property Damage Only Collision,Angles,2,0,0,2,0,0,0,2013-01-10T00:00:00.000Z,1/10/2013 9:55:00 AM,At Intersection (intersection related),11.0,"MOTOR VEHICLE STRUCK MOTOR VEHICLE, FRONT END AT ANGLE",,N,Overcast,Wet,Daylight,,13010010.0,,10,Entering at angle,0,0,N,220.68686838297634,249
188120,-122.33420302527028,47.57557557380279,188121,246038,246618,3755138,Matched,Intersection,31379.0,1ST AVE S AND S HANFORD ST, ,,1,Property Damage Only Collision,Left Turn,0,0,0,2,0,0,0,2017-08-15T00:00:00.000Z,8/15/2017 5:40:00 PM,At Intersection (intersection related),11.0,"MOTOR VEHICLE STRUCK MOTOR VEHICLE, FRONT END AT ANGLE",,N,Clear or Partly Cloudy,Dry,Daylight,,,,28,From opposite direction - one left turn - one straight,0,0,N,1462.7246555720433,178
131589,-122.28783612750244,47.56281827145792,131590,147703,147723,3617160,Matched,Intersection,32721.0,RAINIER AVE S AND S OREGON ST, ,,2,Injury Collision,Angles,5,0,0,3,1,0,0,2013-06-05T00:00:00.000Z,6/5/2013 6:38:00 PM,At Intersection (intersection related),11.0,"MOTOR VEHICLE STRUCK MOTOR VEHICLE, FRONT END AT ANGLE",,N,Clear or Partly Cloudy,Dry,Daylight,,,Y,10,Entering at angle,0,0,N,218.34568999420145,683
65563,-122.33245128131384,47.607266309863746,65564,81460,81460,3273833,Matched,Intersection,29933.0,5TH AVE AND SPRING ST,,,1,Property Damage Only Collision,Angles,2,0,0,2,0,0,0,2008-08-18T00:00:00.000Z,8/18/2008 3:34:00 PM,At Intersection (intersection related),14.0,"MOTOR VEHICLE STRUCK MOTOR VEHICLE, REAR END",,0,Overcast,Wet,Daylight,,8231014.0,,10,Entering at angle,0,0,N,686.9077144693044,762
101745,-122.36506192535127,47.67325889442319,101746,118047,118047,3199209,Matched,Block,,7TH AVE NW BETWEEN NW 60TH ST AND NW 62ND ST,,,1,Property Damage Only Collision,Parked Car,2,0,0,2,0,0,0,2010-01-16T00:00:00.000Z,1/16/2010 12:30:00 PM,Mid-Block (not related to intersection),14.0,"MOTOR VEHICLE STRUCK MOTOR VEHICLE, REAR END",,N,Raining,Wet,Unknown,,10016016.0,,32,One parked--one moving,0,0,N,128.566246158362,563
82741,-122.31256350599028,47.66126567422878,83742,97456,97456,3206318,Matched,Block,,NE 45TH ST BETWEEN UNIVERSITY WAY NE AND 15TH AVE NE,,,1,Property Damage Only Collision,Sideswipe,4,0,0,2,0,0,0,2009-09-03T00:00:00.000Z,9/3/2009,Mid-Block (not related to intersection),11.0,"MOTOR VEHICLE STRUCK MOTOR VEHICLE, FRONT END AT ANGLE",,0,Clear or Partly Cloudy,Dry,Daylight,,9246007.0,,11,From same direction - both going straight - both moving - sideswipe,0,0,N,393.6313267796243,899
147958,-122.36702219782462,47.62559164233637,146959,172047,172067,3705517,Matched,Block,,ELLIOTT AVE W BETWEEN W MERCER ST AND W MERCER PL, ,,2,Injury Collision,Rear Ended,3,0,0,3,1,0,0,2014-07-15T00:00:00.000Z,7/15/2014 8:07:00 AM,Mid-Block (not related to intersection),14.0,"MOTOR VEHICLE STRUCK MOTOR VEHICLE, REAR END",Y,N,Clear or Partly Cloudy,Dry,Daylight,,,,14,From same direction - both going straight - one stopped - rear-end,0,0,N,935.1403186874622,438
69943,-122.3554625249713,47.61642001958071,69944,84518,84518,2826398,Matched,Block,,ELLIOTT AVE BETWEEN BROAD ST AND BAY ST,,,1,Property Damage Only Collision,Sideswipe,5,0,0,2,0,0,0,2008-05-21T00:00:00.000Z,5/21/2008 4:20:00 PM,Mid-Block (not related to intersection),11.0,"MOTOR VEHICLE STRUCK MOTOR VEHICLE, FRONT END AT ANGLE",,0,Clear or Partly Cloudy,Dry,Daylight,,8142016.0,,11,From same direction - both going straight - both moving - sideswipe,0,0,N,1138.2304293910106,663
81960,-122.28725218796829,47.54975710325725,81961,96139,96139,3281657,Matched,Intersection,33626.0,M L KING JR ER WAY S AND S JUNEAU ST,,,2,Injury Collision,Pedestrian,2,1,0,1,1,0,0,2009-01-05T00:00:00.000Z,1/5/2009,At Intersection (intersection related),24.0,MOTOR VEHCILE STRUCK PEDESTRIAN,,0,Other,Wet,Dark - Street Lights On,,9005008.0,,0,Vehicle going straight hits pedestrian,0,0,N,73.71920200661657,637
68362,-122.32307185169908,47.619868826048155,68363,82311,82311,2882251,Matched,Intersection,29050.0,BOYLSTON AVE E AND E OLIVE E WAY,,,2b,Serious Injury Collision,Cycles,2,0,1,1,1,1,0,2008-04-21T00:00:00.000Z,4/21/2008 6:38:00 PM,At Intersection (intersection related),18.0,"MOTOR VEHICLE STRUCK PEDALCYCLIST, FRONT END AT ANGLE",,0,Raining,Wet,Daylight,Y,8112018.0,,45,Vehicle - Pedalcyclist,23232,0,N,129.01167900414077,843
160142,-122.33656362295595,47.605050498390725,158143,190166,190246,C792705,Unmatched,Block,,1ST AVE BETWEEN MADISON ST AND SPRING ST, ,,0,Unknown,,0,0,0,0,0,0,0,2014-07-29T00:00:00.000Z,7/29/2014,Mid-Block (not related to intersection),14.0,"MOTOR VEHICLE STRUCK MOTOR VEHICLE, REAR END",,,,,,,,, ,,0,0,N,1080.4944985874965,762
93693,-122.29319374521921,47.722899065717534,93694,108926,108926,3198323,Matched,Intersection,36052.0,LAKE CITY WAY NE AND NE 130TH ST,,,2,Injury Collision,Left Turn,8,0,0,3,2,0,0,2010-01-29T00:00:00.000Z,1/29/2010 6:30:00 PM,At Intersection (intersection related),11.0,"MOTOR VEHICLE STRUCK MOTOR VEHICLE, FRONT END AT ANGLE",,N,Overcast,Wet,Dark - Street Lights On,,10029009.0,,28,From opposite direction - one left turn - one straight,0,0,N,344.5123259908573,831
70877,-122.3280785780535,47.60416123456064,71878,87401,87401,3282787,Matched,Intersection,29973.0,6TH AVE AND JAMES ST,,,1,Property Damage Only Collision,Left Turn,3,0,0,2,0,0,0,2008-12-17T00:00:00.000Z,12/17/2008 2:37:00 PM,At Intersection (intersection related),11.0,"MOTOR VEHICLE STRUCK MOTOR VEHICLE, FRONT END AT ANGLE",,0,Overcast,Dry,Daylight,,8352012.0,,15,From same direction - one left turn - one straight,0,0,N,751.3095467064553,762
32278,-122.3559739743782,47.69059894474175,30279,44720,44720,C646646,Matched,Block,,N 85TH ST BETWEEN PALATINE AVE N AND GREENWOOD AVE N,,,1,Property Damage Only Collision,Sideswipe,2,0,0,2,0,0,0,2005-04-05T00:00:00.000Z,4/5/2005,Mid-Block (but intersection related),11.0,"MOTOR VEHICLE STRUCK MOTOR VEHICLE, FRONT END AT ANGLE",,0,Clear or Partly Cloudy,Dry,Daylight,,5095043.0,,11,From same direction - both going straight - both moving - sideswipe,0,0,N,172.6763181178003,468
186724,-122.31894924450344,47.52560363644132,185725,241664,242104,3694822,Matched,Block,,S DONOVAN ST BETWEEN 10TH AVE S AND 12TH AVE S, ,,1,Property Damage Only Collision,Parked Car,2,0,0,2,0,0,0,2017-05-19T00:00:00.000Z,5/19/2017 8:14:00 PM,Mid-Block (not related to intersection),14.0,"MOTOR VEHICLE STRUCK MOTOR VEHICLE, REAR END",,N,Clear or Partly Cloudy,Dry,Dusk,,,,32,One parked--one moving,0,0,Y,101.57979174301143,786
86081,-122.33419928448694,47.582938394777,87082,101054,101054,3279969,Unmatched,Block,,1ST AVE S BETWEEN S WALKER ST AND S STACY ST,,,0,Unknown,,0,0,0,0,0,0,0,2009-07-15T00:00:00.000Z,7/15/2009,Mid-Block (not related to intersection),28.0,MOTOR VEHICLE RAN OFF ROAD - HIT FIXED OBJECT,,,,,,,9196001.0,,,,0,0,N,1381.5549000550232,875
175031,-122.3208822586121,47.620490441063716,176032,226638,226978,E566127,Matched,Block,,BROADWAY E BETWEEN E OLIVE WAY AND E THOMAS ST, ,,1,Property Damage Only Collision,Parked Car,2,0,0,2,0,0,0,2016-07-19T00:00:00.000Z,7/19/2016 12:37:00 PM,Mid-Block (not related to intersection),14.0,"MOTOR VEHICLE STRUCK MOTOR VEHICLE, REAR END",,N,Clear or Partly Cloudy,Dry,Daylight,,,,32,One parked--one moving,0,0,N,119.52166239884417,957
59973,-122.37646659147772,47.5437735800491,59974,74155,74155,C682746,Matched,Block,,35TH AVE SW BETWEEN SW MORGAN ST AND SW HOLLY ST,,,1,Property Damage Only Collision,Rear Ended,2,0,0,2,0,0,0,2007-03-03T00:00:00.000Z,3/3/2007,Mid-Block (but intersection related),14.0,"MOTOR VEHICLE STRUCK MOTOR VEHICLE, REAR END",,0,Raining,Wet,Daylight,,7062040.0,,14,From same direction - both going straight - one stopped - rear-end,0,0,N,142.8368923793798,505
98446,-122.33809240814219,47.712301805004394,98447,113905,113905,3565255,Matched,Block,,N 115TH ST BETWEEN STONE AVE N AND MERIDIAN AVE N,,,2,Injury Collision,Rear Ended,2,0,0,2,1,0,0,2010-11-11T00:00:00.000Z,11/11/2010 5:17:00 PM,Mid-Block (not related to intersection),14.0,"MOTOR VEHICLE STRUCK MOTOR VEHICLE, REAR END",,N,Raining,Wet,Dark - Street Lights On,,10315018.0,,14,From same direction - both going straight - one stopped - rear-end,0,0,N,503.12409744911224,265
58185,-122.33072969571377,47.615449718161365,58186,72664,72664,2618303,Matched,Intersection,29865.0,BOREN AVE AND OLIVE WAY,,,2,Injury Collision,Angles,4,0,0,4,1,0,0,2007-01-05T00:00:00.000Z,1/5/2007,At Intersection (intersection related),11.0,"MOTOR VEHICLE STRUCK MOTOR VEHICLE, FRONT END AT ANGLE",,0,Raining,Wet,Dark - Street Lights On,,7005007.0,,10,Entering at angle,0,0,N,400.31963227662186,185