,X,Y,OBJECTID,INCKEY,COLDETKEY,REPORTNO,STATUS,ADDRTYPE,INTKEY,LOCATION,EXCEPTRSNCODE,EXCEPTRSNDESC,SEVERITYCODE,SEVERITYDESC,COLLISIONTYPE,PERSONCOUNT,PEDCOUNT,PEDCYLCOUNT,VEHCOUNT,INJURIES,SERIOUSINJURIES,FATALITIES,INCDATE,INCDTTM,JUNCTIONTYPE,SDOT_COLCODE,SDOT_COLDESC,INATTENTIONIND,UNDERINFL,WEATHER,ROADCOND,LIGHTCOND,PEDROWNOTGRNT,SDOTCOLNUM,SPEEDING,ST_COLCODE,ST_COLDESC,SEGLANEKEY,CROSSWALKKEY,HITPARKEDCAR,CLOSEST_CIRCLE_DIST,CLOSEST_CIRCLE_INDEX
47322,-122.33808858746927,47.665035251843825,47323,61587,61587,2614318,Matched,Block,,N 50TH ST BETWEEN WOODLAWN E AVE N AND DENSMORE AVE N,,,1,Property Damage Only Collision,Rear Ended,3,0,0,3,0,0,0,2006-08-26T00:00:00.000Z,8/26/2006 3:52:00 PM,Mid-Block (but intersection related),14.0,"MOTOR VEHICLE STRUCK MOTOR VEHICLE, REAR END",,1,Clear or Partly Cloudy,Dry,Daylight,,6238019.0,,14,From same direction - both going straight - one stopped - rear-end,0,0,N,87.71515727315308,919
36868,-122.3885474054054,47.58118566685069,34869,49301,49301,1076734,Matched,Block,,SW ADMIRAL WAY BETWEEN 44TH AVE SW AND 45TH AVE SW,,,1,Property Damage Only Collision,Angles,2,0,0,2,0,0,0,2006-06-02T00:00:00.000Z,6/2/2006,Driveway Junction,11.0,"MOTOR VEHICLE STRUCK MOTOR VEHICLE, FRONT END AT ANGLE",,0,Clear or Partly Cloudy,Dry,Daylight,,6153042.0,,10,Entering at angle,0,0,N,209.2417074774422,518
179479,-122.38758730740042,47.671279346094934,177480,226125,226465,E577866,Matched,Block,,24TH AVE NW BETWEEN NW 58TH ST AND NW 59TH ST, ,,1,Property Damage Only Collision,Parked Car,2,0,0,2,0,0,0,2016-08-11T00:00:00.000Z,8/11/2016 3:50:00 PM,Mid-Block (not related to intersection),14.0,"MOTOR VEHICLE STRUCK MOTOR VEHICLE, REAR END",Y,N,Clear or Partly Cloudy,Dry,Daylight,,,,32,One parked--one moving,0,0,Y,196.15283078721905,780
200495,-122.30052888070368,47.618921657503996,198496,288995,289874,E800978,Unmatched,Block,,E DENNY WAY BETWEEN 24TH AVE AND 25TH AVE, ,,0,Unknown,,2,0,0,0,0,0,0,2018-04-27T00:00:00.000Z,4/27/2018,Mid-Block (not related to intersection),0.0,NOT ENOUGH INFORMATION / NOT APPLICABLE,,,,,,,,, ,,0,0,Y,149.98094720180524,809
121197,-122.28483764798366,47.55744584704031,121198,137015,137015,3617703,Matched,Block,,RAINIER AVE S BETWEEN S FERDINAND ST AND S HUDSON ST,,,1,Property Damage Only Collision,Rear Ended,2,0,0,2,0,0,0,2012-06-22T00:00:00.000Z,6/22/2012 5:03:00 PM,Mid-Block (but intersection related),14.0,"MOTOR VEHICLE STRUCK MOTOR VEHICLE, REAR END",,N,Raining,Wet,Daylight,,12174030.0,,14,From same direction - both going straight - one stopped - rear-end,0,0,N,107.69016540436975,164
71049,-122.31253178545187,47.629668315205535,70050,85576,85576,2623433,Matched,Block,,15TH AVE E BETWEEN E PROSPECT N ST AND E HIGHLAND DR,,,1,Property Damage Only Collision,Parked Car,2,0,0,2,0,0,0,2008-10-06T00:00:00.000Z,10/6/2008,Mid-Block (not related to intersection),14.0,"MOTOR VEHICLE STRUCK MOTOR VEHICLE, REAR END",,0,Raining,Wet,Daylight,,8280035.0,,32,One parked--one moving,0,0,N,145.1695874148029,686
155979,-122.31948316708508,47.7206031276238,156980,191780,191860,3708189,Matched,Block,,ROOSEVELT WAY NE BETWEEN NE 125TH N ST AND NE 127TH ST, ,,2,Injury Collision,Other,1,0,0,1,1,0,0,2015-05-04T00:00:00.000Z,5/4/2015 5:06:00 AM,Mid-Block (not related to intersection),28.0,MOTOR VEHICLE RAN OFF ROAD - HIT FIXED OBJECT,,N,Clear or Partly Cloudy,Dry,Dawn,,,Y,50,Fixed object,0,0,N,314.6477476524275,19
150928,-122.3661741523443,47.67052370055787,151929,184813,184893,3708007,Matched,Block,,8TH AVE NW BETWEEN NW 57TH ST AND NW 58TH ST, ,,1,Property Damage Only Collision,Parked Car,2,0,0,2,0,0,0,2015-01-31T00:00:00.000Z,1/31/2015 10:06:00 AM,Mid-Block (not related to intersection),11.0,"MOTOR VEHICLE STRUCK MOTOR VEHICLE, FRONT END AT ANGLE",,N,Clear or Partly Cloudy,Dry,Daylight,,,,20,One car leaving parked position,0,0,N,146.094950851833,192
2635,-122.29165984976184,47.558271885101405,3636,17302,17302,1793492,Unmatched,Block,,M L KING JR ER WAY S BETWEEN S EDMUNDS ST AND S FERDINAND ST,,,0,Unknown,,0,0,0,0,0,0,0,2004-10-29T00:00:00.000Z,10/29/2004,Mid-Block (but intersection related),28.0,MOTOR VEHICLE RAN OFF ROAD - HIT FIXED OBJECT,,,,,,,4303003.0,,,,0,0,N,46.187225950981315,404
166603,-122.31472492155876,47.568991883078965,166604,207740,207940,3335842,Matched,Block,,14TH AVE S BETWEEN S COURT ST AND S DAKOTA ST, ,,1,Property Damage Only Collision,Parked Car,2,0,0,2,0,0,0,2015-11-25T00:00:00.000Z,11/25/2015 10:00:00 AM,Mid-Block (not related to intersection),13.0,"MOTOR VEHICLE STRUCK MOTOR VEHICLE, LEFT SIDE AT ANGLE",,N,Clear or Partly Cloudy,Dry,Dark - Street Lights On,,,,32,One parked--one moving,0,0,Y,419.7287984898707,512
141405,-122.33843489424801,47.62462001144204,141406,164790,164810,3577718,Matched,Block,,WESTLAKE AVE N BETWEEN MERCER SR ST AND MERCER NR ST, ,,1,Property Damage Only Collision,Other,2,0,0,2,0,0,0,2014-03-24T00:00:00.000Z,3/24/2014 8:15:00 AM,Mid-Block (but intersection related),11.0,"MOTOR VEHICLE STRUCK MOTOR VEHICLE, FRONT END AT ANGLE",Y,N,Unknown,Unknown,Daylight,,,,23,From same direction - all others,0,0,N,618.0868914443532,272
117287,-122.33558646681541,47.60398223849498,117288,133626,133626,3328996,Matched,Intersection,29622.0,1ST AVE AND MARION ST,,,2,Injury Collision,Angles,6,0,0,2,4,0,0,2012-02-07T00:00:00.000Z,2/7/2012 7:35:00 PM,At Intersection (intersection related),11.0,"MOTOR VEHICLE STRUCK MOTOR VEHICLE, FRONT END AT ANGLE",,N,Clear or Partly Cloudy,Dry,Dark - Street Lights On,,12038002.0,,10,Entering at angle,0,0,N,1095.4714378017602,762
105290,-122.34642720572643,47.61181649773186,105291,118554,118554,3562388,Matched,Block,,WESTERN AV OFF RP BETWEEN ALASKAN WY VI NB AND BELL ST,,,2,Injury Collision,Rear Ended,2,0,0,2,2,0,0,2011-11-04T00:00:00.000Z,11/4/2011 1:25:00 PM,Mid-Block (not related to intersection),14.0,"MOTOR VEHICLE STRUCK MOTOR VEHICLE, REAR END",,N,Raining,Wet,Daylight,,11308014.0,Y,14,From same direction - both going straight - one stopped - rear-end,0,0,N,1474.7632903056704,185
182680,-122.29986003366685,47.60007852666946,182681,237481,237921,3773543,Unmatched,Block,,25TH AVE S BETWEEN S WASHINGTON ST AND S JACKSON ST, ,,1,Property Damage Only Collision,,2,0,0,0,0,0,0,2017-03-27T00:00:00.000Z,3/27/2017,Mid-Block (not related to intersection),13.0,"MOTOR VEHICLE STRUCK MOTOR VEHICLE, LEFT SIDE AT ANGLE",,,,,,,,, ,,0,0,Y,88.15819492922034,358
94405,-122.32612581996663,47.664990757318726,95406,110961,110961,2881317,Matched,Intersection,25869.0,THACKERAY PL NE AND NE 50TH ST,,,1,Property Damage Only Collision,Rear Ended,2,0,0,2,0,0,0,2010-07-28T00:00:00.000Z,7/28/2010 3:43:00 PM,At Intersection (intersection related),14.0,"MOTOR VEHICLE STRUCK MOTOR VEHICLE, REAR END",Y,N,Clear or Partly Cloudy,Dry,Daylight,,10209015.0,,14,From same direction - both going straight - one stopped - rear-end,0,0,N,182.97836016195947,992
119416,-122.34714553375805,47.53523644625394,120417,135386,135386,C759962,Unmatched,Block,,HIGHLAND PARK WAY SW BETWEEN SW OTHELLO ST AND SW HOLDEN N ST,,,0,Unknown,,0,0,0,0,0,0,0,2012-01-06T00:00:00.000Z,1/6/2012,Mid-Block (not related to intersection),0.0,NOT ENOUGH INFORMATION / NOT APPLICABLE,,,,,,,12006048.0,,,,0,0,N,254.3205730942183,174
27412,-122.35545274592478,47.70508354117376,27413,41612,41612,2027053,Matched,Intersection,36419.0,GREENWOOD AVE N AND HOLMAN RD N,,,1,Property Damage Only Collision,Rear Ended,2,0,0,2,0,0,0,2005-07-27T00:00:00.000Z,7/27/2005 2:29:00 PM,At Intersection (intersection related),14.0,"MOTOR VEHICLE STRUCK MOTOR VEHICLE, REAR END",Y,0,Clear or Partly Cloudy,Dry,Daylight,,5208022.0,,13,From same direction - both going straight - both moving - rear-end,0,0,N,218.21297516001468,294
90083,-122.31625800178075,47.68528529307486,90084,104212,104212,3206315,Matched,Intersection,24408.0,11TH AVE NE AND NE 78TH ST,,,1,Property Damage Only Collision,Angles,4,0,0,2,0,0,0,2009-08-28T00:00:00.000Z,8/28/2009 5:52:00 PM,At Intersection (intersection related),11.0,"MOTOR VEHICLE STRUCK MOTOR VEHICLE, FRONT END AT ANGLE",,0,Clear or Partly Cloudy,Dry,Daylight,,9240019.0,,10,Entering at angle,0,0,N,228.32204740911766,940
113189,-122.32295632132387,47.6613333466589,113190,129314,129314,3553864,Matched,Intersection,27071.0,5TH AVE NE AND NE 45TH ST,,,1,Property Damage Only Collision,Angles,2,0,0,2,0,0,0,2011-12-15T00:00:00.000Z,12/15/2011 11:41:00 PM,At Intersection (intersection related),11.0,"MOTOR VEHICLE STRUCK MOTOR VEHICLE, FRONT END AT ANGLE",,N,Raining,Wet,Dark - Street Lights On,,11349025.0,,10,Entering at angle,0,0,N,150.2532085457701,504
177358,-122.33298639368881,47.620813608568255,179359,232223,232623,3746227,Matched,Intersection,29149.0,MINOR AVE N AND THOMAS ST, ,,1,Property Damage Only Collision,Pedestrian,3,1,0,2,0,0,0,2016-12-16T00:00:00.000Z,12/16/2016 10:10:00 AM,At Intersection (intersection related),24.0,MOTOR VEHCILE STRUCK PEDESTRIAN,,N,Clear or Partly Cloudy,Dry,Daylight,,,,3,Vehicle backing hits pedestrian,0,523720,N,591.8658573150999,717
142901,-122.34640095121513,47.661766394735814,143902,165838,165852,3576759,Matched,Block,,GREEN LAKE WAY N BETWEEN N 45TH ST AND N 46TH ST, ,,1,Property Damage Only Collision,Other,1,0,0,1,0,0,0,2014-04-13T00:00:00.000Z,4/13/2014 5:13:00 AM,Mid-Block (not related to intersection),26.0,MOTOR VEHICLE STRUCK OBJECT IN ROAD,,N,Clear or Partly Cloudy,Dry,Dark - Street Lights On,,,,50,Fixed object,0,0,N,124.85367096383015,763
128013,-122.3475536031792,47.62671901725544,126014,141273,141273,3505983,Matched,Block,,5TH AVE N BETWEEN VALLEY ST AND ALOHA ST,,,1,Property Damage Only Collision,Parked Car,3,0,0,3,0,0,0,2012-04-28T00:00:00.000Z,4/28/2012 10:01:00 PM,Mid-Block (not related to intersection),14.0,"MOTOR VEHICLE STRUCK MOTOR VEHICLE, REAR END",,Y,Clear or Partly Cloudy,Dry,Dark - Street Lights On,,12119014.0,,32,One parked--one moving,0,0,N,202.1699076915956,422
95903,-122.25330411814704,47.505220090340345,94904,111068,111068,3377430,Matched,Intersection,38267.0,RENTON AVE S AND S HAZEL ST,,,1,Property Damage Only Collision,Parked Car,2,0,0,2,0,0,0,2010-11-12T00:00:00.000Z,11/12/2010 7:05:00 PM,At Intersection (but not related to intersection),11.0,"MOTOR VEHICLE STRUCK MOTOR VEHICLE, FRONT END AT ANGLE",,N,Unknown,Unknown,Unknown,,10316038.0,,32,One parked--one moving,0,0,N,770.7732373405416,305
158927,-122.27873223383676,47.52520139379841,159928,196885,197005,3730481,Matched,Block,,M L KING JR ER WAY S BETWEEN S CLOVERDALE ST AND S TRENTON ST, ,,2b,Serious Injury Collision,Rear Ended,2,0,0,2,1,1,0,2015-07-06T00:00:00.000Z,7/6/2015 7:00:00 PM,Mid-Block (not related to intersection),14.0,"MOTOR VEHICLE STRUCK MOTOR VEHICLE, REAR END",,N,Clear or Partly Cloudy,Dry,Daylight,,,,14,From same direction - both going straight - one stopped - rear-end,0,0,N,620.1690625489775,401
42600,-122.3341972429893,47.587167547498645,42601,57002,57002,2618656,Matched,Block,,1ST AVE S BETWEEN S MASSACHUSETTS ST AND S HOLGATE ST,,,1,Property Damage Only Collision,Parked Car,2,0,0,2,0,0,0,2006-08-26T00:00:00.000Z,8/26/2006 10:00:00 PM,Mid-Block (not related to intersection),13.0,"MOTOR VEHICLE STRUCK MOTOR VEHICLE, LEFT SIDE AT ANGLE",Y,0,Clear or Partly Cloudy,Dry,Dark - Street Lights On,,6238024.0,,32,One parked--one moving,0,0,N,1400.1480713851806,875
171922,-122.38576338477756,47.54393714730176,171923,218403,218703,E533983,Unmatched,Block,,42ND AVE SW BETWEEN SW MORGAN ST AND SW HOLLY ST,NEI,"Not Enough Information, or Insufficient Location Information",0,Unknown,,0,0,0,0,0,0,0,2016-04-03T00:00:00.000Z,4/3/2016,Mid-Block (not related to intersection),13.0,"MOTOR VEHICLE STRUCK MOTOR VEHICLE, LEFT SIDE AT ANGLE",,,,,,,,, ,,0,0,Y,495.3196130301024,234
11353,-122.26881085013427,47.50614295033521,11354,25378,25378,1771405,Matched,Block,,S BANGOR ST BETWEEN 51ST AVE S AND 53RD AVE S,,,1,Property Damage Only Collision,Other,2,0,0,2,0,0,0,2004-02-05T00:00:00.000Z,2/5/2004,Mid-Block (but intersection related),11.0,"MOTOR VEHICLE STRUCK MOTOR VEHICLE, FRONT END AT ANGLE",,0,Clear or Partly Cloudy,Dry,Daylight,,4036031.0,,23,From same direction - all others,0,0,N,946.0436640502743,213
57344,-122.32847075259657,47.607944525297526,57345,71786,71786,2621654,Matched,Intersection,29936.0,8TH AVE AND MADISON ST,,,1,Property Damage Only Collision,Right Turn,3,0,0,2,0,0,0,2007-02-06T00:00:00.000Z,2/6/2007,At Intersection (intersection related),14.0,"MOTOR VEHICLE STRUCK MOTOR VEHICLE, REAR END",,0,Overcast,Wet,Daylight,,7037017.0,,16,From same direction - one right turn - one straight,0,0,N,403.6370318103994,762
68500,-122.30425758303379,47.582950717086156,68501,82316,82316,2892006,Matched,Intersection,31578.0,22ND AVE S AND S COLLEGE ST,,,1,Property Damage Only Collision,Left Turn,4,0,0,2,0,0,0,2008-03-06T00:00:00.000Z,3/6/2008,At Intersection (intersection related),11.0,"MOTOR VEHICLE STRUCK MOTOR VEHICLE, FRONT END AT ANGLE",,0,Clear or Partly Cloudy,Dry,Daylight,,8066007.0,,28,From opposite direction - one left turn - one straight,0,0,N,79.12129130607117,545
178432,-122.35437331597325,47.67827676651212,178433,231182,231582,3464946,Matched,Block,,PHINNEY AVE N BETWEEN N 67TH N ST AND N 68TH ST, ,,1,Property Damage Only Collision,Parked Car,2,0,0,2,0,0,0,2016-11-16T00:00:00.000Z,11/16/2016 12:52:00 AM,Mid-Block (not related to intersection),13.0,"MOTOR VEHICLE STRUCK MOTOR VEHICLE, LEFT SIDE AT ANGLE",,N,Raining,Wet,Dark - Street Lights Off,,,,32,One parked--one moving,0,0,N,50.810335865378484,817
9328,-122.34586158783074,47.612989913993864,9329,22791,22791,1783183,Matched,Block,,1ST AVE BETWEEN BLANCHARD ST AND BELL ST,,,1,Property Damage Only Collision,Parked Car,2,0,0,2,0,0,0,2004-06-18T00:00:00.000Z,6/18/2004 11:35:00 PM,Mid-Block (not related to intersection),16.0,"MOTOR VEHICLE STRUCK MOTOR VEHICLE, LEFT SIDE SIDESWIPE",,1,Clear or Partly Cloudy,Dry,Dark - Street Lights On,,4170039.0,,32,One parked--one moving,0,0,N,1426.7451296184229,185
161062,-122.35548749554363,47.7096203173244,163063,203509,203649,E464124,Matched,Block,,GREENWOOD AVE N BETWEEN N 110TH ST AND N 112TH ST, ,,2,Injury Collision,Rear Ended,0,0,0,2,1,0,0,2015-09-23T00:00:00.000Z,9/23/2015 7:47:00 AM,Mid-Block (but intersection related),14.0,"MOTOR VEHICLE STRUCK MOTOR VEHICLE, REAR END",,N,Clear or Partly Cloudy,Dry,Daylight,,,,13,From same direction - both going straight - both moving - rear-end,0,0,N,141.39844092605838,936
200678,-122.32007506576873,47.602692113369855,198679,298109,299249,3702623,Matched,Block,,E FIR ST BETWEEN BROADWAY AND 10TH AVE, ,,1,Property Damage Only Collision,Parked Car,2,0,0,2,0,0,0,2018-07-23T00:00:00.000Z,7/23/2018 7:20:00 AM,Mid-Block (not related to intersection),11.0,"MOTOR VEHICLE STRUCK MOTOR VEHICLE, FRONT END AT ANGLE",,N,Clear or Partly Cloudy,Dry,Daylight,,,,32,One parked--one moving,0,0,Y,541.5230918646088,627
21187,-122.29006284692954,47.71924741416245,21188,34941,34941,2020278,Matched,Block,,NE 125TH ST BETWEEN 35TH AVE NE AND 36TH AVE NE,,,2,Injury Collision,Rear Ended,3,0,0,2,3,0,0,2005-03-28T00:00:00.000Z,3/28/2005 8:15:00 PM,Mid-Block (but intersection related),14.0,"MOTOR VEHICLE STRUCK MOTOR VEHICLE, REAR END",Y,0,Overcast,Dry,Dark - Street Lights On,,5087030.0,,14,From same direction - both going straight - one stopped - rear-end,0,0,N,294.004984026974,961
5454,-122.36377016017009,47.6295984393832,5455,19176,19176,1069505,Matched,Block,,W HIGHLAND DR BETWEEN 5TH AVE W AND 6TH AVE W,,,1,Property Damage Only Collision,Parked Car,2,0,0,2,0,0,0,2004-11-04T00:00:00.000Z,11/4/2004,Mid-Block (not related to intersection),15.0,"MOTOR VEHICLE STRUCK MOTOR VEHICLE, RIGHT SIDE SIDESWIPE",,0,Unknown,Unknown,Dark - Street Lights On,,4309037.0,,32,One parked--one moving,0,0,N,480.591316043556,438
113108,-122.29814457032698,47.58364221086597,113109,128194,128194,3373188,Matched,Intersection,31451.0,M L KING JR WAY S AND S WALKER ST,,,1,Property Damage Only Collision,Angles,3,0,0,2,0,0,0,2011-02-18T00:00:00.000Z,2/18/2011 9:51:00 AM,At Intersection (intersection related),11.0,"MOTOR VEHICLE STRUCK MOTOR VEHICLE, FRONT END AT ANGLE",Y,N,Clear or Partly Cloudy,Dry,Daylight,,11049009.0,,10,Entering at angle,0,0,N,304.86640620904745,182
186333,-122.33910555036637,47.686926119786655,185334,242596,243076,3737482,Matched,Intersection,24230.0,ASHWORTH AVE N AND N 80TH ST, ,,2,Injury Collision,Angles,2,0,0,2,2,0,0,2017-05-30T00:00:00.000Z,5/30/2017 5:47:00 PM,At Intersection (intersection related),11.0,"MOTOR VEHICLE STRUCK MOTOR VEHICLE, FRONT END AT ANGLE",,N,Raining,Wet,Daylight,,,,10,Entering at angle,0,0,N,199.82257624330651,867
36128,-122.3332738001322,47.518673979892206,34129,48056,48056,1795413,Matched,Block,,MYERS WAY S BETWEEN OLSON PL SW AND CITY LIMITS,,,1,Property Damage Only Collision,Other,2,0,0,2,0,0,0,2005-03-03T00:00:00.000Z,3/3/2005,Mid-Block (not related to intersection),11.0,"MOTOR VEHICLE STRUCK MOTOR VEHICLE, FRONT END AT ANGLE",,0,Clear or Partly Cloudy,Dry,Daylight,,5062027.0,,23,From same direction - all others,0,0,N,1231.6439953737488,415
4033,-122.31468791762971,47.58412474865616,1034,51700,51700,2610729,Matched,Block,,14TH AVE S BETWEEN S HILL ST AND S WALKER ST,,,1,Property Damage Only Collision,Sideswipe,5,0,0,3,0,0,0,2006-08-15T00:00:00.000Z,8/15/2006 1:20:00 PM,Mid-Block (not related to intersection),11.0,"MOTOR VEHICLE STRUCK MOTOR VEHICLE, FRONT END AT ANGLE",,0,Clear or Partly Cloudy,Dry,Daylight,,6227003.0,,26,From opposite direction - both going straight - sideswipe,0,0,N,108.83055668770821,875
51258,-122.28983553139263,47.61289271030551,51259,65185,65185,2806121,Matched,Block,,E UNION ST BETWEEN 33RD AVE AND 34TH AVE,,,1,Property Damage Only Collision,Parked Car,4,0,0,3,0,0,0,2007-04-07T00:00:00.000Z,4/7/2007,Mid-Block (not related to intersection),14.0,"MOTOR VEHICLE STRUCK MOTOR VEHICLE, REAR END",,0,Raining,Wet,Daylight,,7097014.0,,20,One car leaving parked position,0,0,N,134.14279711790653,288
88099,-122.3310297770096,47.68776395224826,88100,102473,102473,3274878,Matched,Block,,CORLISS AVE N BETWEEN N 80TH W ST AND N 82ND ST,,,1,Property Damage Only Collision,Parked Car,2,0,0,2,0,0,0,2009-06-07T00:00:00.000Z,6/7/2009,Mid-Block (not related to intersection),0.0,NOT ENOUGH INFORMATION / NOT APPLICABLE,,0,Unknown,Unknown,Unknown,,9158018.0,,32,One parked--one moving,0,0,N,98.48099041228694,162
143759,-122.32108829437843,47.6070821771391,144760,167880,167900,3701679,Matched,Block,,JAMES ST BETWEEN MINOR AVE AND BROADWAY, ,,1,Property Damage Only Collision,Left Turn,4,0,0,2,0,0,0,2014-05-12T00:00:00.000Z,5/12/2014 1:09:00 PM,Mid-Block (but intersection related),11.0,"MOTOR VEHICLE STRUCK MOTOR VEHICLE, FRONT END AT ANGLE",Y,N,Clear or Partly Cloudy,Dry,Daylight,,,,15,From same direction - one left turn - one straight,0,0,N,467.7129657716298,762
74008,-122.32611688620342,47.610407463799156,75009,88513,88513,3282459,Matched,Block,,BOREN AVE BETWEEN SPRING ST AND SENECA ST,,,1,Property Damage Only Collision,Left Turn,2,0,0,2,0,0,0,2008-07-22T00:00:00.000Z,7/22/2008 4:15:00 PM,Mid-Block (but intersection related),16.0,"MOTOR VEHICLE STRUCK MOTOR VEHICLE, LEFT SIDE SIDESWIPE",,0,Clear or Partly Cloudy,Dry,Daylight,,8204018.0,,15,From same direction - one left turn - one straight,0,0,N,108.60004189256904,762
168432,-122.34983490359792,47.65043101671818,168433,211261,211501,C808126,Unmatched,Intersection,27035.0,FREMONT AVE N AND FREMONT PL N, ,,0,Unknown,,0,0,0,0,0,0,0,2015-11-11T00:00:00.000Z,11/11/2015,At Intersection (intersection related),14.0,"MOTOR VEHICLE STRUCK MOTOR VEHICLE, REAR END",,,,,,,,, ,,0,0,N,382.59711090699705,1014
170517,-122.34502702503336,47.727767248486536,172518,219435,219715,3737374,Matched,Block,,AURORA AVE N BETWEEN N 135TH ST AND N 137TH ST, ,,1,Property Damage Only Collision,Sideswipe,3,0,0,2,0,0,0,2016-05-06T00:00:00.000Z,5/6/2016 10:51:00 PM,Mid-Block (not related to intersection),11.0,"MOTOR VEHICLE STRUCK MOTOR VEHICLE, FRONT END AT ANGLE",,N,Clear or Partly Cloudy,Dry,Dark - Street Lights On,,,,11,From same direction - both going straight - both moving - sideswipe,0,0,Y,417.2533205183167,753
144920,-122.31984626342545,47.520649130017716,142921,163366,163386,3287951,Matched,Block,,S BARTON ST BETWEEN 10TH AVE S AND DEAD END 4, ,,1,Property Damage Only Collision,Other,1,0,0,1,0,0,0,2010-02-03T00:00:00.000Z,2/3/2010 2:51:00 PM,Mid-Block (not related to intersection),26.0,MOTOR VEHICLE STRUCK OBJECT IN ROAD,,N,Clear or Partly Cloudy,Sand/Mud/Dirt,Daylight,,,,50,Fixed object,0,0,N,552.3380776950771,786
909,-122.36601034300597,47.683262977692095,910,91400,91400,3276853,Matched,Intersection,24151.0,8TH AVE NW AND NW 75TH ST,,,1,Property Damage Only Collision,Angles,3,0,0,2,0,0,0,2008-12-30T00:00:00.000Z,12/30/2008 10:32:00 AM,At Intersection (intersection related),11.0,"MOTOR VEHICLE STRUCK MOTOR VEHICLE, FRONT END AT ANGLE",,0,Overcast,Dry,Daylight,,8365006.0,,10,Entering at angle,0,0,N,95.51207555069716,897
87452,-122.32971147380228,47.605944615582715,86453,103175,103175,3207383,Matched,Block,,6TH AVE BETWEEN COLUMBIA ST AND MARION ST,,,1,Property Damage Only Collision,Sideswipe,2,0,0,2,0,0,0,2009-09-24T00:00:00.000Z,9/24/2009 1:08:00 PM,Mid-Block (not related to intersection),11.0,"MOTOR VEHICLE STRUCK MOTOR VEHICLE, FRONT END AT ANGLE",,0,Clear or Partly Cloudy,Dry,Daylight,,9267010.0,,11,From same direction - both going straight - both moving - sideswipe,0,0,N,633.5456007961351,762
16954,-122.38419074811918,47.585335243604355,15955,29450,29450,1481225,Unmatched,Block,,SW HILL ST BETWEEN 41ST AVE SW AND DEAD END 3,,,0,Unknown,,0,0,0,0,0,0,0,2004-10-22T00:00:00.000Z,10/22/2004,Mid-Block (not related to intersection),12.0,"MOTOR VEHICLE STRUCK MOTOR VEHICLE, RIGHT SIDE AT ANGLE",,,,,,,4296039.0,,,,0,0,N,269.2464498570186,180
63265,-122.33421214998212,47.54937951385586,63266,79702,79702,2892539,Matched,Block,,1ST AVE S BETWEEN S FIDALGO ST AND EAST MARGINAL WAY S,,,1,Property Damage Only Collision,Other,2,0,0,2,0,0,0,2008-07-28T00:00:00.000Z,7/28/2008 5:30:00 PM,Driveway Junction,11.0,"MOTOR VEHICLE STRUCK MOTOR VEHICLE, FRONT END AT ANGLE",,0,Clear or Partly Cloudy,Dry,Daylight,,8210021.0,,22,One car leaving driveway access,0,0,N,853.7535544969843,202
164227,-122.34794806437417,47.656658507121385,164228,202834,202974,3733684,Matched,Block,,N 41ST ST BETWEEN LINDEN AVE N AND AURORA AVE N, ,,1,Property Damage Only Collision,Parked Car,2,0,0,2,0,0,0,2015-09-16T00:00:00.000Z,9/16/2015 4:00:00 AM,Mid-Block (not related to intersection),12.0,"MOTOR VEHICLE STRUCK MOTOR VEHICLE, RIGHT SIDE AT ANGLE",,N,Unknown,Unknown,Dark - Street Lights On,,,,32,One parked--one moving,0,0,Y,128.13599345903668,320
178074,-122.35715409444656,47.54472451273674,178075,232701,233101,3342447,Matched,Block,,18TH AVE SW BETWEEN SW GRAHAM ST AND SW HOLLY ST, ,,1,Property Damage Only Collision,Parked Car,2,0,0,2,0,0,0,2016-12-30T00:00:00.000Z,12/30/2016 5:31:00 AM,Mid-Block (not related to intersection),14.0,"MOTOR VEHICLE STRUCK MOTOR VEHICLE, REAR END",,N,Raining,Wet,Dark - Street Lights On,,,,32,One parked--one moving,0,0,Y,621.9873372126301,846
138113,-122.29707687085444,47.57694362644242,138114,157041,157061,3643302,Matched,Block,,RAINIER AVE S BETWEEN S FOREST ST AND M L KING JR WAY S, ,,1,Property Damage Only Collision,Sideswipe,2,0,0,2,0,0,0,2013-11-16T00:00:00.000Z,11/16/2013 5:33:00 AM,Mid-Block (not related to intersection),16.0,"MOTOR VEHICLE STRUCK MOTOR VEHICLE, LEFT SIDE SIDESWIPE",Y,N,Overcast,Wet,Dark - Street Lights On,,,,11,From same direction - both going straight - both moving - sideswipe,0,0,N,388.5442172378018,977
30934,-122.31144347143885,47.61851685333596,31935,46069,46069,2028556,Matched,Intersection,29385.0,16TH AVE AND E DENNY WAY,,,2,Injury Collision,Angles,3,0,0,2,3,0,0,2005-05-25T00:00:00.000Z,5/25/2005 6:06:00 AM,At Intersection (intersection related),11.0,"MOTOR VEHICLE STRUCK MOTOR VEHICLE, FRONT END AT ANGLE",,0,Clear or Partly Cloudy,Dry,Daylight,,5145028.0,,10,Entering at angle,0,0,N,98.13066757882677,565