,X,Y,OBJECTID,INCKEY,COLDETKEY,REPORTNO,STATUS,ADDRTYPE,INTKEY,LOCATION,EXCEPTRSNCODE,EXCEPTRSNDESC,SEVERITYCODE,SEVERITYDESC,COLLISIONTYPE,PERSONCOUNT,PEDCOUNT,PEDCYLCOUNT,VEHCOUNT,INJURIES,SERIOUSINJURIES,FATALITIES,INCDATE,INCDTTM,JUNCTIONTYPE,SDOT_COLCODE,SDOT_COLDESC,INATTENTIONIND,UNDERINFL,WEATHER,ROADCOND,LIGHTCOND,PEDROWNOTGRNT,SDOTCOLNUM,SPEEDING,ST_COLCODE,ST_COLDESC,SEGLANEKEY,CROSSWALKKEY,HITPARKEDCAR,CLOSEST_CIRCLE_DIST,CLOSEST_CIRCLE_INDEX
83366,-122.33537313665079,47.6121364586989,82367,98306,98306,2893378,Matched,Intersection,29568.0,6TH AVE AND PINE ST, ,,2b,Serious Injury Collision,Pedestrian,2,1,0,1,1,1,0,2009-03-27T00:00:00.000Z,3/27/2009 6:50:00 PM,At Intersection (intersection related),24.0,MOTOR VEHCILE STRUCK PEDESTRIAN,,0,Unknown,Unknown,Unknown,Y,9086025.0,,2,Vehicle turning left hits pedestrian,0,523148,N,644.7261805757355,185
178806,-122.30793669845549,47.54698097720687,178807,230792,231192,3783067,Matched,Intersection,33396.0,SWIFT AVE S AND S GRAHAM ST, ,,1,Property Damage Only Collision,Rear Ended,3,0,0,2,0,0,0,2016-10-14T00:00:00.000Z,10/14/2016 1:04:00 PM,At Intersection (but not related to intersection),14.0,"MOTOR VEHICLE STRUCK MOTOR VEHICLE, REAR END",,N,Raining,Wet,Daylight,,,,14,From same direction - both going straight - one stopped - rear-end,0,0,N,505.35248845572823,525
113196,-122.31756839878125,47.601445086056735,113197,129311,129311,3386782,Matched,Block,,BOREN AVE S BETWEEN E YESLER WAY AND 12TH AVE S TURN RD,,,1,Property Damage Only Collision,Rear Ended,3,0,0,2,0,0,0,2011-12-27T00:00:00.000Z,12/27/2011 6:00:00 PM,Mid-Block (not related to intersection),14.0,"MOTOR VEHICLE STRUCK MOTOR VEHICLE, REAR END",,N,Raining,Wet,Dark - Street Lights On,,11361029.0,,14,From same direction - both going straight - one stopped - rear-end,0,0,N,378.74951923935697,627
21150,-122.30328771614359,47.59979968812222,21151,34929,34929,1198224,Matched,Block,,22ND AVE S BETWEEN S MAIN ST AND S JACKSON ST,,,2,Injury Collision,Other,3,0,0,3,1,0,0,2005-07-20T00:00:00.000Z,7/20/2005 7:58:00 PM,Mid-Block (not related to intersection),11.0,"MOTOR VEHICLE STRUCK MOTOR VEHICLE, FRONT END AT ANGLE",,0,Clear or Partly Cloudy,Dry,Daylight,,5201001.0,,50,Fixed object,0,0,N,275.2468288977968,358
90202,-122.34450137295957,47.68658255270947,90203,104219,104219,2897438,Matched,Block,,AURORA AVE N BETWEEN N 79TH ST AND N 80TH ST,,,2,Injury Collision,Rear Ended,3,0,0,2,1,0,0,2009-02-08T00:00:00.000Z,2/8/2009,Mid-Block (but intersection related),14.0,"MOTOR VEHICLE STRUCK MOTOR VEHICLE, REAR END",,0,Clear or Partly Cloudy,Dry,Dusk,,9039016.0,,14,From same direction - both going straight - one stopped - rear-end,0,0,N,407.38966725438456,679
73220,-122.36192477127085,47.62585368768411,73221,87231,87231,2900320,Matched,Intersection,28614.0,4TH AVE W AND W ROY ST,,,1,Property Damage Only Collision,Angles,2,0,0,2,0,0,0,2008-12-05T00:00:00.000Z,12/5/2008,At Intersection (intersection related),11.0,"MOTOR VEHICLE STRUCK MOTOR VEHICLE, FRONT END AT ANGLE",,0,Clear or Partly Cloudy,Dry,Daylight,,8340001.0,,10,Entering at angle,0,0,N,677.9569894107018,438
25447,-122.32224797745464,47.53943891754066,25448,39420,39420,1197868,Matched,Block,,S MYRTLE ST BETWEEN 8TH AVE S AND EAST MARGINAL WAY S,,,1,Property Damage Only Collision,Other,1,0,0,1,0,0,0,2005-09-27T00:00:00.000Z,9/27/2005 1:23:00 PM,Mid-Block (but intersection related),13.0,"MOTOR VEHICLE STRUCK MOTOR VEHICLE, LEFT SIDE AT ANGLE",,0,Clear or Partly Cloudy,Dry,Daylight,,5270001.0,,41,Vehicle Strikes Railway Vehicle,0,0,N,199.62347459908852,789
89080,-122.33788010791348,47.62579261511912,89081,103877,103877,3208496,Matched,Block,,VALLEY ST BETWEEN BROAD ST AND TERRY AVE N,,,1,Property Damage Only Collision,Rear Ended,2,0,0,2,0,0,0,2009-05-13T00:00:00.000Z,5/13/2009 6:24:00 PM,Mid-Block (not related to intersection),14.0,"MOTOR VEHICLE STRUCK MOTOR VEHICLE, REAR END",,0,Overcast,Wet,Daylight,,9133025.0,,14,From same direction - both going straight - one stopped - rear-end,0,0,N,585.5066542936979,272
151245,-122.30082083510223,47.547054297754876,152246,184827,184907,3709005,Matched,Block,,BEACON WR AVE S BETWEEN S SPENCER ST AND S GRAHAM ST, ,,1,Property Damage Only Collision,Rear Ended,2,0,0,2,0,0,0,2015-01-30T00:00:00.000Z,1/30/2015 3:57:00 PM,Mid-Block (but intersection related),14.0,"MOTOR VEHICLE STRUCK MOTOR VEHICLE, REAR END",,N,Clear or Partly Cloudy,Dry,Daylight,,,,14,From same direction - both going straight - one stopped - rear-end,0,0,N,353.2432073437958,14
189444,-122.32979757048071,47.62312507285647,189445,248587,249167,3753385,Matched,Block,,REPUBLICAN ST BETWEEN YALE AVE N AND EASTLAKE AVE E, ,,1,Property Damage Only Collision,Sideswipe,0,0,0,2,0,0,0,2017-09-17T00:00:00.000Z,9/17/2017 9:00:00 AM,Mid-Block (not related to intersection),16.0,"MOTOR VEHICLE STRUCK MOTOR VEHICLE, LEFT SIDE SIDESWIPE",,N,Clear or Partly Cloudy,Dry,Daylight,,,,12,From same direction - both going straight - one stopped - sideswipe,0,0,Y,360.5940719795067,717
683,-122.31739832250857,47.67837549250762,684,1371,1371,3609042,Matched,Block,,ROOSEVELT WAY NE BETWEEN NE 68TH ST AND NE 69TH ST, ,,1,Property Damage Only Collision,Sideswipe,2,0,0,2,0,0,0,2013-04-02T00:00:00.000Z,4/2/2013 2:04:00 PM,Mid-Block (not related to intersection),11.0,"MOTOR VEHICLE STRUCK MOTOR VEHICLE, FRONT END AT ANGLE",Y,N,Clear or Partly Cloudy,Dry,Daylight,,,,11,From same direction - both going straight - both moving - sideswipe,0,0,N,389.3978445077258,1023
19773,-122.34264599899765,47.61636456178674,19774,33405,33405,1786824,Matched,Block,,BELL ST BETWEEN 5TH AVE AND 6TH AVE,,,1,Property Damage Only Collision,Parked Car,2,0,0,2,0,0,0,2005-06-04T00:00:00.000Z,6/4/2005,Driveway Junction,15.0,"MOTOR VEHICLE STRUCK MOTOR VEHICLE, RIGHT SIDE SIDESWIPE",,0,Unknown,Unknown,Dark - Street Lights On,,5155044.0,,32,One parked--one moving,0,0,N,1240.0450854084252,422
194444,-122.31525074798077,47.66401020112314,194445,268697,269477,E763163,Unmatched,Block,,12TH AVE NE BETWEEN NE 47TH ST AND NE 50TH ST,NEI,"Not Enough Information, or Insufficient Location Information",0,Unknown,,0,0,0,0,0,0,0,2018-01-27T00:00:00.000Z,1/27/2018,,0.0,NOT ENOUGH INFORMATION / NOT APPLICABLE,,,,,,,,, ,,0,0,Y,256.057835341282,785
193904,-122.3342759432768,47.73413650138539,195905,273735,274575,E764691,Matched,Intersection,35910.0,MERIDIAN AVE N AND N 145TH ST, ,,1,Property Damage Only Collision,Rear Ended,2,0,0,2,0,0,0,2018-01-17T00:00:00.000Z,1/17/2018 6:05:00 PM,At Intersection (but not related to intersection),14.0,"MOTOR VEHICLE STRUCK MOTOR VEHICLE, REAR END",,N,Raining,Wet,Dark - Street Lights On,,,Y,14,From same direction - both going straight - one stopped - rear-end,0,0,N,452.50751767704446,337
188807,-122.32767519708142,47.597516698121204,188808,249961,250561,E675435,Unmatched,Intersection,30523.0,5TH AVE S AND S WELLER ST, ,,0,Unknown,,2,0,0,0,0,0,0,2017-05-27T00:00:00.000Z,5/27/2017,At Intersection (intersection related),0.0,NOT ENOUGH INFORMATION / NOT APPLICABLE,,,,,,,,, ,,0,0,Y,1210.1764831913727,956
186764,-122.3289731887962,47.59745463101272,185765,243277,243777,E637889,Unmatched,Block,,4TH AVE S BETWEEN 2ND AV ET S AND SEATTLE BLVD S,NEI,"Not Enough Information, or Insufficient Location Information",0,Unknown,,2,0,0,0,0,0,0,2017-01-26T00:00:00.000Z,1/26/2017,Mid-Block (not related to intersection),0.0,NOT ENOUGH INFORMATION / NOT APPLICABLE,,,,,,,,, ,,0,0,N,1307.7928901219166,956
199383,-122.26649293346114,47.54026538476933,200384,299897,301097,3810901,Unmatched,Block,,SEWARD PARK AVE S BETWEEN S WILLOW ST AND S FRONTENAC ST,NEI,"Not Enough Information, or Insufficient Location Information",1,Property Damage Only Collision,,2,0,0,0,0,0,0,2018-07-29T00:00:00.000Z,7/29/2018,Mid-Block (not related to intersection),0.0,NOT ENOUGH INFORMATION / NOT APPLICABLE,,,,,,,,, ,,0,0,N,251.3455086377458,654
102231,-122.34780152860573,47.73412900698474,102232,117671,117671,3376452,Matched,Intersection,35773.0,LINDEN AVE N AND N 145TH ST,,,2,Injury Collision,Left Turn,4,0,0,3,1,0,0,2010-03-11T00:00:00.000Z,3/11/2010 3:41:00 PM,At Intersection (intersection related),11.0,"MOTOR VEHICLE STRUCK MOTOR VEHICLE, FRONT END AT ANGLE",,N,Overcast,Wet,Daylight,,10070043.0,,28,From opposite direction - one left turn - one straight,0,0,N,642.6671491301636,337
138228,-122.3165789341517,47.661291960354745,138229,155896,155916,3576707,Matched,Intersection,27065.0,11TH AVE NE AND NE 45TH ST, ,,2,Injury Collision,Angles,2,0,0,2,2,0,0,2013-10-28T00:00:00.000Z,10/28/2013 8:52:00 PM,At Intersection (intersection related),11.0,"MOTOR VEHICLE STRUCK MOTOR VEHICLE, FRONT END AT ANGLE",,N,Clear or Partly Cloudy,Dry,Dark - Street Lights On,,,,10,Entering at angle,0,0,N,245.31187465860324,785
38816,-122.27766411018793,47.5511760244803,40817,54973,54973,1772131,Matched,Intersection,33512.0,RAINIER AVE S AND S ORCAS ST,,,2,Injury Collision,Pedestrian,2,1,0,1,1,0,0,2006-03-21T00:00:00.000Z,3/21/2006 6:45:00 PM,At Intersection (intersection related),24.0,MOTOR VEHCILE STRUCK PEDESTRIAN,,0,Raining,Wet,Unknown,Y,6080007.0,,1,Vehicle turning right hits pedestrian,0,0,N,190.46339897012453,528
118579,-122.35064247687708,47.519169718076,118580,132580,132580,3547049,Matched,Intersection,35055.0,12TH AVE SW AND SW CAMBRIDGE ST,,,1,Property Damage Only Collision,Angles,4,0,0,2,0,0,0,2012-09-04T00:00:00.000Z,9/4/2012 6:23:00 PM,At Intersection (intersection related),11.0,"MOTOR VEHICLE STRUCK MOTOR VEHICLE, FRONT END AT ANGLE",,N,Clear or Partly Cloudy,Dry,Daylight,,12248010.0,,10,Entering at angle,0,0,N,167.00820128859485,260
34202,-122.34434373560772,47.57156002110137,35203,49392,49392,2625548,Matched,Block,,S SPOKANE ST BETWEEN SW SPOKANE ST AND S SPOKANE NR ST,,,1,Property Damage Only Collision,Other,2,0,0,2,0,0,0,2006-11-30T00:00:00.000Z,11/30/2006 2:09:00 PM,Driveway Junction,11.0,"MOTOR VEHICLE STRUCK MOTOR VEHICLE, FRONT END AT ANGLE",,0,Overcast,Wet,Daylight,,6334002.0,,22,One car leaving driveway access,0,0,N,1858.3161470382322,9
36063,-122.32552884050469,47.615218748198224,34064,48306,48306,1320084,Matched,Intersection,29860.0,SUMMIT AVE AND E PINE ST,,,1,Property Damage Only Collision,Angles,3,0,0,2,0,0,0,2005-07-28T00:00:00.000Z,7/28/2005 10:57:00 AM,At Intersection (intersection related),11.0,"MOTOR VEHICLE STRUCK MOTOR VEHICLE, FRONT END AT ANGLE",,0,Clear or Partly Cloudy,Dry,Daylight,,5209047.0,,10,Entering at angle,0,0,N,124.86094586804403,55
183313,-122.3362384330736,47.60469504653443,183314,239576,240016,E610191,Unmatched,Intersection,29621.0,1ST AVE AND MADISON ST,NEI,"Not Enough Information, or Insufficient Location Information",1,Property Damage Only Collision,,2,0,0,0,0,0,0,2016-11-20T00:00:00.000Z,11/20/2016,At Intersection (intersection related),0.0,NOT ENOUGH INFORMATION / NOT APPLICABLE,,,,,,,,, ,,0,0,N,1083.501431584488,762
96321,-122.36257578896554,47.62585633593229,96322,110474,110474,3383500,Matched,Block,,W ROY ST BETWEEN 4TH AVE W AND 5TH AVE W,,,1,Property Damage Only Collision,Parked Car,2,0,0,2,0,0,0,2010-11-17T00:00:00.000Z,11/17/2010 2:25:00 PM,,0.0,NOT ENOUGH INFORMATION / NOT APPLICABLE,,N,Unknown,Unknown,Unknown,,10321017.0,,32,One parked--one moving,0,0,N,700.9116359630391,438
80953,-122.31094941914199,47.59511628373849,80954,94599,94599,2882716,Matched,Block,,RAINIER AVE S BETWEEN S DEARBORN ST AND S CHARLES N ST,,,1,Property Damage Only Collision,Sideswipe,3,0,0,2,0,0,0,2009-12-17T00:00:00.000Z,12/17/2009 5:31:00 PM,Mid-Block (not related to intersection),11.0,"MOTOR VEHICLE STRUCK MOTOR VEHICLE, FRONT END AT ANGLE",,0,Raining,Wet,Dusk,,9351010.0,,11,From same direction - both going straight - both moving - sideswipe,0,0,N,157.16478285467457,13
52073,-122.32906769151207,47.5726894494557,52074,66306,66306,2792870,Matched,Block,,4TH AVE S BETWEEN S HINDS ST AND S SPOKANE NR ST,,,2,Injury Collision,Other,2,0,0,2,2,0,0,2007-03-23T00:00:00.000Z,3/23/2007 2:30:00 PM,Mid-Block (not related to intersection),11.0,"MOTOR VEHICLE STRUCK MOTOR VEHICLE, FRONT END AT ANGLE",,0,Overcast,Wet,Daylight,,7082019.0,,23,From same direction - all others,0,0,N,1108.2655218008686,178
190190,-122.32826075553051,47.661359783929186,190191,248442,249022,3747971,Matched,Intersection,27183.0,1ST AVE NE AND NE 45TH ST, ,,2,Injury Collision,Angles,0,0,0,2,1,0,0,2017-09-19T00:00:00.000Z,9/19/2017 4:17:00 PM,At Intersection (intersection related),11.0,"MOTOR VEHICLE STRUCK MOTOR VEHICLE, FRONT END AT ANGLE",,N,Raining,Wet,Daylight,,,,10,Entering at angle,0,0,N,123.12443030863348,109
164000,-122.3204603572422,47.551059729294366,164001,203257,203397,E465130,Matched,Block,,I5 CORSON AV S OFF RP BETWEEN CORSON AV S OFF RP AND S ORCAS ST, ,,1,Property Damage Only Collision,Other,1,0,0,1,0,0,0,2015-09-26T00:00:00.000Z,9/26/2015 1:00:00 PM,Mid-Block (not related to intersection),26.0,MOTOR VEHICLE STRUCK OBJECT IN ROAD,,N,Clear or Partly Cloudy,Dry,Daylight,,,,50,Fixed object,0,0,N,200.63495132711523,202
85204,-122.30003794423986,47.54540584242464,85205,99179,99179,3279690,Matched,Intersection,167416.0,BEACON ER AVE S AND S EDDY ST,,,2,Injury Collision,Angles,2,0,0,2,1,0,0,2009-03-05T00:00:00.000Z,3/5/2009,At Intersection (intersection related),11.0,"MOTOR VEHICLE STRUCK MOTOR VEHICLE, FRONT END AT ANGLE",,0,Raining,Wet,Dawn,,9064007.0,Y,10,Entering at angle,0,0,N,237.21753223343185,14
85808,-122.31534594589813,47.68153242189369,85809,100575,100575,3284714,Matched,Intersection,24449.0,12TH AVE NE AND NE 73RD ST,,,1,Property Damage Only Collision,Angles,4,0,0,2,0,0,0,2009-08-10T00:00:00.000Z,8/10/2009 3:20:00 PM,At Intersection (intersection related),11.0,"MOTOR VEHICLE STRUCK MOTOR VEHICLE, FRONT END AT ANGLE",,0,Unknown,Dry,Daylight,,9222011.0,,10,Entering at angle,0,0,N,402.49907413559407,940
201504,-122.31678189326038,47.60169336783193,201315,302729,303969,E840822,Matched,Intersection,30410.0,12TH AVE AND E YESLER WAY, ,,2,Injury Collision,Rear Ended,3,0,0,2,1,0,0,2018-08-27T00:00:00.000Z,8/27/2018 6:47:00 PM,At Intersection (intersection related),14.0,"MOTOR VEHICLE STRUCK MOTOR VEHICLE, REAR END",Y,N,Clear or Partly Cloudy,Dry,Daylight,,,,14,From same direction - both going straight - one stopped - rear-end,0,0,N,313.65268107844594,627
202136,-122.32077135051792,47.61351814837144,201947,302597,303837,3814143,Matched,Block,,BROADWAY BETWEEN E UNION ST AND E PIKE ST, ,,2,Injury Collision,Rear Ended,4,0,0,3,1,0,0,2018-08-29T00:00:00.000Z,8/29/2018 4:20:00 PM,Mid-Block (not related to intersection),14.0,"MOTOR VEHICLE STRUCK MOTOR VEHICLE, REAR END",,N,Overcast,Dry,Daylight,,,,14,From same direction - both going straight - one stopped - rear-end,0,0,N,429.4269007308601,688
120765,-122.34721455841586,47.686940667445995,119766,134063,134063,C769257,Unmatched,Intersection,24285.0,LINDEN AVE N AND N 80TH ST, ,,0,Unknown,,0,0,0,0,0,0,0,2012-09-04T00:00:00.000Z,9/4/2012,At Intersection (intersection related),0.0,NOT ENOUGH INFORMATION / NOT APPLICABLE,,,,,,,12248043.0,, ,,0,0,N,217.1195557946718,679
164132,-122.38680395147087,47.560216981892694,164133,205868,206028,E476514,Matched,Block,,CALIFORNIA AVE SW BETWEEN SW ALASKA ST AND ERSKINE WAY SW, ,,1,Property Damage Only Collision,Parked Car,2,0,0,2,0,0,0,2015-10-26T00:00:00.000Z,10/26/2015 1:30:00 PM,Mid-Block (not related to intersection),11.0,"MOTOR VEHICLE STRUCK MOTOR VEHICLE, FRONT END AT ANGLE",Y,N,Raining,Wet,Daylight,,,,32,One parked--one moving,0,0,Y,505.6344326073576,674
22048,-122.36118562828872,47.537267213058456,22049,35942,35942,2020639,Matched,Block,,DELRIDGE WAY SW BETWEEN SW ORCHARD ST AND SYLVAN WAY SW,,,1,Property Damage Only Collision,Other,1,0,0,1,0,0,0,2005-06-12T00:00:00.000Z,6/12/2005 7:14:00 AM,Mid-Block (not related to intersection),28.0,MOTOR VEHICLE RAN OFF ROAD - HIT FIXED OBJECT,,0,Overcast,Dry,Daylight,,5163033.0,,50,Fixed object,0,0,N,360.98092772310656,846
70303,-122.36808196178619,47.568338535542495,71304,84999,84999,2625382,Matched,Intersection,32128.0,28TH AVE SW AND SW ANDOVER ST,,,1,Property Damage Only Collision,Other,2,0,0,2,0,0,0,2008-04-15T00:00:00.000Z,4/15/2008 8:17:00 AM,At Intersection (intersection related),28.0,MOTOR VEHICLE RAN OFF ROAD - HIT FIXED OBJECT,,0,Overcast,Dry,Daylight,,8106020.0,,50,Fixed object,0,0,N,634.722590754061,9
73343,-122.32724713951721,47.62511902843276,73344,86578,86578,2897667,Matched,Block,,E ROY ST BETWEEN MELROSE AVE E AND BELLEVUE AVE E,,,1,Property Damage Only Collision,Parked Car,2,0,0,2,0,0,0,2008-02-09T00:00:00.000Z,2/9/2008,Mid-Block (but intersection related),12.0,"MOTOR VEHICLE STRUCK MOTOR VEHICLE, RIGHT SIDE AT ANGLE",,0,Overcast,Wet,Dark - Street Lights Off,,8040019.0,Y,32,One parked--one moving,0,0,N,326.80075125123705,256
135971,-122.34288718712172,47.6185521633366,136972,155823,155843,3581837,Matched,Block,,DENNY WAY BETWEEN AURORA NB AVE N AND DEXTER AVE, ,,2,Injury Collision,Rear Ended,4,0,0,2,2,0,0,2013-10-27T00:00:00.000Z,10/27/2013 2:31:00 AM,Mid-Block (but intersection related),14.0,"MOTOR VEHICLE STRUCK MOTOR VEHICLE, REAR END",,Y,Clear or Partly Cloudy,Dry,Dark - Street Lights On,,,,14,From same direction - both going straight - one stopped - rear-end,0,0,N,1019.7158655678355,422
23404,-122.32830297464271,47.684141720250466,23405,37750,37750,1797020,Matched,Block,,1ST AVE NE BETWEEN WOODLAWN N AVE NE AND NE 77TH ST,,,1,Property Damage Only Collision,Parked Car,2,0,0,2,0,0,0,2005-03-19T00:00:00.000Z,3/19/2005 9:53:00 PM,Mid-Block (but intersection related),11.0,"MOTOR VEHICLE STRUCK MOTOR VEHICLE, FRONT END AT ANGLE",,1,Overcast,Wet,Dark - Street Lights On,,5078027.0,Y,32,One parked--one moving,0,0,N,129.42062808120863,567
178867,-122.27823764453295,47.67940967531713,178868,232026,232426,3787393,Matched,Block,,NE 70TH ST BETWEEN 47TH W AVE NE AND 47TH E AVE NE, ,,1,Property Damage Only Collision,Parked Car,2,0,0,2,0,0,0,2016-11-22T00:00:00.000Z,11/22/2016 7:03:00 PM,Mid-Block (but intersection related),13.0,"MOTOR VEHICLE STRUCK MOTOR VEHICLE, LEFT SIDE AT ANGLE",,Y,Raining,Wet,Dark - Street Lights On,,,,32,One parked--one moving,0,0,Y,225.2269763580828,681
94310,-122.34651295746208,47.61337516768777,95311,111357,111357,3383601,Matched,Intersection,29701.0,1ST AVE AND BELL ST,,,1,Property Damage Only Collision,Rear Ended,6,0,0,2,0,0,0,2010-09-24T00:00:00.000Z,9/24/2010 11:36:00 PM,At Intersection (intersection related),14.0,"MOTOR VEHICLE STRUCK MOTOR VEHICLE, REAR END",,N,Clear or Partly Cloudy,Dry,Dark - Street Lights On,,10267011.0,,14,From same direction - both going straight - one stopped - rear-end,0,0,N,1462.0557624503172,422
97063,-122.36191277836674,47.62673541131559,97064,113370,113370,3383109,Matched,Block,,W OLYMPIC PL BETWEEN 3RD AVE W AND 5TH AVE W,,,1,Property Damage Only Collision,Parked Car,2,0,0,2,0,0,0,2010-11-04T00:00:00.000Z,11/4/2010 2:30:00 PM,Mid-Block (not related to intersection),14.0,"MOTOR VEHICLE STRUCK MOTOR VEHICLE, REAR END",,N,Unknown,Unknown,Unknown,,10308005.0,,32,One parked--one moving,0,0,N,591.3907953979823,438
138278,-122.34261249534504,47.611068224352934,138279,155386,155406,3646416,Matched,Intersection,29582.0,1ST AVE AND VIRGINIA ST, ,,1,Property Damage Only Collision,Angles,3,0,0,2,0,0,0,2013-10-12T00:00:00.000Z,10/12/2013 11:35:00 PM,At Intersection (intersection related),11.0,"MOTOR VEHICLE STRUCK MOTOR VEHICLE, FRONT END AT ANGLE",,N,Clear or Partly Cloudy,Dry,Dark - Street Lights On,,,,10,Entering at angle,0,0,N,1201.032958384163,185
59541,-122.34449387886342,47.68513091488779,59542,73913,73913,2802940,Matched,Block,,AURORA AVE N BETWEEN N 77TH ST AND N 78TH ST,,,1,Property Damage Only Collision,Rear Ended,2,0,0,2,0,0,0,2007-02-22T00:00:00.000Z,2/22/2007 5:25:00 PM,Mid-Block (not related to intersection),14.0,"MOTOR VEHICLE STRUCK MOTOR VEHICLE, REAR END",,0,Clear or Partly Cloudy,Dry,Daylight,,7053023.0,,14,From same direction - both going straight - one stopped - rear-end,0,0,N,314.13504488498717,483
32747,-122.33613044666157,47.610445255664025,30748,44973,44973,2191706,Matched,Block,,PIKE ST BETWEEN 4TH AVE AND 5TH AVE,,,1,Property Damage Only Collision,Rear Ended,3,0,0,2,0,0,0,2005-12-10T00:00:00.000Z,12/10/2005 5:40:00 PM,Mid-Block (but intersection related),14.0,"MOTOR VEHICLE STRUCK MOTOR VEHICLE, REAR END",,0,Clear or Partly Cloudy,Dry,Dark - Street Lights On,,5344026.0,,14,From same direction - both going straight - one stopped - rear-end,0,0,N,749.2366428554238,185
16366,-122.3147373102289,47.56531865830953,15367,29308,29308,1784206,Matched,Intersection,32297.0,14TH AVE S AND S NEVADA ST,,,2,Injury Collision,Angles,2,0,0,2,1,0,0,2004-10-14T00:00:00.000Z,10/14/2004 9:36:00 AM,At Intersection (intersection related),11.0,"MOTOR VEHICLE STRUCK MOTOR VEHICLE, FRONT END AT ANGLE",,0,Clear or Partly Cloudy,Dry,Daylight,,4288032.0,,10,Entering at angle,0,0,N,94.7388857932229,512
33059,-122.33742704599078,47.657405416279495,33060,47134,47134,2061443,Matched,Block,,DENSMORE AVE N BETWEEN N 41ST ST AND N 42ND ST,,,1,Property Damage Only Collision,Parked Car,4,0,0,2,0,0,0,2005-10-21T00:00:00.000Z,10/21/2005 2:23:00 PM,Mid-Block (not related to intersection),14.0,"MOTOR VEHICLE STRUCK MOTOR VEHICLE, REAR END",,0,Clear or Partly Cloudy,Dry,Daylight,,5294025.0,,32,One parked--one moving,0,0,N,110.67754682176857,474
119343,-122.31264803033451,47.71850674317082,120344,134677,134677,3504431,Matched,Block,,15TH AVE NE BETWEEN NE 123RD ST AND NE 125TH ST,,,1,Property Damage Only Collision,Angles,4,0,0,2,0,0,0,2012-05-23T00:00:00.000Z,5/23/2012 4:42:00 PM,Driveway Junction,11.0,"MOTOR VEHICLE STRUCK MOTOR VEHICLE, FRONT END AT ANGLE",,N,Overcast,Dry,Daylight,,12144016.0,,10,Entering at angle,0,0,N,141.23019905182272,552
177118,-122.30167602886402,47.628720695605146,179119,231583,231983,3771807,Matched,Block,,24TH AVE E BETWEEN TURNER WAY E AND E PROSPECT ST, ,,1,Property Damage Only Collision,Other,1,0,0,1,0,0,0,2016-11-09T00:00:00.000Z,11/9/2016 11:47:00 AM,Mid-Block (not related to intersection),0.0,NOT ENOUGH INFORMATION / NOT APPLICABLE,,N,Clear or Partly Cloudy,Wet,Daylight,,,,50,Fixed object,0,0,N,262.7534461726694,277
71220,-122.34694325773887,47.642255124403675,70221,84269,84269,2791145,Matched,Intersection,28085.0,AURORA AVE N AND HALLADAY ST,,,1,Property Damage Only Collision,Rear Ended,2,0,0,2,0,0,0,2008-04-21T00:00:00.000Z,4/21/2008 9:19:00 AM,At Intersection (intersection related),14.0,"MOTOR VEHICLE STRUCK MOTOR VEHICLE, REAR END",Y,0,Clear or Partly Cloudy,Dry,Daylight,,8112022.0,,74,Same direction -- both turning right -- one stopped -- rear end,0,0,N,323.3518895702521,607
33388,-122.34669611497443,47.64225520257651,33389,47467,47467,1932985,Matched,Block,,HALLADAY ST BETWEEN AURORA AVE N AND BIRCH AVE N,,,2,Injury Collision,Rear Ended,2,0,0,2,1,0,0,2005-07-18T00:00:00.000Z,7/18/2005 12:34:00 PM,Mid-Block (but intersection related),14.0,"MOTOR VEHICLE STRUCK MOTOR VEHICLE, REAR END",,0,Clear or Partly Cloudy,Dry,Daylight,,5199032.0,,14,From same direction - both going straight - one stopped - rear-end,0,0,N,335.1422185314479,607
60324,-122.2915516022037,47.54613611730557,60325,74754,74754,2794406,Matched,Intersection,33643.0,32ND AVE S AND S GRAHAM ST,,,1,Property Damage Only Collision,Rear Ended,2,0,0,2,0,0,0,2007-06-15T00:00:00.000Z,6/15/2007 7:36:00 AM,At Intersection (intersection related),14.0,"MOTOR VEHICLE STRUCK MOTOR VEHICLE, REAR END",Y,0,Raining,Wet,Daylight,,7166006.0,,14,From same direction - both going straight - one stopped - rear-end,0,0,N,411.9374864160547,14
168847,-122.28020518161308,47.5536568878925,168848,211057,211297,E503195,Matched,Block,,RAINIER AVE S BETWEEN 42ND AVE S AND S BRANDON ST, ,,2,Injury Collision,Left Turn,2,0,0,2,1,0,0,2016-01-05T00:00:00.000Z,1/5/2016 11:52:00 AM,Mid-Block (not related to intersection),11.0,"MOTOR VEHICLE STRUCK MOTOR VEHICLE, FRONT END AT ANGLE",,N,Raining,Wet,Daylight,,,,28,From opposite direction - one left turn - one straight,0,0,N,195.76232594350915,205