,X,Y,OBJECTID,INCKEY,COLDETKEY,REPORTNO,STATUS,ADDRTYPE,INTKEY,LOCATION,EXCEPTRSNCODE,EXCEPTRSNDESC,SEVERITYCODE,SEVERITYDESC,COLLISIONTYPE,PERSONCOUNT,PEDCOUNT,PEDCYLCOUNT,VEHCOUNT,INJURIES,SERIOUSINJURIES,FATALITIES,INCDATE,INCDTTM,JUNCTIONTYPE,SDOT_COLCODE,SDOT_COLDESC,INATTENTIONIND,UNDERINFL,WEATHER,ROADCOND,LIGHTCOND,PEDROWNOTGRNT,SDOTCOLNUM,SPEEDING,ST_COLCODE,ST_COLDESC,SEGLANEKEY,CROSSWALKKEY,HITPARKEDCAR,CLOSEST_CIRCLE_DIST,CLOSEST_CIRCLE_INDEX
105552,-122.36064854000686,47.689111501728476,105553,118712,118712,3552526,Matched,Intersection,24048.0,3RD AVE NW AND NW 83RD ST,,,2,Injury Collision,Angles,4,0,0,2,4,0,0,2011-07-31T00:00:00.000Z,7/31/2011 4:16:00 PM,At Intersection (intersection related),11.0,"MOTOR VEHICLE STRUCK MOTOR VEHICLE, FRONT END AT ANGLE",,0,Clear or Partly Cloudy,Dry,Daylight,,11212012.0,,10,Entering at angle,0,0,N,200.61338606662719,629
196494,-122.34500193408064,47.61365459902272,196495,286127,286987,3811962,Matched,Block,,2ND AVE BETWEEN BLANCHARD ST AND BELL ST, ,,1,Property Damage Only Collision,Parked Car,2,0,0,2,0,0,0,2018-05-09T00:00:00.000Z,5/9/2018 9:25:00 PM,Mid-Block (not related to intersection),15.0,"MOTOR VEHICLE STRUCK MOTOR VEHICLE, RIGHT SIDE SIDESWIPE",,N,Clear or Partly Cloudy,Dry,Dark - Street Lights On,,,,20,One car leaving parked position,0,0,N,1364.2953403500203,185
183867,-122.33943917646894,47.564499796359776,183868,238666,239106,3756343,Matched,Intersection,32189.0,EAST MARGINAL WAY S AND S IDAHO ST, ,,1,Property Damage Only Collision,Rear Ended,2,0,0,2,0,0,0,2017-04-04T00:00:00.000Z,4/4/2017 5:59:00 AM,At Intersection (intersection related),14.0,"MOTOR VEHICLE STRUCK MOTOR VEHICLE, REAR END",,N,Clear or Partly Cloudy,Dry,Dawn,,,,14,From same direction - both going straight - one stopped - rear-end,0,0,N,1766.4255489643447,512
196321,-122.27425354973545,47.522832220595454,196322,274078,274918,E771904,Matched,Block,,46TH AVE S BETWEEN S HENDERSON ST AND S DIRECTOR ST,NEI,"Not Enough Information, or Insufficient Location Information",1,Property Damage Only Collision,Parked Car,2,0,0,2,0,0,0,2018-01-19T00:00:00.000Z,1/19/2018 3:30:00 PM,,0.0,NOT ENOUGH INFORMATION / NOT APPLICABLE,,N,Raining,Wet,Daylight,,,,32,One parked--one moving,0,0,Y,962.4592125604397,60
199685,-122.3348021900362,47.6048017324241,200686,292459,293399,E807010,Matched,Block,,2ND AVE BETWEEN MARION ST AND MADISON ST, ,,1,Property Damage Only Collision,Rear Ended,3,0,0,3,0,0,0,2018-06-11T00:00:00.000Z,6/11/2018 1:06:00 PM,Mid-Block (not related to intersection),14.0,"MOTOR VEHICLE STRUCK MOTOR VEHICLE, REAR END",,N,Clear or Partly Cloudy,Dry,Daylight,,,,14,From same direction - both going straight - one stopped - rear-end,0,0,N,991.3340351146192,762
128390,-122.36048457323703,47.620291957391494,126391,141151,141151,3465691,Matched,Block,,ELLIOTT AVE W BETWEEN ELLIOTT ER AVE W AND W THOMAS S ST,,,1,Property Damage Only Collision,Sideswipe,3,0,0,2,0,0,0,2012-12-07T00:00:00.000Z,12/7/2012 3:07:00 PM,Mid-Block (but intersection related),11.0,"MOTOR VEHICLE STRUCK MOTOR VEHICLE, FRONT END AT ANGLE",,N,Raining,Wet,Daylight,,12342012.0,,11,From same direction - both going straight - both moving - sideswipe,0,0,N,950.9895310611462,663
117971,-122.38758469097247,47.684971376456566,117972,133671,133671,3554084,Matched,Intersection,23883.0,24TH AVE NW AND NW 77TH ST,,,2b,Serious Injury Collision,Angles,3,0,0,2,2,1,0,2012-11-05T00:00:00.000Z,11/5/2012 3:28:00 AM,At Intersection (intersection related),14.0,"MOTOR VEHICLE STRUCK MOTOR VEHICLE, REAR END",,N,Overcast,Wet,Dark - Street Lights On,,12310005.0,,10,Entering at angle,0,0,N,245.07627529953962,605
29181,-122.3393757500096,47.61853819160609,29182,43521,43521,1074394,Matched,Intersection,29511.0,9TH AVE AND DENNY WAY,,,1,Property Damage Only Collision,Left Turn,2,0,0,2,0,0,0,2005-10-18T00:00:00.000Z,10/18/2005 5:22:00 PM,At Intersection (intersection related),11.0,"MOTOR VEHICLE STRUCK MOTOR VEHICLE, FRONT END AT ANGLE",,0,Clear or Partly Cloudy,Dry,Daylight,,5291001.0,,15,From same direction - one left turn - one straight,0,0,N,1068.169636713924,55
151172,-122.33486718071192,47.6152834716801,152173,184262,184342,3732434,Matched,Block,,STEWART ST BETWEEN 8TH AVE AND 9TH AVE, ,,1,Property Damage Only Collision,Parked Car,2,0,0,2,0,0,0,2015-01-21T00:00:00.000Z,1/21/2015 10:00:00 AM,Mid-Block (not related to intersection),14.0,"MOTOR VEHICLE STRUCK MOTOR VEHICLE, REAR END",,N,Clear or Partly Cloudy,Dry,Daylight,,,,32,One parked--one moving,0,0,N,653.4256985570745,185
10953,-122.3029095044632,47.58454186395323,10954,24444,24444,1786025,Matched,Intersection,31562.0,23RD AVE S AND RAINIER AVE S,,,1,Property Damage Only Collision,Angles,2,0,0,2,0,0,0,2004-01-12T00:00:00.000Z,1/12/2004 2:30:00 PM,At Intersection (intersection related),11.0,"MOTOR VEHICLE STRUCK MOTOR VEHICLE, FRONT END AT ANGLE",,0,Overcast,Dry,Daylight,,4012033.0,,10,Entering at angle,0,0,N,140.56108292641835,545
64772,-122.35002298150259,47.663588018892405,64773,79164,79164,2829900,Matched,Intersection,25670.0,FREMONT AVE N AND N 48TH ST,,,2,Injury Collision,Angles,2,0,0,2,1,0,0,2007-07-08T00:00:00.000Z,7/8/2007,At Intersection (intersection related),11.0,"MOTOR VEHICLE STRUCK MOTOR VEHICLE, FRONT END AT ANGLE",,0,Clear or Partly Cloudy,Dry,Daylight,,7189013.0,,10,Entering at angle,0,0,N,134.55907744337085,163
92980,-122.33416192705124,47.626166047462085,92981,108201,108201,3325857,Matched,Block,,FAIRVIEW AVE N BETWEEN VALLEY UPPER ST AND FAIRVIEW PL N,,,1,Property Damage Only Collision,Sideswipe,3,0,0,2,0,0,0,2010-05-04T00:00:00.000Z,5/4/2010 3:55:00 PM,Mid-Block (not related to intersection),11.0,"MOTOR VEHICLE STRUCK MOTOR VEHICLE, FRONT END AT ANGLE",,N,Overcast,Dry,Daylight,,10124032.0,,11,From same direction - both going straight - both moving - sideswipe,0,0,N,763.6377720625774,868
158773,-122.29155345858435,47.62248094108461,159774,196870,196990,3707452,Matched,Block,,E HARRISON ST BETWEEN 31ST AVE E AND 32ND AVE E, ,,1,Property Damage Only Collision,Parked Car,2,0,0,2,0,0,0,2015-07-03T00:00:00.000Z,7/3/2015 11:28:00 AM,Mid-Block (not related to intersection),11.0,"MOTOR VEHICLE STRUCK MOTOR VEHICLE, FRONT END AT ANGLE",,N,Clear or Partly Cloudy,Dry,Daylight,,,,32,One parked--one moving,0,0,N,353.57429692626266,987
72583,-122.35260895173016,47.678268978534966,72584,86657,86657,2894074,Matched,Block,,DAYTON AVE N BETWEEN N 67TH ST AND N 68TH ST,,,2,Injury Collision,Cycles,2,0,1,1,1,0,0,2008-10-29T00:00:00.000Z,10/29/2008 7:10:00 AM,Mid-Block (but intersection related),14.0,"MOTOR VEHICLE STRUCK MOTOR VEHICLE, REAR END",,0,Clear or Partly Cloudy,Dry,Dawn,,8303005.0,,45,Vehicle - Pedalcyclist,0,0,N,51.1492435278858,329
189001,-122.29022428935345,47.62751774956789,189002,250658,251258,E696548,Unmatched,Block,,E MADISON ST BETWEEN 32ND AVE E AND 33RD AVE E, ,,1,Property Damage Only Collision,,2,0,0,0,0,0,0,2017-07-29T00:00:00.000Z,7/29/2017,Mid-Block (not related to intersection),0.0,NOT ENOUGH INFORMATION / NOT APPLICABLE,,,,,,,,, ,,0,0,Y,464.12456212674965,765
200838,-122.32154145984535,47.61990296080325,198839,295299,296399,3745958,Matched,Block,,E OLIVE WAY BETWEEN HARVARD AVE E AND BROADWAY E, ,,1,Property Damage Only Collision,Parked Car,2,0,0,2,0,0,0,2018-07-03T00:00:00.000Z,7/3/2018 3:48:00 PM,Mid-Block (not related to intersection),26.0,MOTOR VEHICLE STRUCK OBJECT IN ROAD,Y,N,Clear or Partly Cloudy,Dry,Daylight,,,,32,One parked--one moving,0,0,N,139.17552601050508,957
103256,-122.36095972598282,47.541220481559655,103257,116492,116492,3287956,Matched,Block,,DELRIDGE WAY SW BETWEEN SW WILLOW ST AND CROFT PL SW,,,2b,Serious Injury Collision,Head On,4,0,0,2,1,1,0,2010-02-10T00:00:00.000Z,2/10/2010 8:02:00 AM,Driveway Junction,11.0,"MOTOR VEHICLE STRUCK MOTOR VEHICLE, FRONT END AT ANGLE",Y,N,Clear or Partly Cloudy,Dry,Daylight,,10041018.0,,24,From opposite direction - both moving - head-on,0,0,N,362.7693408295828,846
135914,-122.39285829690594,47.668654849597424,136915,157670,157690,3582180,Matched,Intersection,25226.0,28TH AVE NW AND NW MARKET ST, ,,2,Injury Collision,Pedestrian,2,1,0,1,1,0,0,2013-11-26T00:00:00.000Z,11/26/2013 1:28:00 PM,At Intersection (intersection related),24.0,MOTOR VEHCILE STRUCK PEDESTRIAN,,N,Clear or Partly Cloudy,Dry,Daylight,Y,,,2,Vehicle turning left hits pedestrian,0,630789,N,89.80544265737329,22
45995,-122.31759494058235,47.69810777959465,45996,60071,60071,C673584,Matched,Block,,ROOSEVELT WAY NE BETWEEN NE 95TH ST AND NE 96TH ST,,,1,Property Damage Only Collision,Parked Car,2,0,0,2,0,0,0,2006-08-17T00:00:00.000Z,8/17/2006 4:50:00 PM,Mid-Block (not related to intersection),12.0,"MOTOR VEHICLE STRUCK MOTOR VEHICLE, RIGHT SIDE AT ANGLE",,0,Clear or Partly Cloudy,Dry,Daylight,,6229040.0,,32,One parked--one moving,0,0,N,211.14171833901884,218
63656,-122.32552148974472,47.61465225969978,63657,79387,79387,C709199,Matched,Block,,SUMMIT AVE BETWEEN E PIKE ST AND E PINE ST,,,2,Injury Collision,Other,2,0,0,2,1,0,0,2008-08-28T00:00:00.000Z,8/28/2008 9:15:00 AM,Driveway Junction,11.0,"MOTOR VEHICLE STRUCK MOTOR VEHICLE, FRONT END AT ANGLE",,0,Clear or Partly Cloudy,Dry,Daylight,,8241045.0,,22,One car leaving driveway access,0,0,N,187.8471622192327,55
96578,-122.34073302401129,47.733220169713405,96579,110217,110217,3333966,Matched,Block,,ROSLYN PL N BETWEEN N 143RD ST AND N 145TH ST,,,1,Property Damage Only Collision,Other,1,0,0,1,0,0,0,2010-10-31T00:00:00.000Z,10/31/2010 2:00:00 AM,Mid-Block (not related to intersection),14.0,"MOTOR VEHICLE STRUCK MOTOR VEHICLE, REAR END",,N,Overcast,Wet,Dark - Street Lights On,,10304015.0,,51,Other object,0,0,N,128.77711089551408,337
155429,-122.3184376660862,47.59750452395298,156430,192784,192864,3707196,Matched,Block,,S WELLER ST BETWEEN 10TH AVE S AND 12TH AVE S, ,,1,Property Damage Only Collision,Parked Car,2,0,0,2,0,0,0,2015-05-11T00:00:00.000Z,5/11/2015 7:49:00 AM,Mid-Block (not related to intersection),14.0,"MOTOR VEHICLE STRUCK MOTOR VEHICLE, REAR END",,N,Overcast,Dry,Daylight,,,,32,One parked--one moving,0,0,Y,515.4765913003137,956
90155,-122.33674724053915,47.68630288581042,90156,105231,105231,09359014,Unmatched,Block,,WALLINGFORD AVE N BETWEEN EAST GREEN LAKE DR N AND N 80TH ST,,,0,Unknown,,0,0,0,0,0,0,0,2009-12-25T00:00:00.000Z,12/25/2009,Mid-Block (not related to intersection),14.0,"MOTOR VEHICLE STRUCK MOTOR VEHICLE, REAR END",,,,,,,9359014.0,,,,0,0,N,322.72550282876557,867
99568,-122.32611688620342,47.610407463799156,99569,115295,115295,3326484,Matched,Block,,BOREN AVE BETWEEN SPRING ST AND SENECA ST,,,2,Injury Collision,Sideswipe,3,0,0,3,2,0,0,2010-08-16T00:00:00.000Z,8/16/2010 4:55:00 PM,Mid-Block (not related to intersection),11.0,"MOTOR VEHICLE STRUCK MOTOR VEHICLE, FRONT END AT ANGLE",,N,Clear or Partly Cloudy,Dry,Daylight,,10228022.0,,26,From opposite direction - both going straight - sideswipe,0,0,N,108.60004189256904,762
171002,-122.26853192710828,47.51684229692968,171003,214782,215042,E517012,Matched,Block,,S ROXBURY ST BETWEEN RENTON AVE S AND 52ND AVE S, ,,2,Injury Collision,Rear Ended,2,0,0,2,1,0,0,2016-01-24T00:00:00.000Z,1/24/2016 5:45:00 PM,Mid-Block (not related to intersection),14.0,"MOTOR VEHICLE STRUCK MOTOR VEHICLE, REAR END",,N,Clear or Partly Cloudy,Dry,Dark - Street Lights On,,,,14,From same direction - both going straight - one stopped - rear-end,0,0,N,494.18459292331073,60
12500,-122.32725022505704,47.661354746959546,12501,26219,26219,1774309,Matched,Intersection,27182.0,2ND AVE NE AND NE 45TH ST,,,2,Injury Collision,Sideswipe,3,0,0,2,2,0,0,2004-07-07T00:00:00.000Z,7/7/2004,At Intersection (intersection related),11.0,"MOTOR VEHICLE STRUCK MOTOR VEHICLE, FRONT END AT ANGLE",,0,Clear or Partly Cloudy,Dry,Dark - Street Lights On,,4189010.0,,11,From same direction - both going straight - both moving - sideswipe,0,0,N,125.67279356729452,384
25275,-122.30325804278195,47.58502093997762,25276,39382,39382,2025778,Matched,Block,,RAINIER AVE S BETWEEN S PLUM ST AND 23RD AVE S,,,1,Property Damage Only Collision,Other,2,0,0,2,0,0,0,2005-07-19T00:00:00.000Z,7/19/2005 2:50:00 AM,Driveway Junction,11.0,"MOTOR VEHICLE STRUCK MOTOR VEHICLE, FRONT END AT ANGLE",,0,Clear or Partly Cloudy,Dry,Dark - Street Lights On,,5200018.0,,22,One car leaving driveway access,0,0,N,168.53656601670272,545
91777,-122.34456064833552,47.693822034501935,91778,106190,106190,3206414,Matched,Block,,AURORA AVE N BETWEEN N 89TH ST AND N 90TH ST,,,1,Property Damage Only Collision,Parked Car,3,0,0,3,0,0,0,2009-05-10T00:00:00.000Z,5/10/2009 10:54:00 PM,Mid-Block (not related to intersection),14.0,"MOTOR VEHICLE STRUCK MOTOR VEHICLE, REAR END",,1,Overcast,Dry,Dark - Street Lights On,,9130020.0,,32,One parked--one moving,0,0,N,180.7629999004282,1008
10667,-122.32790375541016,47.61523842026632,10668,24927,24927,1217277,Matched,Intersection,29863.0,MELROSE AVE AND PINE ST,,,2,Injury Collision,Left Turn,2,0,0,2,1,0,0,2004-08-10T00:00:00.000Z,8/10/2004 11:25:00 AM,At Intersection (intersection related),11.0,"MOTOR VEHICLE STRUCK MOTOR VEHICLE, FRONT END AT ANGLE",,0,Clear or Partly Cloudy,Dry,Daylight,,4223039.0,,28,From opposite direction - one left turn - one straight,0,0,N,215.74145078253298,55
17260,-122.33163083600395,47.57981267021737,17261,31294,31294,04044041,Unmatched,Block,,S LANDER ST BETWEEN OCCIDENTAL AVE S AND 3RD AVE S,,,0,Unknown,,0,0,0,0,0,0,0,2004-02-13T00:00:00.000Z,2/13/2004,Mid-Block (not related to intersection),11.0,"MOTOR VEHICLE STRUCK MOTOR VEHICLE, FRONT END AT ANGLE",,,,,,,4044041.0,,,,0,0,N,1275.2026234860894,818
36444,-122.34802566587454,47.61309055742292,34445,48534,48534,2410851,Matched,Block,,WESTERN AVE BETWEEN BELL ST AND BATTERY ST,,,1,Property Damage Only Collision,Rear Ended,2,0,0,2,0,0,0,2006-06-20T00:00:00.000Z,6/20/2006 11:40:00 AM,Mid-Block (not related to intersection),14.0,"MOTOR VEHICLE STRUCK MOTOR VEHICLE, REAR END",Y,0,Clear or Partly Cloudy,Dry,Daylight,,6171011.0,,14,From same direction - both going straight - one stopped - rear-end,0,0,N,1476.4612322221722,422
68308,-122.32901726740255,47.657940083629725,68309,83485,83485,2802523,Matched,Intersection,27213.0,EASTERN AVE N AND N 42ND ST,,,1,Property Damage Only Collision,Angles,3,0,0,2,0,0,0,2008-06-04T00:00:00.000Z,6/4/2008,At Intersection (intersection related),11.0,"MOTOR VEHICLE STRUCK MOTOR VEHICLE, FRONT END AT ANGLE",,0,Clear or Partly Cloudy,Dry,Daylight,,8156020.0,,10,Entering at angle,0,0,N,89.60289156541182,65
137403,-122.3032796196893,47.67577571039893,137404,155845,155865,3342192,Unmatched,Block,,NE 65TH ST BETWEEN RAVENNA AVE NE AND 23RD AVE NE, ,,0,Unknown,,0,0,0,0,0,0,0,2013-10-19T00:00:00.000Z,10/19/2013,Mid-Block (not related to intersection),0.0,NOT ENOUGH INFORMATION / NOT APPLICABLE,,,,,,,,, ,,0,0,N,116.80033891216918,815
63947,-122.35605859211012,47.62458061907178,63948,78063,78063,2804791,Matched,Block,,MERCER ST BETWEEN QUEEN ANNE AVE N AND 1ST AVE N,,,1,Property Damage Only Collision,Rear Ended,3,0,0,3,0,0,0,2007-09-14T00:00:00.000Z,9/14/2007 8:35:00 PM,Mid-Block (not related to intersection),14.0,"MOTOR VEHICLE STRUCK MOTOR VEHICLE, REAR END",Y,0,Clear or Partly Cloudy,Dry,Dusk,,7257025.0,,14,From same direction - both going straight - one stopped - rear-end,0,0,N,393.8794275901731,663
168108,-122.29793213845169,47.62229674256135,168109,210782,211022,E485543,Matched,Block,,E MADISON ST BETWEEN 26TH AVE E AND 27TH S AVE E, ,,1,Property Damage Only Collision,Rear Ended,0,0,0,2,0,0,0,2015-11-23T00:00:00.000Z,11/23/2015 6:19:00 PM,Mid-Block (not related to intersection),14.0,"MOTOR VEHICLE STRUCK MOTOR VEHICLE, REAR END",,N,Raining,Wet,Dark - Street Lights On,,,,14,From same direction - both going straight - one stopped - rear-end,0,0,N,239.16569919875766,635
146555,-122.36968180139247,47.662932905770255,147556,174456,174476,3700497,Matched,Block,,NW BALLARD WAY BETWEEN LEARY WAY NW AND 11TH AVE NW, ,,1,Property Damage Only Collision,Parked Car,2,0,0,2,0,0,0,2014-08-26T00:00:00.000Z,8/26/2014 8:00:00 PM,Mid-Block (not related to intersection),0.0,NOT ENOUGH INFORMATION / NOT APPLICABLE,,N,Clear or Partly Cloudy,Dry,Dark - Street Lights On,,,,32,One parked--one moving,0,0,N,317.4640837495367,206
189427,-122.33620564034997,47.70685410243382,189428,248369,248949,E668019,Unmatched,Intersection,36357.0,N 107TH ST AND N NORTHGATE WAY, ,,1,Property Damage Only Collision,,3,0,0,0,0,0,0,2017-05-04T00:00:00.000Z,5/4/2017,At Intersection (intersection related),11.0,"MOTOR VEHICLE STRUCK MOTOR VEHICLE, FRONT END AT ANGLE",,,,,,,,, ,,0,0,N,98.20712790168312,924
184502,-122.36046004550563,47.52828360348683,184503,241752,242192,E677299,Matched,Intersection,34843.0,DELRIDGE WAY SW AND SW THISTLE ST, ,,1,Property Damage Only Collision,Angles,2,0,0,2,0,0,0,2017-06-01T00:00:00.000Z,6/1/2017 8:36:00 AM,At Intersection (intersection related),11.0,"MOTOR VEHICLE STRUCK MOTOR VEHICLE, FRONT END AT ANGLE",,N,Raining,Wet,Daylight,,,,10,Entering at angle,0,0,N,101.88822937771984,195
138777,-122.34024417925123,47.608724418838975,138778,159410,159430,3641396,Matched,Block,,PIKE ST BETWEEN PIKE PL AND 1ST AVE, ,,1,Property Damage Only Collision,Parked Car,2,0,0,2,0,0,0,2013-12-31T00:00:00.000Z,12/31/2013 1:01:00 PM,Mid-Block (not related to intersection),11.0,"MOTOR VEHICLE STRUCK MOTOR VEHICLE, FRONT END AT ANGLE",Y,N,Overcast,Wet,Daylight,,,,19,One car entering parked position,0,0,N,1109.3257479628671,185
132484,-122.3660017307982,47.68693635775332,130485,146248,146268,3501335,Matched,Intersection,24137.0,8TH AVE NW AND NW 80TH ST, ,,1,Property Damage Only Collision,Angles,3,0,0,3,0,0,0,2013-05-14T00:00:00.000Z,5/14/2013 5:37:00 PM,At Intersection (intersection related),11.0,"MOTOR VEHICLE STRUCK MOTOR VEHICLE, FRONT END AT ANGLE",,N,Clear or Partly Cloudy,Dry,Daylight,,,,10,Entering at angle,0,0,N,216.54244056366682,805
96579,-122.3060941769167,47.54540983055274,96580,110084,110084,3372764,Matched,Intersection,34378.0,SWIFT AVE S AND S EDDY ST,,,1,Property Damage Only Collision,Rear Ended,3,0,0,2,0,0,0,2010-12-24T00:00:00.000Z,12/24/2010 3:24:00 PM,At Intersection (but not related to intersection),14.0,"MOTOR VEHICLE STRUCK MOTOR VEHICLE, REAR END",,N,Raining,Wet,Daylight,,10358014.0,,14,From same direction - both going straight - one stopped - rear-end,0,0,N,637.6010551811426,525
183528,-122.28220845265307,47.674876408144684,183529,237360,237800,3694080,Matched,Block,,43RD AVE NE BETWEEN NE 62ND ST AND NE 65TH ST, ,,2,Injury Collision,Parked Car,2,0,0,2,1,0,0,2017-03-23T00:00:00.000Z,3/23/2017 9:41:00 PM,Driveway Junction,11.0,"MOTOR VEHICLE STRUCK MOTOR VEHICLE, FRONT END AT ANGLE",,Y,Raining,Dry,Dark - Street Lights On,,,,32,One parked--one moving,0,0,N,226.11981542847434,83
13172,-122.33975127127506,47.62321406543728,13173,26664,26664,1482689,Matched,Intersection,28773.0,9TH AVE N AND REPUBLICAN ST,,,2,Injury Collision,Angles,5,0,0,2,5,0,0,2004-10-17T00:00:00.000Z,10/17/2004 9:46:00 AM,At Intersection (intersection related),11.0,"MOTOR VEHICLE STRUCK MOTOR VEHICLE, FRONT END AT ANGLE",,0,Raining,Wet,Other,,4291036.0,,10,Entering at angle,0,0,N,661.7408999308678,272
84800,-122.2880114030806,47.56345799869237,84801,100913,100913,3296794,Matched,Block,,RAINIER AVE S BETWEEN S GENESEE S ST AND S OREGON ST,,,1,Property Damage Only Collision,Sideswipe,2,0,0,2,0,0,0,2009-03-26T00:00:00.000Z,3/26/2009 7:10:00 PM,Mid-Block (not related to intersection),11.0,"MOTOR VEHICLE STRUCK MOTOR VEHICLE, FRONT END AT ANGLE",,0,Clear or Partly Cloudy,Dry,Dusk,,9085014.0,,11,From same direction - both going straight - both moving - sideswipe,0,0,N,241.89060344303286,683
147602,-122.33638893203778,47.602116695799616,146603,173420,173440,3705051,Matched,Block,,ALASKAN E RDWY WAY BETWEEN YESLER WAY AND COLUMBIA ST, ,,1,Property Damage Only Collision,Other,1,0,0,1,0,0,0,2014-07-25T00:00:00.000Z,7/25/2014 3:17:00 AM,Mid-Block (not related to intersection),26.0,MOTOR VEHICLE STRUCK OBJECT IN ROAD,,Y,Clear or Partly Cloudy,Dry,Dark - Street Lights On,,,,50,Fixed object,0,0,N,1283.375147972641,762
26069,-122.31296557387152,47.57163047429316,26070,40252,40252,1793391,Matched,Block,,S SPOKANE ST BETWEEN 15TH AVE S AND 16TH AVE S,,,2,Injury Collision,Rear Ended,3,0,0,2,1,0,0,2005-01-10T00:00:00.000Z,1/10/2005 6:09:00 PM,Mid-Block (but intersection related),14.0,"MOTOR VEHICLE STRUCK MOTOR VEHICLE, REAR END",,0,Clear or Partly Cloudy,Dry,Dark - Street Lights On,,5010011.0,,14,From same direction - both going straight - one stopped - rear-end,0,0,N,302.1517712609265,783
167223,-122.37419372577921,47.5640755999305,167224,213679,213939,3588002,Matched,Block,,SW AVALON WAY BETWEEN SW GENESEE ST AND 35TH AVE SW, ,,1,Property Damage Only Collision,Parked Car,2,0,0,2,0,0,0,2016-02-17T00:00:00.000Z,2/17/2016 12:11:00 PM,Mid-Block (not related to intersection),11.0,"MOTOR VEHICLE STRUCK MOTOR VEHICLE, FRONT END AT ANGLE",,N,Clear or Partly Cloudy,Dry,Daylight,,,,20,One car leaving parked position,0,0,N,363.0925241770306,405
35070,-122.35001368697992,47.699180644687004,36071,50389,50389,2400408,Matched,Block,,FREMONT AVE N BETWEEN N 96TH ST AND N 97TH ST,,,1,Property Damage Only Collision,Parked Car,2,0,0,2,0,0,0,2006-05-16T00:00:00.000Z,5/16/2006 6:06:00 AM,Mid-Block (not related to intersection),12.0,"MOTOR VEHICLE STRUCK MOTOR VEHICLE, RIGHT SIDE AT ANGLE",,0,Clear or Partly Cloudy,Dry,Unknown,,6136023.0,,32,One parked--one moving,0,0,N,50.490982978502515,108
154826,-122.35439478100649,47.670471583065826,154827,185984,186064,3706829,Matched,Block,,PHINNEY AVE N BETWEEN N 56TH ST AND N 58TH ST, ,,1,Property Damage Only Collision,Rear Ended,5,0,0,3,0,0,0,2015-02-22T00:00:00.000Z,2/22/2015 11:35:00 AM,Mid-Block (not related to intersection),14.0,"MOTOR VEHICLE STRUCK MOTOR VEHICLE, REAR END",Y,N,Overcast,Dry,Daylight,,,,13,From same direction - both going straight - both moving - rear-end,0,0,N,73.15504156634067,970
60840,-122.3341945052489,47.59239571705601,60841,75556,75556,2804532,Matched,Intersection,30384.0,1ST AVE S AND S ROYAL BROUGHAM WAY,,,1,Property Damage Only Collision,Sideswipe,2,0,0,2,0,0,0,2007-09-04T00:00:00.000Z,9/4/2007,At Intersection (intersection related),11.0,"MOTOR VEHICLE STRUCK MOTOR VEHICLE, FRONT END AT ANGLE",,0,Clear or Partly Cloudy,Dry,Daylight,,7247023.0,,71,Same direction -- both turning right -- both moving -- sideswipe,0,0,N,1623.427648577559,875
50060,-122.28690700812797,47.673059416676324,50061,64495,64495,2611309,Matched,Block,,38TH AVE NE BETWEEN NE 60TH ST AND NE 62ND ST,,,1,Property Damage Only Collision,Parked Car,2,0,0,2,0,0,0,2007-02-19T00:00:00.000Z,2/19/2007 11:47:00 PM,Mid-Block (not related to intersection),13.0,"MOTOR VEHICLE STRUCK MOTOR VEHICLE, LEFT SIDE AT ANGLE",,0,Raining,Wet,Dark - Street Lights On,,7050020.0,,32,One parked--one moving,0,0,N,196.65607275426,455
140507,-122.31745114315427,47.6621980426651,139508,159924,159944,3504661,Matched,Block,,ROOSEVELT WAY NE BETWEEN NE 45TH ST AND NE 47TH ST, ,,1,Property Damage Only Collision,Parked Car,2,0,0,2,0,0,0,2014-01-09T00:00:00.000Z,1/9/2014 9:15:00 PM,Mid-Block (not related to intersection),11.0,"MOTOR VEHICLE STRUCK MOTOR VEHICLE, FRONT END AT ANGLE",,N,Unknown,Unknown,Dark - Street Lights On,,,,32,One parked--one moving,0,0,N,125.16494429609723,785
62545,-122.34931059451469,47.66213443535183,62546,77398,77398,2611649,Matched,Block,,N 46TH ST BETWEEN FREMONT AVE N AND LINDEN AVE N,,,1,Property Damage Only Collision,Right Turn,2,0,0,2,0,0,0,2007-09-28T00:00:00.000Z,9/28/2007 8:20:00 AM,Mid-Block (but intersection related),11.0,"MOTOR VEHICLE STRUCK MOTOR VEHICLE, FRONT END AT ANGLE",,0,Clear or Partly Cloudy,Dry,Daylight,,7271008.0,,16,From same direction - one right turn - one straight,0,0,N,160.96015251972392,463
15840,-122.32142990230604,47.57391169142232,16841,30637,30637,1059920,Unmatched,Block,,AIRPORT WAY S BETWEEN S HORTON S ST AND S HINDS ST,,,0,Unknown,,0,0,0,0,0,0,0,2004-12-24T00:00:00.000Z,12/24/2004,Mid-Block (not related to intersection),28.0,MOTOR VEHICLE RAN OFF ROAD - HIT FIXED OBJECT,,,,,,,4359003.0,,,,0,0,N,517.8488516325672,178