,X,Y,OBJECTID,INCKEY,COLDETKEY,REPORTNO,STATUS,ADDRTYPE,INTKEY,LOCATION,EXCEPTRSNCODE,EXCEPTRSNDESC,SEVERITYCODE,SEVERITYDESC,COLLISIONTYPE,PERSONCOUNT,PEDCOUNT,PEDCYLCOUNT,VEHCOUNT,INJURIES,SERIOUSINJURIES,FATALITIES,INCDATE,INCDTTM,JUNCTIONTYPE,SDOT_COLCODE,SDOT_COLDESC,INATTENTIONIND,UNDERINFL,WEATHER,ROADCOND,LIGHTCOND,PEDROWNOTGRNT,SDOTCOLNUM,SPEEDING,ST_COLCODE,ST_COLDESC,SEGLANEKEY,CROSSWALKKEY,HITPARKEDCAR,CLOSEST_CIRCLE_DIST,CLOSEST_CIRCLE_INDEX
140232,-122.32861177955971,47.629653976115854,139233,160769,160789,3574781,Matched,Block,,EASTLAKE AVE E BETWEEN PROSPECT ST AND E NELSON PL, ,,1,Property Damage Only Collision,Other,1,0,0,1,0,0,0,2014-01-30T00:00:00.000Z,1/30/2014 3:45:00 AM,Mid-Block (not related to intersection),28.0,MOTOR VEHICLE RAN OFF ROAD - HIT FIXED OBJECT,,N,Clear or Partly Cloudy,Dry,Dark - Street Lights On,,,,50,Fixed object,0,0,N,396.2703694031059,868
71376,-122.36093508344301,47.73142046400463,70377,85336,85336,2892935,Matched,Block,,3RD AVE NW BETWEEN NW 140TH ST AND NW 143RD ST,,,2,Injury Collision,Other,3,0,0,2,1,0,0,2008-03-31T00:00:00.000Z,3/31/2008 9:15:00 AM,Driveway Junction,11.0,"MOTOR VEHICLE STRUCK MOTOR VEHICLE, FRONT END AT ANGLE",,0,Clear or Partly Cloudy,Dry,Daylight,,8091021.0,,21,One car entering driveway access,0,0,N,224.91602187162852,94
75298,-122.32594438000477,47.61811142662006,74299,89651,89651,2882455,Matched,Block,,E OLIVE WAY BETWEEN E HOWELL ST AND E DENNY WAY,,,1,Property Damage Only Collision,Other,6,0,0,2,0,0,0,2008-05-09T00:00:00.000Z,5/9/2008,Mid-Block (but intersection related),11.0,"MOTOR VEHICLE STRUCK MOTOR VEHICLE, FRONT END AT ANGLE",,0,Overcast,Dry,Daylight,,8130030.0,,23,From same direction - all others,0,0,N,197.75519050444532,107
13223,-122.34398756026363,47.690558525976044,13224,26963,26963,1080030,Matched,Block,,N 85TH ST BETWEEN AURORA AVE N AND NESBIT AVE N,,,1,Property Damage Only Collision,Sideswipe,3,0,0,2,0,0,0,2004-07-02T00:00:00.000Z,7/2/2004,Mid-Block (not related to intersection),16.0,"MOTOR VEHICLE STRUCK MOTOR VEHICLE, LEFT SIDE SIDESWIPE",,1,Overcast,Dry,Daylight,,4184022.0,,11,From same direction - both going straight - both moving - sideswipe,0,0,N,205.52810172313912,1008
193234,-122.34456064833552,47.693822034501935,195235,265324,266124,3707650,Matched,Block,,AURORA AVE N BETWEEN N 89TH ST AND N 90TH ST, ,,1,Property Damage Only Collision,Sideswipe,3,0,0,2,0,0,0,2018-01-12T00:00:00.000Z,1/12/2018 9:57:00 PM,Mid-Block (not related to intersection),11.0,"MOTOR VEHICLE STRUCK MOTOR VEHICLE, FRONT END AT ANGLE",Y,N,Raining,Wet,Dark - Street Lights On,,,,11,From same direction - both going straight - both moving - sideswipe,0,0,N,180.7629999004282,1008
142742,-122.28492200367458,47.562301836167535,143743,168839,168859,3581079,Matched,Block,,38TH AVE S BETWEEN S OREGON ST AND S CONOVER WAY, ,,1,Property Damage Only Collision,Parked Car,2,0,0,2,0,0,0,2014-05-20T00:00:00.000Z,5/20/2014 12:24:00 PM,Mid-Block (not related to intersection),14.0,"MOTOR VEHICLE STRUCK MOTOR VEHICLE, REAR END",,N,Clear or Partly Cloudy,Dry,Daylight,,,,32,One parked--one moving,0,0,N,58.52235864651205,683
95758,-122.36810381960184,47.57148216375228,94759,108579,108579,2798349,Matched,Block,,WEST SEATTLE BR EB BETWEEN 26TH AV SW ON RP AND POINT A,,,1,Property Damage Only Collision,Sideswipe,4,0,0,2,0,0,0,2010-08-08T00:00:00.000Z,8/8/2010,Mid-Block (not related to intersection),14.0,"MOTOR VEHICLE STRUCK MOTOR VEHICLE, REAR END",,0,Overcast,Wet,Daylight,,10220028.0,Y,12,From same direction - both going straight - one stopped - sideswipe,0,0,N,699.6877917933347,252
113281,-122.3299887127517,47.58884565855261,113282,128629,128629,2825035,Matched,Block,,3RD AVE S BETWEEN S ROYAL BROUGHAM WAY BR AND S HOLGATE ST,,,1,Property Damage Only Collision,Angles,2,0,0,2,0,0,0,2011-12-13T00:00:00.000Z,12/13/2011 3:55:00 PM,Mid-Block (not related to intersection),11.0,"MOTOR VEHICLE STRUCK MOTOR VEHICLE, FRONT END AT ANGLE",,N,Overcast,Dry,Dusk,,11347028.0,,10,Entering at angle,0,0,N,1156.1649648007494,875
8862,-122.33778548243272,47.624550060881205,8863,22378,22378,1482710,Matched,Block,,MERCER SR ST BETWEEN WESTLAKE AVE N AND TERRY AVE N,,,2,Injury Collision,Rear Ended,2,0,0,2,1,0,0,2004-05-13T00:00:00.000Z,5/13/2004 9:50:00 AM,Mid-Block (but intersection related),14.0,"MOTOR VEHICLE STRUCK MOTOR VEHICLE, REAR END",,0,Clear or Partly Cloudy,Dry,Daylight,,4134019.0,,14,From same direction - both going straight - one stopped - rear-end,0,0,N,661.8643369325994,272
20093,-122.3775442758724,47.672361401992404,20094,33873,33873,C659004,Matched,Block,,NW 60TH ST BETWEEN 15TH AVE NW AND 17TH AVE NW,,,1,Property Damage Only Collision,Parked Car,2,0,0,2,0,0,0,2005-11-09T00:00:00.000Z,11/9/2005,Mid-Block (not related to intersection),11.0,"MOTOR VEHICLE STRUCK MOTOR VEHICLE, FRONT END AT ANGLE",,0,Overcast,Dry,Daylight,,5313045.0,,20,One car leaving parked position,0,0,N,100.42007570014735,377
198125,-122.38266772140378,47.6484569180685,197126,282597,283457,E784450,Unmatched,Block,,W DRAVUS ST BETWEEN 20TH AVE W AND 21ST AVE W,NEI,"Not Enough Information, or Insufficient Location Information",0,Unknown,,0,0,0,0,0,0,0,2018-03-29T00:00:00.000Z,3/29/2018,,0.0,NOT ENOUGH INFORMATION / NOT APPLICABLE,,,,,,,,, ,,0,0,Y,564.6209871899015,453
18751,-122.3032796196893,47.67577571039893,18752,32623,32623,C658113,Matched,Block,,NE 65TH ST BETWEEN RAVENNA AVE NE AND 23RD AVE NE,,,1,Property Damage Only Collision,Sideswipe,2,0,0,2,0,0,0,2005-10-26T00:00:00.000Z,10/26/2005 3:20:00 PM,Mid-Block (but intersection related),14.0,"MOTOR VEHICLE STRUCK MOTOR VEHICLE, REAR END",,0,Unknown,Dry,Daylight,,5299042.0,,11,From same direction - both going straight - both moving - sideswipe,0,0,N,116.80033891216918,815
172772,-122.33326934724009,47.579810298562144,169773,214875,215135,E517992,Matched,Intersection,31371.0,OCCIDENTAL AVE S AND S LANDER ST, ,,1,Property Damage Only Collision,Angles,3,0,0,2,0,0,0,2016-02-19T00:00:00.000Z,2/19/2016 4:29:00 PM,At Intersection (intersection related),11.0,"MOTOR VEHICLE STRUCK MOTOR VEHICLE, FRONT END AT ANGLE",,N,Clear or Partly Cloudy,Wet,Daylight,,,,10,Entering at angle,0,0,N,1398.4123336122748,818
115810,-122.31810763499828,47.605198980192405,115811,129616,129616,3376553,Matched,Intersection,29820.0,11TH AVE AND E TERRACE ST,,,1,Property Damage Only Collision,Angles,2,0,0,2,0,0,0,2011-01-01T00:00:00.000Z,1/1/2011 10:13:00 AM,At Intersection (intersection related),11.0,"MOTOR VEHICLE STRUCK MOTOR VEHICLE, FRONT END AT ANGLE",Y,N,Clear or Partly Cloudy,Dry,Daylight,,11001022.0,,10,Entering at angle,0,0,N,405.446973523842,855
130592,-122.34468119185519,47.70396347814516,132593,151422,151442,3592167,Unmatched,Block,,AURORA AVE N BETWEEN N 103RD N ST AND N 104TH ST, ,,0,Unknown,,0,0,0,0,0,0,0,2013-07-29T00:00:00.000Z,7/29/2013,,0.0,NOT ENOUGH INFORMATION / NOT APPLICABLE,,,,,,,,, ,,0,0,N,206.35708656526566,6
164088,-122.29915965981644,47.57967346285829,164089,204952,205092,E472271,Matched,Block,,RAINIER AVE S BETWEEN S BAYVIEW ST AND S MCCLELLAN ST, ,,1,Property Damage Only Collision,Rear Ended,0,0,0,2,0,0,0,2015-10-17T00:00:00.000Z,10/17/2015 11:40:00 AM,Mid-Block (not related to intersection),14.0,"MOTOR VEHICLE STRUCK MOTOR VEHICLE, REAR END",,N,Clear or Partly Cloudy,Dry,Daylight,,,,14,From same direction - both going straight - one stopped - rear-end,0,0,N,393.0608673962176,101
151357,-122.32022303785999,47.62614319916937,152358,185128,185208,3695258,Matched,Block,,10TH AVE E BETWEEN E ROY W ST AND E ALOHA ST, ,,1,Property Damage Only Collision,Parked Car,4,0,0,4,0,0,0,2015-02-09T00:00:00.000Z,2/9/2015 12:40:00 AM,Mid-Block (not related to intersection),13.0,"MOTOR VEHICLE STRUCK MOTOR VEHICLE, LEFT SIDE AT ANGLE",,N,Clear or Partly Cloudy,Dry,Dark - Street Lights On,,,,32,One parked--one moving,0,0,N,178.14145286977188,54
92607,-122.34504702847605,47.729583430502274,92608,106385,106385,3284759,Matched,Block,,AURORA AVE N BETWEEN N 137TH ST AND N 140TH ST,,,1,Property Damage Only Collision,Left Turn,2,0,0,2,0,0,0,2009-02-18T00:00:00.000Z,2/18/2009 5:18:00 PM,Mid-Block (not related to intersection),11.0,"MOTOR VEHICLE STRUCK MOTOR VEHICLE, FRONT END AT ANGLE",,0,Clear or Partly Cloudy,Dry,Daylight,,9049016.0,,28,From opposite direction - one left turn - one straight,0,0,N,418.85780748832326,753
54273,-122.29627141581487,47.71752334526128,54274,68543,68543,2830005,Matched,Block,,LAKE CITY WAY NE BETWEEN NE 123RD ST AND 30TH N AVE NE,,,1,Property Damage Only Collision,Rear Ended,2,0,0,2,0,0,0,2007-06-27T00:00:00.000Z,6/27/2007 6:57:00 AM,Mid-Block (but intersection related),14.0,"MOTOR VEHICLE STRUCK MOTOR VEHICLE, REAR END",,0,Clear or Partly Cloudy,Dry,Daylight,,7178021.0,,14,From same direction - both going straight - one stopped - rear-end,0,0,N,127.0073634920991,707
151907,-122.32498923023235,47.678757570659,152908,185157,185237,3575270,Matched,Intersection,24584.0,WOODLAWN AVE NE AND NE RAVENNA EB BV,NEI,"Not Enough Information, or Insufficient Location Information",2,Injury Collision,Pedestrian,2,1,0,1,1,0,0,2015-02-06T00:00:00.000Z,2/6/2015 1:11:00 PM,At Intersection (intersection related),24.0,MOTOR VEHCILE STRUCK PEDESTRIAN,,N,Overcast,Wet,Daylight,Y,,,2,Vehicle turning left hits pedestrian,0,524626,N,465.12542858765477,1036
73473,-122.29504167086672,47.59861521499993,73474,88141,88141,2882530,Matched,Block,,29TH AVE S BETWEEN S JACKSON ST AND S KING ST,,,1,Property Damage Only Collision,Parked Car,2,0,0,2,0,0,0,2008-05-10T00:00:00.000Z,5/10/2008 9:05:00 AM,Mid-Block (but intersection related),14.0,"MOTOR VEHICLE STRUCK MOTOR VEHICLE, REAR END",,0,Clear or Partly Cloudy,Dry,Dark - No Street Lights,,8131012.0,,32,One parked--one moving,0,0,N,112.55668507055475,87
53888,-122.34515003766359,47.65773599866182,53889,68584,68584,C682623,Matched,Block,,N 42ND ST BETWEEN WHITMAN E AVE N AND WOODLAND PK S AVE N,,,1,Property Damage Only Collision,Parked Car,2,0,0,2,0,0,0,2007-02-23T00:00:00.000Z,2/23/2007 6:00:00 PM,Mid-Block (not related to intersection),11.0,"MOTOR VEHICLE STRUCK MOTOR VEHICLE, FRONT END AT ANGLE",,0,Unknown,Dry,Dark - Street Lights On,,7054040.0,,32,One parked--one moving,0,0,N,110.63886823220767,583
98880,-122.2856311115602,47.54605724584301,98881,112666,112666,3383751,Matched,Intersection,33645.0,M L KING JR WR WAY S AND S GRAHAM ST,,,2,Injury Collision,Left Turn,5,0,0,2,3,0,0,2010-02-20T00:00:00.000Z,2/20/2010 2:20:00 PM,At Intersection (intersection related),11.0,"MOTOR VEHICLE STRUCK MOTOR VEHICLE, FRONT END AT ANGLE",,N,Clear or Partly Cloudy,Dry,Daylight,,10051028.0,,28,From opposite direction - one left turn - one straight,0,0,N,192.17272458388854,625
172980,-122.29251724788912,47.60164758389983,169981,217540,217820,3704349,Matched,Intersection,30575.0,31ST AVE AND E YESLER WAY, ,,2,Injury Collision,Cycles,2,0,1,1,1,0,0,2016-04-17T00:00:00.000Z,4/17/2016 1:20:00 PM,At Intersection (intersection related),18.0,"MOTOR VEHICLE STRUCK PEDALCYCLIST, FRONT END AT ANGLE",,N,Clear or Partly Cloudy,Dry,Daylight,,,,45,Vehicle - Pedalcyclist,10096,0,N,204.44897965240364,161
144502,-122.3141740609598,47.67145247594737,142503,162819,162839,3587252,Matched,Intersection,25758.0,BROOKLYN AVE NE AND NE RAVENNA WB BV, ,,2,Injury Collision,Other,2,0,0,1,1,0,0,2014-02-21T00:00:00.000Z,2/21/2014 8:09:00 PM,At Intersection (intersection related),28.0,MOTOR VEHICLE RAN OFF ROAD - HIT FIXED OBJECT,,Y,Overcast,Dry,Dark - Street Lights On,,,,50,Fixed object,0,0,N,209.5411853260337,2
136801,-122.34067176725388,47.66067268712378,135802,153968,153988,3641975,Matched,Intersection,26792.0,INTERLAKE AVE N AND N ALLEN PL, ,,1,Property Damage Only Collision,Parked Car,2,0,0,2,0,0,0,2013-09-11T00:00:00.000Z,9/11/2013 6:00:00 PM,At Intersection (intersection related),14.0,"MOTOR VEHICLE STRUCK MOTOR VEHICLE, REAR END",,N,Clear or Partly Cloudy,Dry,Unknown,,,,32,One parked--one moving,0,0,N,161.55139045046445,630
104455,-122.36589876548592,47.52010874117658,104456,118788,118788,2619564,Matched,Block,,26TH AVE SW BETWEEN SW BARTON ST AND SW CAMBRIDGE ST,,,1,Property Damage Only Collision,Sideswipe,2,0,0,2,0,0,0,2011-09-14T00:00:00.000Z,9/14/2011 9:19:00 AM,Mid-Block (not related to intersection),14.0,"MOTOR VEHICLE STRUCK MOTOR VEHICLE, REAR END",,0,Overcast,Dry,Daylight,,11257014.0,,11,From same direction - both going straight - both moving - sideswipe,0,0,N,143.40900277072424,84
28574,-122.3547926713938,47.61976586197153,28575,42574,42574,2023683,Matched,Block,,JOHN ST BETWEEN 1ST AVE N AND WARREN AVE N,,,1,Property Damage Only Collision,Parked Car,2,0,0,2,0,0,0,2005-10-06T00:00:00.000Z,10/6/2005,Mid-Block (not related to intersection),11.0,"MOTOR VEHICLE STRUCK MOTOR VEHICLE, FRONT END AT ANGLE",,0,Raining,Wet,Dark - Street Lights On,,5279020.0,,32,One parked--one moving,0,0,N,767.6958067845931,663
91994,-122.3341972429893,47.587167547498645,91995,107176,107176,3346161,Matched,Block,,1ST AVE S BETWEEN S MASSACHUSETTS ST AND S HOLGATE ST,,,1,Property Damage Only Collision,Parked Car,3,0,0,2,0,0,0,2010-09-24T00:00:00.000Z,9/24/2010 11:17:00 PM,Mid-Block (not related to intersection),14.0,"MOTOR VEHICLE STRUCK MOTOR VEHICLE, REAR END",,N,Clear or Partly Cloudy,Dry,Dark - Street Lights On,,10267022.0,,32,One parked--one moving,0,0,N,1400.1480713851806,875
58418,-122.29258611767423,47.60319174421974,58419,72847,72847,2620343,Matched,Intersection,30109.0,31ST AVE AND E SPRUCE ST,,,1,Property Damage Only Collision,Angles,2,0,0,2,0,0,0,2007-01-03T00:00:00.000Z,1/3/2007,At Intersection (intersection related),11.0,"MOTOR VEHICLE STRUCK MOTOR VEHICLE, FRONT END AT ANGLE",,0,Overcast,Wet,Daylight,,7003024.0,,10,Entering at angle,0,0,N,110.63314780254753,798
175373,-122.2765153555853,47.52378258740837,176374,228961,229321,E592922,Matched,Block,,RENTON AVE S BETWEEN S TRENTON ST AND S HENDERSON ST, ,,1,Property Damage Only Collision,Parked Car,2,0,0,2,0,0,0,2016-10-05T00:00:00.000Z,10/5/2016 4:47:00 PM,Driveway Junction,11.0,"MOTOR VEHICLE STRUCK MOTOR VEHICLE, FRONT END AT ANGLE",,N,Clear or Partly Cloudy,Dry,Daylight,,,,32,One parked--one moving,0,0,N,844.3608104406972,401
151537,-122.38145936541744,47.558357918053524,152538,181657,181697,2896195,Matched,Block,,FAUNTLEROY WAY SW BETWEEN SW EDMUNDS ST AND SW HUDSON ST, ,,1,Property Damage Only Collision,Parked Car,2,0,0,2,0,0,0,2014-12-16T00:00:00.000Z,12/16/2014 3:00:00 PM,Mid-Block (not related to intersection),13.0,"MOTOR VEHICLE STRUCK MOTOR VEHICLE, LEFT SIDE AT ANGLE",,N,Other,Unknown,Daylight,,,,32,One parked--one moving,0,0,N,319.5673671208126,173
162649,-122.30109570420768,47.60166512461943,162650,203315,203455,E464803,Matched,Intersection,30583.0,24TH AVE AND E YESLER WAY, ,,1,Property Damage Only Collision,Left Turn,0,0,0,2,0,0,0,2015-09-12T00:00:00.000Z,9/12/2015 8:15:00 PM,At Intersection (intersection related),11.0,"MOTOR VEHICLE STRUCK MOTOR VEHICLE, FRONT END AT ANGLE",,N,Clear or Partly Cloudy,Dry,Dark - Street Lights On,,,,28,From opposite direction - one left turn - one straight,0,0,N,111.37794819522361,124
148307,-122.38145936541744,47.558357918053524,148308,174601,174621,3644807,Matched,Block,,FAUNTLEROY WAY SW BETWEEN SW EDMUNDS ST AND SW HUDSON ST, ,,2,Injury Collision,Rear Ended,2,0,0,2,1,0,0,2014-08-28T00:00:00.000Z,8/28/2014 4:28:00 PM,Mid-Block (but intersection related),14.0,"MOTOR VEHICLE STRUCK MOTOR VEHICLE, REAR END",Y,N,Clear or Partly Cloudy,Dry,Daylight,,,,14,From same direction - both going straight - one stopped - rear-end,0,0,N,319.5673671208126,173
111568,-122.33013725134869,47.607247580492846,111569,125460,125460,3376001,Matched,Block,,MADISON ST BETWEEN 6TH AVE AND 7TH AVE,,,1,Property Damage Only Collision,Sideswipe,2,0,0,2,0,0,0,2011-04-07T00:00:00.000Z,4/7/2011 3:03:00 PM,Mid-Block (not related to intersection),16.0,"MOTOR VEHICLE STRUCK MOTOR VEHICLE, LEFT SIDE SIDESWIPE",,N,Raining,Wet,Daylight,,11097036.0,,11,From same direction - both going straight - both moving - sideswipe,0,0,N,548.0309396454389,762
28570,-122.37260725089169,47.5790029437641,28571,42320,42320,1076550,Matched,Block,,HARBOR AVE SW BETWEEN SW FLORIDA ST AND SW HARBOR LN,,,1,Property Damage Only Collision,Other,1,0,0,1,0,0,0,2005-12-28T00:00:00.000Z,12/28/2005 8:44:00 PM,Mid-Block (not related to intersection),26.0,MOTOR VEHICLE STRUCK OBJECT IN ROAD,,0,Clear or Partly Cloudy,Wet,Dark - Street Lights On,,5362030.0,,50,Fixed object,0,0,N,652.8006708476557,711
166514,-122.33938580120764,47.56969258520389,166515,208268,208468,E489026,Matched,Block,,ALASKAN WY VI SB BETWEEN ALASKAN WY VI SB WSB WB OFF RP AND EAST MARGINAL WAY S, ,,2,Injury Collision,Other,0,0,0,2,3,0,0,2015-11-29T00:00:00.000Z,11/29/2015 2:15:00 AM,Mid-Block (not related to intersection),11.0,"MOTOR VEHICLE STRUCK MOTOR VEHICLE, FRONT END AT ANGLE",,N,Fog/Smog/Smoke,Ice,Dark - No Street Lights,,,,23,From same direction - all others,0,0,N,1826.0140584975102,512
4672,-122.3619891621522,47.679557652953385,1673,133600,133600,3608933,Matched,Block,,NW 70TH ST BETWEEN 4TH AVE NW AND 5TH AVE NW,,,2,Injury Collision,Parked Car,4,0,0,2,2,0,0,2012-11-09T00:00:00.000Z,11/9/2012 1:37:00 AM,Mid-Block (not related to intersection),14.0,"MOTOR VEHICLE STRUCK MOTOR VEHICLE, REAR END",,Y,Clear or Partly Cloudy,Dry,Dark - No Street Lights,,12314031.0,,32,One parked--one moving,0,0,N,37.933075089874,1040
26303,-122.32896509088638,47.60003601776727,26304,40436,40436,2108779,Matched,Intersection,30502.0,4TH AVE S AND S MAIN ST,,,2,Injury Collision,Angles,7,0,0,2,2,0,0,2005-11-12T00:00:00.000Z,11/12/2005 1:41:00 AM,At Intersection (intersection related),11.0,"MOTOR VEHICLE STRUCK MOTOR VEHICLE, FRONT END AT ANGLE",,0,Clear or Partly Cloudy,Dry,Dark - Street Lights On,,5316012.0,,10,Entering at angle,0,0,N,1208.9078792751347,762
195392,-122.29951197417681,47.712044252222064,193393,265379,266179,E756486,Matched,Intersection,36655.0,LAKE CITY WAY NE AND NE 115TH ST, ,,2,Injury Collision,Left Turn,3,0,0,2,1,0,0,2018-01-09T00:00:00.000Z,1/9/2018 7:41:00 AM,At Intersection (intersection related),11.0,"MOTOR VEHICLE STRUCK MOTOR VEHICLE, FRONT END AT ANGLE",,N,Raining,Wet,Dawn,,,,28,From opposite direction - one left turn - one straight,0,0,N,167.3301341483825,999
54159,-122.32889364960992,47.7249847047176,54160,68519,68519,2895309,Matched,Intersection,35958.0,1ST AVE NE AND NE 133RD ST,,,2,Injury Collision,Angles,2,0,0,2,1,0,0,2007-11-05T00:00:00.000Z,11/5/2007,At Intersection (intersection related),11.0,"MOTOR VEHICLE STRUCK MOTOR VEHICLE, FRONT END AT ANGLE",,0,Clear or Partly Cloudy,Dry,Daylight,,7309029.0,,10,Entering at angle,0,0,N,284.96359050915595,669
198834,-122.2808047478783,47.525184257820044,197835,284657,285537,3782847,Matched,Block,,42ND AVE S BETWEEN S CLOVERDALE ST AND S TRENTON ST, ,,1,Property Damage Only Collision,Parked Car,2,0,0,2,0,0,0,2018-04-28T00:00:00.000Z,4/28/2018 1:53:00 AM,Driveway Junction,14.0,"MOTOR VEHICLE STRUCK MOTOR VEHICLE, REAR END",,N,Clear or Partly Cloudy,Wet,Dark - No Street Lights,,,,32,One parked--one moving,0,0,Y,490.1875319714141,401
118740,-122.34506031416984,47.61614381099193,118741,135128,135128,3611110,Matched,Block,,BATTERY ST TUNNEL NB BETWEEN ALASKAN WY VI NB AND AURORA AVE N,,,1,Property Damage Only Collision,Rear Ended,2,0,0,2,0,0,0,2012-11-01T00:00:00.000Z,11/1/2012 6:15:00 PM,Mid-Block (not related to intersection),14.0,"MOTOR VEHICLE STRUCK MOTOR VEHICLE, REAR END",,N,Unknown,Unknown,Unknown,,12306004.0,,14,From same direction - both going straight - one stopped - rear-end,0,0,N,1191.7217315781543,422
137349,-122.31763816171551,47.661298736597935,137350,155679,155699,3582678,Matched,Intersection,27066.0,ROOSEVELT WAY NE AND NE 45TH ST, ,,2,Injury Collision,Left Turn,3,0,0,2,1,0,0,2013-10-21T00:00:00.000Z,10/21/2013 9:01:00 PM,At Intersection (intersection related),11.0,"MOTOR VEHICLE STRUCK MOTOR VEHICLE, FRONT END AT ANGLE",Y,N,Clear or Partly Cloudy,Dry,Dark - Street Lights On,,,,28,From opposite direction - one left turn - one straight,0,0,N,210.86429295407154,785
127809,-122.32131497344317,47.62597541569947,128810,143983,143983,3476759,Matched,Block,,BROADWAY E BETWEEN E ROY W ST AND E ALOHA ST, ,,1,Property Damage Only Collision,Other,1,0,0,1,0,0,0,2013-03-08T00:00:00.000Z,3/8/2013 2:15:00 AM,Mid-Block (not related to intersection),28.0,MOTOR VEHICLE RAN OFF ROAD - HIT FIXED OBJECT,,N,Overcast,Dry,Dark - Street Lights On,,13067002.0,,50,Fixed object,0,0,N,124.25155837841066,54
97959,-122.28328738560572,47.54156761860993,97960,113151,113151,3335751,Matched,Block,,M L KING JR ER WAY S BETWEEN S HOLLY ST AND S WILLOW ST,,,2,Injury Collision,Rear Ended,7,0,0,2,1,0,0,2010-01-06T00:00:00.000Z,1/6/2010 7:05:00 AM,Mid-Block (not related to intersection),14.0,"MOTOR VEHICLE STRUCK MOTOR VEHICLE, REAR END",,N,Clear or Partly Cloudy,Dry,Dark - Street Lights On,,10006006.0,,14,From same direction - both going straight - one stopped - rear-end,0,0,N,209.99147496720056,967
161332,-122.3209838027687,47.60479215856449,163333,203914,204054,E454474,Matched,Block,,BOREN AVE BETWEEN BROADWAY AND TERRACE ST, ,,2b,Serious Injury Collision,Sideswipe,0,0,0,2,0,1,0,2015-08-18T00:00:00.000Z,8/18/2015 3:34:00 PM,Mid-Block (not related to intersection),11.0,"MOTOR VEHICLE STRUCK MOTOR VEHICLE, FRONT END AT ANGLE",,N,Clear or Partly Cloudy,Dry,Daylight,,,,11,From same direction - both going straight - both moving - sideswipe,0,0,N,612.4492734529465,855
191339,-122.32904512371222,47.589338098397,191340,256487,257127,3753654,Matched,Intersection,163339.0,4TH AVE NB OFF RP AND EDGAR MARTINEZ DR S, ,,1,Property Damage Only Collision,Angles,2,0,0,2,0,0,0,2017-11-25T00:00:00.000Z,11/25/2017 11:54:00 PM,At Intersection (intersection related),11.0,"MOTOR VEHICLE STRUCK MOTOR VEHICLE, FRONT END AT ANGLE",,Y,Raining,Wet,Dark - Street Lights On,,,,10,Entering at angle,0,0,N,1116.9260462261975,875
141287,-122.30417382374362,47.667825244121,141288,163572,163592,3507999,Matched,Block,,22ND AVE NE BETWEEN 22ND WR AVE NE AND NE 54TH ST, ,,1,Property Damage Only Collision,Parked Car,2,0,0,2,0,0,0,2013-03-19T00:00:00.000Z,3/19/2013 2:30:00 PM,Mid-Block (not related to intersection),11.0,"MOTOR VEHICLE STRUCK MOTOR VEHICLE, FRONT END AT ANGLE",,N,Unknown,Unknown,Daylight,,,,32,One parked--one moving,0,0,N,275.4023348036888,616
46029,-122.38880310674541,47.562947635855636,46030,60205,60205,1795441,Matched,Block,,SW OREGON ST BETWEEN 44TH AVE SW AND GLENN WAY SW,,,1,Property Damage Only Collision,Other,1,0,0,1,0,0,0,2006-01-14T00:00:00.000Z,1/14/2006 2:36:00 AM,Mid-Block (not related to intersection),28.0,MOTOR VEHICLE RAN OFF ROAD - HIT FIXED OBJECT,,0,Raining,Wet,Dark - Street Lights On,,6014026.0,,50,Fixed object,0,0,N,252.85222560687714,674
157522,-122.29699071388019,47.581267001452964,157523,192238,192318,E417181,Matched,Intersection,31507.0,M L KING JR WAY S AND S BAYVIEW S ST, ,,2,Injury Collision,Cycles,0,0,1,1,1,0,0,2015-04-18T00:00:00.000Z,4/18/2015 11:41:00 AM,At Intersection (intersection related),18.0,"MOTOR VEHICLE STRUCK PEDALCYCLIST, FRONT END AT ANGLE",,N,Clear or Partly Cloudy,Dry,Daylight,,,,45,Vehicle - Pedalcyclist,0,524859,N,216.18812980431719,888
145657,-122.29637803867945,47.56575265121202,145658,169778,169798,3590258,Matched,Block,,M L KING JR ER WAY S BETWEEN S DAKOTA ST AND S ADAMS ST, ,,2,Injury Collision,Rear Ended,3,0,0,3,2,0,0,2014-06-06T00:00:00.000Z,6/6/2014 10:18:00 AM,Mid-Block (not related to intersection),14.0,"MOTOR VEHICLE STRUCK MOTOR VEHICLE, REAR END",Y,N,Clear or Partly Cloudy,Dry,Daylight,,,,13,From same direction - both going straight - both moving - rear-end,0,0,N,468.16366813258946,896
178342,-122.34204813200388,47.60820951766497,178343,233299,233699,E622778,Matched,Block,,ALASKAN WY VI NB BETWEEN SENECA ST OFF RP AND WESTERN AV OFF RP, ,,1,Property Damage Only Collision,Rear Ended,4,0,0,3,0,0,0,2016-12-19T00:00:00.000Z,12/19/2016 7:07:00 AM,Mid-Block (not related to intersection),14.0,"MOTOR VEHICLE STRUCK MOTOR VEHICLE, REAR END",Y,N,Raining,Wet,Dark - Street Lights On,,,,14,From same direction - both going straight - one stopped - rear-end,0,0,N,1256.449307986338,185