,X,Y,OBJECTID,INCKEY,COLDETKEY,REPORTNO,STATUS,ADDRTYPE,INTKEY,LOCATION,EXCEPTRSNCODE,EXCEPTRSNDESC,SEVERITYCODE,SEVERITYDESC,COLLISIONTYPE,PERSONCOUNT,PEDCOUNT,PEDCYLCOUNT,VEHCOUNT,INJURIES,SERIOUSINJURIES,FATALITIES,INCDATE,INCDTTM,JUNCTIONTYPE,SDOT_COLCODE,SDOT_COLDESC,INATTENTIONIND,UNDERINFL,WEATHER,ROADCOND,LIGHTCOND,PEDROWNOTGRNT,SDOTCOLNUM,SPEEDING,ST_COLCODE,ST_COLDESC,SEGLANEKEY,CROSSWALKKEY,HITPARKEDCAR,CLOSEST_CIRCLE_DIST,CLOSEST_CIRCLE_INDEX
184354,-122.31741341509232,47.67947022103553,184355,241541,241981,3694231,Matched,Intersection,24464.0,ROOSEVELT WAY NE AND NE 70TH ST, ,,1,Property Damage Only Collision,Angles,2,0,0,2,0,0,0,2017-05-25T00:00:00.000Z,5/25/2017 9:25:00 AM,At Intersection (intersection related),11.0,"MOTOR VEHICLE STRUCK MOTOR VEHICLE, FRONT END AT ANGLE",,N,Clear or Partly Cloudy,Dry,Daylight,,,,10,Entering at angle,0,0,N,486.69257254756906,322
44230,-122.32494579219448,47.60744620892115,44231,58854,58854,1784495,Matched,Intersection,29939.0,COLUMBIA ST AND TERRY AVE,,,1,Property Damage Only Collision,Angles,4,0,0,2,0,0,0,2006-05-24T00:00:00.000Z,5/24/2006 8:03:00 AM,At Intersection (intersection related),11.0,"MOTOR VEHICLE STRUCK MOTOR VEHICLE, FRONT END AT ANGLE",,0,Overcast,Wet,Daylight,,6144008.0,,10,Entering at angle,0,0,N,341.90170041900336,762
195627,-122.30542694565632,47.618500024791565,193628,271361,272201,3702451,Matched,Block,,E DENNY WAY BETWEEN 20TH AVE AND 21ST AVE E, ,,1,Property Damage Only Collision,Parked Car,2,0,0,2,0,0,0,2018-02-16T00:00:00.000Z,2/16/2018 11:00:00 PM,Mid-Block (not related to intersection),14.0,"MOTOR VEHICLE STRUCK MOTOR VEHICLE, REAR END",Y,N,Unknown,Unknown,Unknown,,,,32,One parked--one moving,0,0,Y,255.93596890027715,550
41643,-122.32114591323656,47.5442721481973,41644,56258,56258,2619129,Matched,Intersection,34182.0,CARLETON AVE S AND S WARSAW ST,,,1,Property Damage Only Collision,Left Turn,4,0,0,2,0,0,0,2006-08-09T00:00:00.000Z,8/9/2006,At Intersection (intersection related),11.0,"MOTOR VEHICLE STRUCK MOTOR VEHICLE, FRONT END AT ANGLE",,0,Clear or Partly Cloudy,Dry,Daylight,,6221030.0,,28,From opposite direction - one left turn - one straight,0,0,N,85.40399519900657,574
38837,-122.33961434908302,47.615160157872104,40838,55107,55107,2793551,Matched,Intersection,29544.0,6TH AVE AND LENORA ST,,,1,Property Damage Only Collision,Angles,2,0,0,2,0,0,0,2006-12-28T00:00:00.000Z,12/28/2006 9:16:00 AM,At Intersection (intersection related),11.0,"MOTOR VEHICLE STRUCK MOTOR VEHICLE, FRONT END AT ANGLE",,0,Clear or Partly Cloudy,Dry,Daylight,,6362018.0,,10,Entering at angle,0,0,N,987.8354507201844,185
155640,-122.30384383330211,47.66832497198288,156641,190643,190723,C796104,Unmatched,Block,,RAVENNA AVE NE BETWEEN NE 55TH ST AND RAVENNA PL NE, ,,0,Unknown,,0,0,0,0,0,0,0,2014-10-31T00:00:00.000Z,10/31/2014,Mid-Block (not related to intersection),14.0,"MOTOR VEHICLE STRUCK MOTOR VEHICLE, REAR END",,,,,,,,, ,,0,0,N,324.25865099898556,144
34493,-122.30948929629402,47.66396817349162,35494,50012,50012,2617979,Matched,Block,,17TH NB AVE NE BETWEEN NE 47TH ST AND NE 50TH ST,,,1,Property Damage Only Collision,Other,1,0,0,1,0,0,0,2006-09-29T00:00:00.000Z,9/29/2006 10:39:00 PM,Mid-Block (not related to intersection),28.0,MOTOR VEHICLE RAN OFF ROAD - HIT FIXED OBJECT,,0,Clear or Partly Cloudy,Dry,Dark - Street Lights On,,6272001.0,,50,Fixed object,0,0,N,284.91219614525147,317
165368,-122.33013725134869,47.607247580492846,165369,207622,207822,E486440,Matched,Block,,MADISON ST BETWEEN 6TH AVE AND 7TH AVE, ,,2,Injury Collision,Parked Car,0,0,0,2,1,0,0,2015-11-24T00:00:00.000Z,11/24/2015 2:57:00 PM,Mid-Block (not related to intersection),11.0,"MOTOR VEHICLE STRUCK MOTOR VEHICLE, FRONT END AT ANGLE",,N,Clear or Partly Cloudy,Dry,Daylight,,,,20,One car leaving parked position,0,0,N,548.0309396454389,762
51578,-122.31251432821615,47.59581386896293,51579,66063,66063,2794056,Matched,Block,,S DEARBORN ST BETWEEN POPLAR PL S AND DEARBORN PL S,,,1,Property Damage Only Collision,Angles,3,0,0,2,0,0,0,2007-06-15T00:00:00.000Z,6/15/2007 5:50:00 PM,Mid-Block (but intersection related),11.0,"MOTOR VEHICLE STRUCK MOTOR VEHICLE, FRONT END AT ANGLE",,0,Other,Unknown,Daylight,,7166039.0,,10,Entering at angle,0,0,N,198.94515243645787,956
104488,-122.35250655493816,47.68292411315704,104489,119070,119070,3568553,Matched,Block,,DAYTON AVE N BETWEEN N 74TH ST AND N 75TH ST,,,1,Property Damage Only Collision,Sideswipe,2,0,0,2,0,0,0,2011-07-11T00:00:00.000Z,7/11/2011 10:16:00 AM,Mid-Block (not related to intersection),11.0,"MOTOR VEHICLE STRUCK MOTOR VEHICLE, FRONT END AT ANGLE",,N,Clear or Partly Cloudy,Dry,Daylight,,11192004.0,,11,From same direction - both going straight - both moving - sideswipe,0,0,N,41.17437452684198,302
129103,-122.31392747096935,47.59901631313888,129104,144141,144141,3593958,Matched,Block,,RAINIER AVE S BETWEEN BOREN AVE S AND S JACKSON PL, ,,1,Property Damage Only Collision,Rear Ended,2,0,0,2,0,0,0,2013-02-15T00:00:00.000Z,2/15/2013 12:27:00 PM,Mid-Block (but intersection related),14.0,"MOTOR VEHICLE STRUCK MOTOR VEHICLE, REAR END",,N,Clear or Partly Cloudy,Dry,Daylight,,13046015.0,,14,From same direction - both going straight - one stopped - rear-end,0,0,N,192.39595046107442,52
14002,-122.3280785780535,47.60416123456064,14003,28266,28266,04262042,Unmatched,Intersection,29973.0,6TH AVE AND JAMES ST,,,0,Unknown,,0,0,0,0,0,0,0,2004-09-18T00:00:00.000Z,9/18/2004,At Intersection (intersection related),11.0,"MOTOR VEHICLE STRUCK MOTOR VEHICLE, FRONT END AT ANGLE",,,,,,,4262042.0,,,,0,0,N,751.3095467064553,762
96473,-122.33788516838516,47.618531840183394,96474,111164,111164,3346313,Matched,Block,,DENNY WAY BETWEEN WESTLAKE AVE AND TERRY AVE,,,1,Property Damage Only Collision,Rear Ended,4,0,0,2,0,0,0,2010-06-07T00:00:00.000Z,6/7/2010 2:13:00 PM,,0.0,NOT ENOUGH INFORMATION / NOT APPLICABLE,Y,N,Clear or Partly Cloudy,Dry,Daylight,,10158009.0,,14,From same direction - both going straight - one stopped - rear-end,0,0,N,959.2450147714707,55
70527,-122.35509357493498,47.523789464550134,71528,86328,86328,2896823,Matched,Block,,16TH AVE SW BETWEEN SW TRENTON ST AND SW HENDERSON ST,,,2,Injury Collision,Rear Ended,2,0,0,2,1,0,0,2008-07-29T00:00:00.000Z,7/29/2008 9:01:00 AM,Mid-Block (but intersection related),14.0,"MOTOR VEHICLE STRUCK MOTOR VEHICLE, REAR END",,0,Raining,Wet,Daylight,,8211029.0,,13,From same direction - both going straight - both moving - rear-end,0,0,N,142.9345284160275,944
194404,-122.37419372577921,47.5640755999305,194405,266597,267377,E760005,Matched,Block,,SW AVALON WAY BETWEEN SW GENESEE ST AND 35TH AVE SW, ,,1,Property Damage Only Collision,Parked Car,3,0,0,2,0,0,0,2018-01-18T00:00:00.000Z,1/18/2018 5:24:00 PM,Mid-Block (not related to intersection),13.0,"MOTOR VEHICLE STRUCK MOTOR VEHICLE, LEFT SIDE AT ANGLE",,N,Raining,Wet,Dark - Street Lights On,,,,32,One parked--one moving,0,0,Y,363.0925241770306,405
154918,-122.37750445730116,47.52830543679797,154919,187909,187989,C788451,Unmatched,Block,,SW THISTLE ST BETWEEN 35TH AVE SW AND 36TH AVE SW, ,,0,Unknown,,0,0,0,0,0,0,0,2014-03-24T00:00:00.000Z,3/24/2014,Unknown,14.0,"MOTOR VEHICLE STRUCK MOTOR VEHICLE, REAR END",,,,,,,,, ,,0,0,N,263.59690416936775,29
151329,-122.33875643522472,47.604133364412405,152330,183698,183778,3641122,Matched,Block,,ALASKAN WAY BETWEEN MADISON ST AND SPRING ST, ,,2,Injury Collision,Parked Car,2,0,0,2,1,0,0,2015-01-16T00:00:00.000Z,1/16/2015 7:45:00 AM,Mid-Block (not related to intersection),11.0,"MOTOR VEHICLE STRUCK MOTOR VEHICLE, FRONT END AT ANGLE",Y,N,Clear or Partly Cloudy,Dry,Daylight,,,,20,One car leaving parked position,0,0,N,1274.2075316522112,762
184200,-122.30065154721458,47.67577422008743,184201,240502,240942,E661640,Matched,Intersection,24695.0,25TH AVE NE AND NE 65TH ST, ,,1,Property Damage Only Collision,Angles,0,0,0,3,0,0,0,2017-03-17T00:00:00.000Z,3/17/2017 3:08:00 PM,At Intersection (intersection related),11.0,"MOTOR VEHICLE STRUCK MOTOR VEHICLE, FRONT END AT ANGLE",,N,Raining,Wet,Daylight,,,,10,Entering at angle,0,0,N,219.99453875702886,225
135800,-122.2876589348097,47.58295465379743,136801,155070,155090,3671921,Matched,Intersection,30851.0,LAKE PARK DR S AND LAKE WASHINGTON BLVD S, ,,2,Injury Collision,Cycles,2,0,1,1,1,0,0,2013-10-05T00:00:00.000Z,10/5/2013 2:07:00 PM,At Intersection (intersection related),18.0,"MOTOR VEHICLE STRUCK PEDALCYCLIST, FRONT END AT ANGLE",,N,Clear or Partly Cloudy,Dry,Daylight,Y,,,45,Vehicle - Pedalcyclist,38003,0,N,485.28414635433575,538
26726,-122.31711056968085,47.66129534249778,26727,40808,40808,05007048,Unmatched,Block,,NE 45TH ST BETWEEN ROOSEVELT WAY NE AND 11TH AVE NE,,,0,Unknown,,0,0,0,0,0,0,0,2005-01-07T00:00:00.000Z,1/7/2005,Mid-Block (but intersection related),14.0,"MOTOR VEHICLE STRUCK MOTOR VEHICLE, REAR END",,,,,,,5007048.0,,,,0,0,N,225.1868843884872,785
196360,-122.37566151287564,47.55013897418677,196361,278039,278939,3744086,Matched,Block,,SW JUNEAU ST BETWEEN 34TH AVE SW AND 35TH AVE SW, ,,1,Property Damage Only Collision,Other,2,0,0,2,0,0,0,2018-03-19T00:00:00.000Z,3/19/2018 7:35:00 AM,Mid-Block (not related to intersection),11.0,"MOTOR VEHICLE STRUCK MOTOR VEHICLE, FRONT END AT ANGLE",,N,Clear or Partly Cloudy,Dry,Daylight,,,,23,From same direction - all others,0,0,N,152.14973629037266,487
124914,-122.35544894026482,47.70471992862981,124915,140704,140704,3551255,Matched,Block,,GREENWOOD AVE N BETWEEN N 104TH ST AND HOLMAN RD N,,,1,Property Damage Only Collision,Other,3,0,0,2,0,0,0,2012-06-01T00:00:00.000Z,6/1/2012,Mid-Block (but intersection related),11.0,"MOTOR VEHICLE STRUCK MOTOR VEHICLE, FRONT END AT ANGLE",,0,Clear or Partly Cloudy,Dry,Daylight,,12153013.0,,23,From same direction - all others,0,0,N,206.28053565181284,294
186363,-122.3221772822397,47.6181466601691,185364,244130,244690,E648922,Unmatched,Block,,HARVARD AVE BETWEEN E HOWELL ST AND E DENNY WAY,NEI,"Not Enough Information, or Insufficient Location Information",1,Property Damage Only Collision,,2,0,0,0,0,0,0,2017-03-07T00:00:00.000Z,3/7/2017,Mid-Block (not related to intersection),0.0,NOT ENOUGH INFORMATION / NOT APPLICABLE,,,,,,,,, ,,0,0,N,115.90521228678195,107
41802,-122.3851725016988,47.58118608610108,41803,56151,56151,2072282,Matched,Intersection,31065.0,42ND AVE SW AND SW ADMIRAL WAY,,,2,Injury Collision,Angles,2,0,0,2,1,0,0,2006-01-23T00:00:00.000Z,1/23/2006 7:11:00 AM,At Intersection (intersection related),11.0,"MOTOR VEHICLE STRUCK MOTOR VEHICLE, FRONT END AT ANGLE",Y,0,Raining,Wet,Daylight,,6023021.0,,10,Entering at angle,0,0,N,201.0032422630984,180
57028,-122.2821982120825,47.67396766610833,57029,71722,71722,2892999,Matched,Intersection,26191.0,43RD AVE NE AND NE 62ND ST,,,1,Property Damage Only Collision,Angles,5,0,0,2,0,0,0,2007-12-18T00:00:00.000Z,12/18/2007 3:04:00 PM,At Intersection (intersection related),11.0,"MOTOR VEHICLE STRUCK MOTOR VEHICLE, FRONT END AT ANGLE",,1,Clear or Partly Cloudy,Wet,Daylight,,7352037.0,,10,Entering at angle,0,0,N,201.56316066502688,83
117035,-122.3231134390856,47.61215849762724,117036,132340,132340,3563916,Unmatched,Intersection,29769.0,BOYLSTON AVE AND SENECA ST,,,0,Unknown,,0,0,0,0,0,0,0,2012-08-08T00:00:00.000Z,8/8/2012,,0.0,NOT ENOUGH INFORMATION / NOT APPLICABLE,,,,,,,12221030.0,,,,0,0,N,217.34780778016867,688
177220,-122.35273957557855,47.702902264475696,179221,231618,232018,E615472,Matched,Intersection,37394.0,DAYTON AVE N AND N 102ND ST, ,,1,Property Damage Only Collision,Other,1,0,0,1,0,0,0,2016-12-01T00:00:00.000Z,12/1/2016 11:30:00 AM,At Intersection (intersection related),26.0,MOTOR VEHICLE STRUCK OBJECT IN ROAD,Y,N,Overcast,Wet,Daylight,,,Y,50,Fixed object,0,0,N,0.0,699
164420,-122.3139979545086,47.7130784819565,164421,204021,204161,C802758,Unmatched,Block,,PINEHURST WAY NE BETWEEN NE 115TH ST AND NE 117TH ST, ,,0,Unknown,,0,0,0,0,0,0,0,2015-05-19T00:00:00.000Z,5/19/2015,Driveway Junction,14.0,"MOTOR VEHICLE STRUCK MOTOR VEHICLE, REAR END",,,,,,,,, ,,0,0,N,137.62666217465897,499
151371,-122.38810141027572,47.67594441250968,152372,181633,181673,3736330,Matched,Block,,NW 65TH ST BETWEEN 24TH AVE NW AND 25TH AVE NW, ,,1,Property Damage Only Collision,Rear Ended,2,0,0,2,0,0,0,2014-12-14T00:00:00.000Z,12/14/2014 12:39:00 AM,Mid-Block (but intersection related),14.0,"MOTOR VEHICLE STRUCK MOTOR VEHICLE, REAR END",,N,Clear or Partly Cloudy,Dry,Dark - Street Lights On,,,,13,From same direction - both going straight - both moving - rear-end,0,0,N,227.3429731049335,926
147118,-122.2880114030806,47.56345799869237,146119,171945,171965,3699127,Matched,Block,,RAINIER AVE S BETWEEN S GENESEE S ST AND S OREGON ST, ,,1,Property Damage Only Collision,Other,3,0,0,1,0,0,0,2014-07-12T00:00:00.000Z,7/12/2014 10:39:00 PM,Mid-Block (not related to intersection),28.0,MOTOR VEHICLE RAN OFF ROAD - HIT FIXED OBJECT,,Y,Clear or Partly Cloudy,Dry,Dark - Street Lights On,,,,50,Fixed object,0,0,N,241.89060344303286,683
72062,-122.37621377352508,47.66944247327879,72063,86757,86757,2894820,Matched,Intersection,25415.0,15TH AVE NW AND NW 56TH ST,,,1,Property Damage Only Collision,Sideswipe,2,0,0,2,0,0,0,2008-01-11T00:00:00.000Z,1/11/2008 10:54:00 AM,At Intersection (intersection related),11.0,"MOTOR VEHICLE STRUCK MOTOR VEHICLE, FRONT END AT ANGLE",,0,Clear or Partly Cloudy,Dry,Daylight,,8011025.0,,11,From same direction - both going straight - both moving - sideswipe,0,0,N,258.0014962678993,133
18824,-122.39433111475334,47.675193135281326,18825,33158,33158,2185283,Matched,Block,,NW 64TH ST BETWEEN 28TH AVE NW AND 30TH AVE NW,,,1,Property Damage Only Collision,Parked Car,2,0,0,2,0,0,0,2005-12-03T00:00:00.000Z,12/3/2005,Mid-Block (not related to intersection),16.0,"MOTOR VEHICLE STRUCK MOTOR VEHICLE, LEFT SIDE SIDESWIPE",Y,0,Clear or Partly Cloudy,Dry,Daylight,,5337013.0,,32,One parked--one moving,0,0,N,130.08441067839547,840
69400,-122.32076019874344,47.61116907589688,69401,83950,83950,2882690,Matched,Intersection,29772.0,BROADWAY AND MADISON ST,,,2,Injury Collision,Other,1,0,0,1,1,0,0,2008-08-11T00:00:00.000Z,8/11/2008 10:15:00 AM,At Intersection (intersection related),29.0,MOTOR VEHICLE OVERTURNED IN ROAD,,0,Overcast,Dry,Daylight,,8224011.0,,52,Vehicle overturned,0,0,N,303.623058331392,762
167607,-122.38138130835432,47.561270495425084,167608,212120,212360,3731957,Matched,Block,,FAUNTLEROY WAY SW BETWEEN 39TH AVE W AND SW ALASKA ST, ,,2,Injury Collision,Rear Ended,3,0,0,2,1,0,0,2016-01-22T00:00:00.000Z,1/22/2016 2:22:00 PM,Mid-Block (but intersection related),14.0,"MOTOR VEHICLE STRUCK MOTOR VEHICLE, REAR END",Y,N,Overcast,Dry,Daylight,,,,14,From same direction - both going straight - one stopped - rear-end,0,0,N,394.2927183242311,597
190645,-122.3550827275692,47.52470610471274,190646,249923,250523,3731788,Matched,Intersection,35020.0,16TH AVE SW AND SW TRENTON ST, ,,2,Injury Collision,Angles,0,0,0,2,1,0,0,2017-10-12T00:00:00.000Z,10/12/2017 11:15:00 PM,At Intersection (intersection related),11.0,"MOTOR VEHICLE STRUCK MOTOR VEHICLE, FRONT END AT ANGLE",,N,Raining,Wet,Dark - Street Lights On,,,,10,Entering at angle,0,0,N,101.39253074861169,944
32077,-122.31429414349527,47.57162519545154,30078,43753,43753,2019815,Matched,Block,,S SPOKANE ST BETWEEN S COLUMBIAN WAY AND HINDS PL S,,,1,Property Damage Only Collision,Sideswipe,2,0,0,2,0,0,0,2005-08-10T00:00:00.000Z,8/10/2005 10:10:00 PM,Mid-Block (but intersection related),11.0,"MOTOR VEHICLE STRUCK MOTOR VEHICLE, FRONT END AT ANGLE",,0,Clear or Partly Cloudy,Dry,Dark - Street Lights On,,5222015.0,,81,Same direction -- both turning left -- both moving -- sideswipe,0,0,N,387.7867282590456,178
137926,-122.36333748031765,47.56381410056913,137927,156048,156068,3505017,Matched,Block,,DELRIDGE WAY SW BETWEEN SW GENESEE ST AND SW OREGON ST, ,,2,Injury Collision,Angles,2,0,0,2,1,0,0,2013-10-22T00:00:00.000Z,10/22/2013 11:32:00 AM,Mid-Block (not related to intersection),11.0,"MOTOR VEHICLE STRUCK MOTOR VEHICLE, FRONT END AT ANGLE",,N,Clear or Partly Cloudy,Dry,Daylight,,,,10,Entering at angle,0,0,N,189.70673865180132,9
9267,-122.35250654041953,47.61691833908174,9268,23295,23295,1783741,Unmatched,Intersection,29665.0,1ST AVE AND BROAD ST,,,0,Unknown,,0,0,0,0,0,0,0,2004-10-10T00:00:00.000Z,10/10/2004,At Intersection (intersection related),11.0,"MOTOR VEHICLE STRUCK MOTOR VEHICLE, FRONT END AT ANGLE",,,,,,,4284025.0,,,,0,0,N,1045.5066485246311,663
149106,-122.34450322991393,47.68694220503682,149107,174143,174163,3706747,Matched,Intersection,24286.0,AURORA AVE N AND N 80TH ST, ,,2,Injury Collision,Left Turn,2,0,0,2,2,0,0,2014-07-26T00:00:00.000Z,7/26/2014 9:10:00 AM,At Intersection (intersection related),11.0,"MOTOR VEHICLE STRUCK MOTOR VEHICLE, FRONT END AT ANGLE",,N,Clear or Partly Cloudy,Dry,Daylight,,,,28,From opposite direction - one left turn - one straight,0,0,N,413.1608447559806,679
139497,-122.34427208810888,47.626269882931894,140498,161064,161084,3581598,Matched,Block,,VALLEY ST BETWEEN 6TH AVE N AND AURORA AVE N, ,,1,Property Damage Only Collision,Angles,2,0,0,2,0,0,0,2014-02-01T00:00:00.000Z,2/1/2014 3:08:00 AM,Mid-Block (but intersection related),11.0,"MOTOR VEHICLE STRUCK MOTOR VEHICLE, FRONT END AT ANGLE",,N,Clear or Partly Cloudy,Dry,Dark - Street Lights On,,,,10,Entering at angle,0,0,N,201.34899154741728,272
158385,-122.30414012578899,47.55883751293413,159386,196140,196240,3701278,Matched,Block,,BEACON ER AVE S BETWEEN S COLUMBIAN WAY AND S FERDINAND N ST,NEI,"Not Enough Information, or Insufficient Location Information",1,Property Damage Only Collision,Parked Car,2,0,0,2,0,0,0,2015-06-19T00:00:00.000Z,6/19/2015 6:00:00 PM,Mid-Block (not related to intersection),0.0,NOT ENOUGH INFORMATION / NOT APPLICABLE,,N,Clear or Partly Cloudy,Dry,Daylight,,,,32,One parked--one moving,0,0,N,144.50412007611874,214
61300,-122.29986003366685,47.60007852666946,61301,75634,75634,2615122,Matched,Block,,25TH AVE S BETWEEN S WASHINGTON ST AND S JACKSON ST,,,1,Property Damage Only Collision,Parked Car,2,0,0,2,0,0,0,2007-05-09T00:00:00.000Z,5/9/2007,Mid-Block (but intersection related),14.0,"MOTOR VEHICLE STRUCK MOTOR VEHICLE, REAR END",,0,Clear or Partly Cloudy,Dry,Dark - Street Lights On,,7129046.0,Y,32,One parked--one moving,0,0,N,88.15819492922034,358
110115,-122.32085015708937,47.65670487126078,112116,127155,127155,3544735,Matched,Block,,7TH AVE NE BETWEEN NE 40TH ST AND NE 42ND ST,,,1,Property Damage Only Collision,Other,1,0,0,1,0,0,0,2011-10-25T00:00:00.000Z,10/25/2011 10:50:00 AM,Mid-Block (not related to intersection),28.0,MOTOR VEHICLE RAN OFF ROAD - HIT FIXED OBJECT,,N,Clear or Partly Cloudy,Dry,Daylight,,11298008.0,,50,Fixed object,0,0,N,347.01053797173324,1018
176824,-122.3460791193802,47.663223457107755,174825,223625,223905,E563155,Matched,Block,,WHITMAN AVE N BETWEEN N 47TH ST AND N 48TH ST, ,,1,Property Damage Only Collision,Parked Car,2,0,0,2,0,0,0,2016-06-26T00:00:00.000Z,6/26/2016 10:20:00 AM,Mid-Block (but intersection related),14.0,"MOTOR VEHICLE STRUCK MOTOR VEHICLE, REAR END",Y,N,Clear or Partly Cloudy,Dry,Daylight,,,,32,One parked--one moving,0,0,Y,39.47026630498927,763
31106,-122.27873223383676,47.52520139379841,32107,46237,46237,1772875,Matched,Block,,M L KING JR ER WAY S BETWEEN S CLOVERDALE ST AND S TRENTON ST,,,2,Injury Collision,Rear Ended,3,0,0,2,1,0,0,2005-05-18T00:00:00.000Z,5/18/2005 9:39:00 AM,Mid-Block (but intersection related),14.0,"MOTOR VEHICLE STRUCK MOTOR VEHICLE, REAR END",,0,Raining,Wet,Daylight,,5138050.0,,14,From same direction - both going straight - one stopped - rear-end,0,0,N,620.1690625489775,401
115866,-122.32478645611887,47.59371946525175,115867,130585,130585,3550478,Matched,Block,,AIRPORT WAY S BETWEEN MAYNARD AVE S AND AIRPORT NB N WAY S,,,1,Property Damage Only Collision,Rear Ended,2,0,0,2,0,0,0,2011-06-05T00:00:00.000Z,6/5/2011 3:15:00 AM,,0.0,NOT ENOUGH INFORMATION / NOT APPLICABLE,,N,Unknown,Unknown,Unknown,,11156030.0,,14,From same direction - both going straight - one stopped - rear-end,0,0,N,963.4339701235077,900
57666,-122.30551350762143,47.633209652145645,57667,72003,72003,C681893,Matched,Block,,E CRESCENT DR BETWEEN 20TH AVE E AND PEACH CT E,,,2,Injury Collision,Head On,2,0,0,2,1,0,0,2007-01-31T00:00:00.000Z,1/31/2007 1:00:00 PM,Mid-Block (but intersection related),11.0,"MOTOR VEHICLE STRUCK MOTOR VEHICLE, FRONT END AT ANGLE",,0,Clear or Partly Cloudy,Ice,Daylight,,7031046.0,,24,From opposite direction - both moving - head-on,0,0,N,31.89998024726172,830
175704,-122.36064753953904,47.690625387316935,176705,227571,227911,3762436,Matched,Intersection,37184.0,3RD AVE NW AND NW 85TH ST, ,,2,Injury Collision,Angles,2,0,0,2,1,0,0,2016-09-02T00:00:00.000Z,9/2/2016 11:45:00 PM,At Intersection (intersection related),14.0,"MOTOR VEHICLE STRUCK MOTOR VEHICLE, REAR END",,N,Raining,Wet,Dark - Street Lights On,,,,10,Entering at angle,0,0,N,218.8540224131928,468
119688,-122.33214361825377,47.61076112768626,120689,135539,135539,3558915,Matched,Block,,UNION ST BETWEEN 7TH AVE AND CONVENTION PL,,,1,Property Damage Only Collision,Rear Ended,2,0,0,2,0,0,0,2012-09-29T00:00:00.000Z,9/29/2012 11:08:00 AM,Mid-Block (but intersection related),14.0,"MOTOR VEHICLE STRUCK MOTOR VEHICLE, REAR END",,N,Clear or Partly Cloudy,Dry,Daylight,,12273029.0,,14,From same direction - both going straight - one stopped - rear-end,0,0,N,464.8298805578947,185
18546,-122.31205182562418,47.659039924430964,18547,32582,32582,2023666,Matched,Block,,15TH AVE NE BETWEEN NE 42ND ST AND NE 43RD ST,,,1,Property Damage Only Collision,Parked Car,2,0,0,2,0,0,0,2005-10-24T00:00:00.000Z,10/24/2005 8:57:00 AM,Mid-Block (not related to intersection),11.0,"MOTOR VEHICLE STRUCK MOTOR VEHICLE, FRONT END AT ANGLE",,0,Overcast,Wet,Daylight,,5297018.0,,20,One car leaving parked position,0,0,N,271.7995717277226,899
119968,-122.37616358815168,47.641562472266244,120969,137701,137701,C764714,Unmatched,Block,,15TH AVE W BETWEEN W WHEELER ST AND GILMAN DR W,,,0,Unknown,,0,0,0,0,0,0,0,2012-05-14T00:00:00.000Z,5/14/2012,,0.0,NOT ENOUGH INFORMATION / NOT APPLICABLE,,,,,,,12135045.0,,,,0,0,N,518.5546017964332,292
16961,-122.33306058026267,47.62494359423912,15962,29448,29448,1478370,Matched,Block,,MERCER ST OFF RP BETWEEN I5 NB MERCER ST OFF RP AND FAIRVIEW AVE N,,,1,Property Damage Only Collision,Rear Ended,5,0,0,2,0,0,0,2004-06-15T00:00:00.000Z,6/15/2004 10:40:00 AM,Mid-Block (but intersection related),14.0,"MOTOR VEHICLE STRUCK MOTOR VEHICLE, REAR END",Y,0,Clear or Partly Cloudy,Dry,Daylight,,4167038.0,,74,Same direction -- both turning right -- one stopped -- rear end,0,0,N,669.2446725833524,717
118446,-122.34456064833552,47.693822034501935,118447,132995,132995,3466585,Matched,Block,,AURORA AVE N BETWEEN N 89TH ST AND N 90TH ST,,,1,Property Damage Only Collision,Left Turn,3,0,0,2,0,0,0,2012-02-14T00:00:00.000Z,2/14/2012 2:46:00 PM,Driveway Junction,11.0,"MOTOR VEHICLE STRUCK MOTOR VEHICLE, FRONT END AT ANGLE",,N,Overcast,Dry,Daylight,,12045018.0,,28,From opposite direction - one left turn - one straight,0,0,N,180.7629999004282,1008
100122,-122.31217263028209,47.68751645481245,100123,115744,115744,3377051,Matched,Intersection,24387.0,15TH AVE NE AND LAKE CITY WAY NE,,,1,Property Damage Only Collision,Rear Ended,2,0,0,2,0,0,0,2010-05-11T00:00:00.000Z,5/11/2010 8:36:00 AM,At Intersection (intersection related),14.0,"MOTOR VEHICLE STRUCK MOTOR VEHICLE, REAR END",Y,N,Clear or Partly Cloudy,Dry,Daylight,,10131011.0,,14,From same direction - both going straight - one stopped - rear-end,0,0,N,193.88033144922497,436
161961,-122.33638434566768,47.616768889872716,163962,202603,202743,3734773,Matched,Block,,9TH AVE BETWEEN VIRGINIA ST AND LENORA ST,NEI,"Not Enough Information, or Insufficient Location Information",1,Property Damage Only Collision,Parked Car,2,0,0,2,0,0,0,2015-09-02T00:00:00.000Z,9/2/2015 3:00:00 PM,Mid-Block (not related to intersection),0.0,NOT ENOUGH INFORMATION / NOT APPLICABLE,,N,Unknown,Unknown,Daylight,,,,32,One parked--one moving,0,0,N,816.3953811949655,55