,X,Y,OBJECTID,INCKEY,COLDETKEY,REPORTNO,STATUS,ADDRTYPE,INTKEY,LOCATION,EXCEPTRSNCODE,EXCEPTRSNDESC,SEVERITYCODE,SEVERITYDESC,COLLISIONTYPE,PERSONCOUNT,PEDCOUNT,PEDCYLCOUNT,VEHCOUNT,INJURIES,SERIOUSINJURIES,FATALITIES,INCDATE,INCDTTM,JUNCTIONTYPE,SDOT_COLCODE,SDOT_COLDESC,INATTENTIONIND,UNDERINFL,WEATHER,ROADCOND,LIGHTCOND,PEDROWNOTGRNT,SDOTCOLNUM,SPEEDING,ST_COLCODE,ST_COLDESC,SEGLANEKEY,CROSSWALKKEY,HITPARKEDCAR,CLOSEST_CIRCLE_DIST,CLOSEST_CIRCLE_INDEX
8057,-122.33670298930424,47.58928645937273,8058,22180,22180,1783287,Matched,Block,,COLORADO AVE S BETWEEN S ATLANTIC ST AND S MASSACHUSETTS ST,,,1,Property Damage Only Collision,Parked Car,2,0,0,2,0,0,0,2004-08-15T00:00:00.000Z,8/15/2004 4:41:00 PM,Mid-Block (not related to intersection),11.0,"MOTOR VEHICLE STRUCK MOTOR VEHICLE, FRONT END AT ANGLE",,0,Clear or Partly Cloudy,Dry,Daylight,,4228028.0,,32,One parked--one moving,0,0,N,1644.57460511881,875
108277,-122.34459080764056,47.69636009510542,108278,123304,123304,3206464,Matched,Intersection,37328.0,AURORA AVE N AND N 93RD ST,,,2,Injury Collision,Left Turn,3,0,0,2,1,0,0,2011-04-01T00:00:00.000Z,4/1/2011 5:57:00 PM,At Intersection (intersection related),11.0,"MOTOR VEHICLE STRUCK MOTOR VEHICLE, FRONT END AT ANGLE",,N,Raining,Wet,Daylight,,11091015.0,,28,From opposite direction - one left turn - one straight,0,0,N,202.3563123516951,929
189103,-122.38812763268106,47.5638519984388,189104,250676,251276,E697486,Unmatched,Block,,44TH AVE SW BETWEEN SW GENESEE ST AND SW OREGON ST,NEI,"Not Enough Information, or Insufficient Location Information",0,Unknown,,1,0,0,0,0,0,0,2017-08-01T00:00:00.000Z,8/1/2017,Mid-Block (not related to intersection),0.0,NOT ENOUGH INFORMATION / NOT APPLICABLE,,,,,,,,, ,,0,0,N,221.4849794921387,249
133536,-122.35897828146345,47.6602143159972,133537,148812,148832,3645976,Matched,Block,,NW 44TH ST BETWEEN 2ND AVE NW AND BAKER AVE NW, ,,1,Property Damage Only Collision,Parked Car,2,0,0,2,0,0,0,2013-06-25T00:00:00.000Z,6/25/2013 7:36:00 PM,Mid-Block (not related to intersection),14.0,"MOTOR VEHICLE STRUCK MOTOR VEHICLE, REAR END",,N,Raining,Wet,Daylight,,,,32,One parked--one moving,0,0,N,44.969289660517916,81
2494,-122.33779049997344,47.61505626352636,3495,17550,17550,1783185,Matched,Block,,WESTLAKE AVE BETWEEN VIRGINIA ST AND 7TH AVE,,,1,Property Damage Only Collision,Angles,2,0,0,2,0,0,0,2004-06-19T00:00:00.000Z,6/19/2004 5:06:00 PM,Mid-Block (but intersection related),26.0,MOTOR VEHICLE STRUCK OBJECT IN ROAD,,0,Clear or Partly Cloudy,Dry,Daylight,,4171004.0,,10,Entering at angle,0,0,N,852.4357741303083,185
194847,-122.30363535135231,47.61293310447872,194848,267439,268219,E761992,Matched,Intersection,30148.0,22ND AVE AND E UNION ST, ,,1,Property Damage Only Collision,Rear Ended,5,0,0,2,0,0,0,2018-01-24T00:00:00.000Z,1/24/2018 1:20:00 PM,At Intersection (intersection related),14.0,"MOTOR VEHICLE STRUCK MOTOR VEHICLE, REAR END",,N,Raining,Wet,Daylight,,,,13,From same direction - both going straight - both moving - rear-end,0,0,N,215.2641081390176,262
124001,-122.33479292354076,47.54919188323864,124002,140295,140295,3545665,Matched,Block,,EAST MARGINAL WAY S BETWEEN S FIDALGO ST AND 1ST AVE S,,,2,Injury Collision,Rear Ended,2,0,0,2,1,0,0,2012-05-20T00:00:00.000Z,5/20/2012 3:04:00 AM,Driveway Junction,14.0,"MOTOR VEHICLE STRUCK MOTOR VEHICLE, REAR END",,N,Clear or Partly Cloudy,Dry,Dark - Street Lights On,,12141013.0,Y,13,From same direction - both going straight - both moving - rear-end,0,0,N,900.1398672065048,202
77426,-122.33131365385418,47.70864592480071,77427,91043,91043,3283837,Matched,Intersection,36585.0,CORLISS AVE N AND N NORTHGATE WAY,,,2,Injury Collision,Angles,2,0,0,2,2,0,0,2008-09-29T00:00:00.000Z,9/29/2008 4:53:00 PM,At Intersection (intersection related),11.0,"MOTOR VEHICLE STRUCK MOTOR VEHICLE, FRONT END AT ANGLE",,0,Clear or Partly Cloudy,Dry,Daylight,,8273006.0,,10,Entering at angle,0,0,N,403.7078311797319,265
147741,-122.34626497922329,47.63200092199518,146742,171460,171480,3560244,Matched,Block,,TAYLOR UPPER AVE N BETWEEN TAYLOR AVE N AND GALER ST, ,,2b,Serious Injury Collision,Parked Car,3,0,0,2,2,1,0,2014-07-09T00:00:00.000Z,7/9/2014 2:03:00 AM,Mid-Block (not related to intersection),14.0,"MOTOR VEHICLE STRUCK MOTOR VEHICLE, REAR END",,Y,Clear or Partly Cloudy,Dry,Dark - Street Lights On,,,Y,32,One parked--one moving,0,0,N,271.47280116085443,77
29013,-122.37096595504032,47.63775962186753,29014,42827,42827,1783210,Matched,Block,,W CROCKETT ST BETWEEN 10TH AVE W AND 11TH AVE W,,,1,Property Damage Only Collision,Parked Car,2,0,0,2,0,0,0,2005-01-28T00:00:00.000Z,1/28/2005 11:12:00 AM,Driveway Junction,11.0,"MOTOR VEHICLE STRUCK MOTOR VEHICLE, FRONT END AT ANGLE",,0,Clear or Partly Cloudy,Dry,Daylight,,5028035.0,,32,One parked--one moving,0,0,N,340.0071621494734,854
40196,-122.31335716949785,47.68668896619728,39197,53406,53406,C673491,Matched,Intersection,24398.0,LAKE CITY WAY NE AND NE 80TH ST,,,2,Injury Collision,Left Turn,3,0,0,2,2,0,0,2006-08-29T00:00:00.000Z,8/29/2006 11:15:00 AM,At Intersection (intersection related),11.0,"MOTOR VEHICLE STRUCK MOTOR VEHICLE, FRONT END AT ANGLE",,0,Clear or Partly Cloudy,Dry,Daylight,,6241037.0,,28,From opposite direction - one left turn - one straight,0,0,N,202.03529339528242,940
83146,-122.30166480087208,47.5829553356958,82147,96807,96807,3296392,Matched,Block,,RAINIER AVE S BETWEEN S COLLEGE N ST AND S COLLEGE S ST,,,1,Property Damage Only Collision,Angles,2,0,0,2,0,0,0,2009-07-20T00:00:00.000Z,7/20/2009 2:39:00 PM,Mid-Block (but intersection related),14.0,"MOTOR VEHICLE STRUCK MOTOR VEHICLE, REAR END",,0,Clear or Partly Cloudy,Dry,Daylight,,9201004.0,,10,Entering at angle,0,0,N,209.88044109620765,545
3276,-122.33408977385832,47.54564560713668,4277,18296,18296,04044042,Unmatched,Block,,1ST AV S BR SB BETWEEN EAST MARGINAL WAY S AND 1ST AV S SB ON RP,,,0,Unknown,,0,0,0,0,0,0,0,2004-02-13T00:00:00.000Z,2/13/2004,Mid-Block (but intersection related),14.0,"MOTOR VEHICLE STRUCK MOTOR VEHICLE, REAR END",,,,,,,4044042.0,,,,0,0,N,994.078035955902,202
61779,-122.28084854281641,47.54598761579852,61780,76555,76555,2613162,Matched,Intersection,33648.0,42ND AVE S AND S GRAHAM ST,,,1,Property Damage Only Collision,Angles,4,0,0,2,0,0,0,2007-04-15T00:00:00.000Z,4/15/2007 6:20:00 PM,At Intersection (intersection related),11.0,"MOTOR VEHICLE STRUCK MOTOR VEHICLE, FRONT END AT ANGLE",,0,Clear or Partly Cloudy,Dry,Daylight,,7105011.0,,10,Entering at angle,0,0,N,201.8163394340752,625
79754,-122.28934300208236,47.61162696211665,78755,93247,93247,C710476,Matched,Intersection,30279.0,34TH AVE AND E SPRING ST,,,1,Property Damage Only Collision,Other,2,0,0,2,0,0,0,2008-09-30T00:00:00.000Z,9/30/2008 7:30:00 AM,At Intersection (intersection related),11.0,"MOTOR VEHICLE STRUCK MOTOR VEHICLE, FRONT END AT ANGLE",,0,Clear or Partly Cloudy,Dry,Daylight,,8274033.0,,23,From same direction - all others,0,0,N,208.92607921862566,416
59361,-122.36384978803696,47.52468524593771,59362,73953,73953,2824911,Matched,Block,,SW TRENTON ST BETWEEN 24TH AVE SW AND 25TH AVE SW,,,1,Property Damage Only Collision,Parked Car,2,0,0,2,0,0,0,2007-10-03T00:00:00.000Z,10/3/2007,Mid-Block (not related to intersection),14.0,"MOTOR VEHICLE STRUCK MOTOR VEHICLE, REAR END",,0,Unknown,Wet,Daylight,,7276007.0,,32,One parked--one moving,0,0,N,356.0588939456648,467
202763,-122.34651431312192,47.53375165363018,202574,300664,301878,3742439,Matched,Block,,SW HOLDEN ST BETWEEN 8TH AVE SW AND HIGHLAND PK S WAY SW, ,,1,Property Damage Only Collision,Other,1,0,0,1,0,0,0,2018-08-19T00:00:00.000Z,8/19/2018 2:44:00 AM,Mid-Block (not related to intersection),28.0,MOTOR VEHICLE RAN OFF ROAD - HIT FIXED OBJECT,,N,Clear or Partly Cloudy,Dry,Dark - Street Lights On,,,,50,Fixed object,0,0,N,357.4504563868306,174
7811,-122.3854565839769,47.561974614328406,7812,21570,21570,1781665,Matched,Block,,42ND AVE SW BETWEEN SW OREGON ST AND SW ALASKA ST,,,1,Property Damage Only Collision,Parked Car,2,0,0,2,0,0,0,2004-04-13T00:00:00.000Z,4/13/2004 9:45:00 AM,Mid-Block (not related to intersection),14.0,"MOTOR VEHICLE STRUCK MOTOR VEHICLE, REAR END",,0,Clear or Partly Cloudy,Dry,Daylight,,4104009.0,,32,One parked--one moving,0,0,N,301.1532369160744,249
108391,-122.3371475996763,47.602347580425466,108392,123021,123021,3563583,Matched,Intersection,30351.0,ALASKAN WAY AND COLUMBIA ST,,,1,Property Damage Only Collision,Sideswipe,3,0,0,2,0,0,0,2011-01-28T00:00:00.000Z,1/28/2011 10:43:00 AM,At Intersection (intersection related),11.0,"MOTOR VEHICLE STRUCK MOTOR VEHICLE, FRONT END AT ANGLE",,N,Raining,Wet,Daylight,,11028015.0,,11,From same direction - both going straight - both moving - sideswipe,0,0,N,1305.1626499826593,762
138260,-122.35673850576008,47.620941004508154,138261,157592,157612,3641557,Matched,Intersection,28660.0,QUEEN ANNE AVE N AND THOMAS ST, ,,1,Property Damage Only Collision,Left Turn,3,0,0,2,0,0,0,2013-11-26T00:00:00.000Z,11/26/2013 12:50:00 PM,At Intersection (intersection related),11.0,"MOTOR VEHICLE STRUCK MOTOR VEHICLE, FRONT END AT ANGLE",,N,Clear or Partly Cloudy,Dry,Daylight,,,,28,From opposite direction - one left turn - one straight,0,0,N,714.9005185739953,663
115212,-122.385453979292,47.563780322928075,115213,131244,131244,3611086,Unmatched,Block,,42ND AVE SW BETWEEN SW GENESEE ST AND SW OREGON ST,,,0,Unknown,,0,0,0,0,0,0,0,2012-10-23T00:00:00.000Z,10/23/2012,Mid-Block (not related to intersection),13.0,"MOTOR VEHICLE STRUCK MOTOR VEHICLE, LEFT SIDE AT ANGLE",,,,,,,12297044.0,,,,0,0,N,100.39118487650695,249
79529,-122.33428214430144,47.6237125130172,78530,94443,94443,2893940,Matched,Block,,FAIRVIEW AVE N BETWEEN REPUBLICAN ST AND MERCER S SR ST,,,1,Property Damage Only Collision,Rear Ended,3,0,0,2,0,0,0,2009-04-17T00:00:00.000Z,4/17/2009 5:28:00 PM,Mid-Block (but intersection related),14.0,"MOTOR VEHICLE STRUCK MOTOR VEHICLE, REAR END",,0,Clear or Partly Cloudy,Dry,Unknown,,9107016.0,,14,From same direction - both going straight - one stopped - rear-end,0,0,N,701.490797917246,717
132998,-122.32154993011044,47.60541169599778,130999,148038,148058,3606336,Matched,Block,,BOREN AVE BETWEEN TERRACE ST AND JEFFERSON ST, ,,1,Property Damage Only Collision,Rear Ended,2,0,0,2,0,0,0,2013-06-12T00:00:00.000Z,6/12/2013 5:44:00 PM,Mid-Block (not related to intersection),14.0,"MOTOR VEHICLE STRUCK MOTOR VEHICLE, REAR END",Y,N,Clear or Partly Cloudy,Dry,Daylight,,,,14,From same direction - both going straight - one stopped - rear-end,0,0,N,614.4300153413442,762
75680,-122.38759277034792,47.686802765005744,74681,89146,89146,3287065,Matched,Intersection,23872.0,24TH AVE NW AND NW 80TH ST,,,2,Injury Collision,Angles,2,0,0,2,1,0,0,2008-12-29T00:00:00.000Z,12/29/2008 1:31:00 PM,At Intersection (intersection related),11.0,"MOTOR VEHICLE STRUCK MOTOR VEHICLE, FRONT END AT ANGLE",,0,Clear or Partly Cloudy,Dry,Daylight,,8364016.0,,10,Entering at angle,0,0,N,226.3118594882197,721
156150,-122.36633022904984,47.57157606644167,155151,186296,186376,3694956,Matched,Block,,WEST SEATTLE BR WB BETWEEN HARBOR AV SW OFF RP AND SW ADMIRAL WY OFF RP, ,,1,Property Damage Only Collision,Sideswipe,2,0,0,2,0,0,0,2015-03-01T00:00:00.000Z,3/1/2015 7:05:00 PM,Mid-Block (but intersection related),11.0,"MOTOR VEHICLE STRUCK MOTOR VEHICLE, FRONT END AT ANGLE",Y,N,Overcast,Dry,Dark - Street Lights On,,,,11,From same direction - both going straight - both moving - sideswipe,0,0,N,827.0137412100054,252
178023,-122.33754001043816,47.60779444958214,178024,231873,232273,E609399,Matched,Block,,2ND AVE BETWEEN UNIVERSITY ST AND UNION ST, ,,1,Property Damage Only Collision,Sideswipe,5,0,0,2,0,0,0,2016-11-11T00:00:00.000Z,11/11/2016 5:28:00 PM,Mid-Block (not related to intersection),11.0,"MOTOR VEHICLE STRUCK MOTOR VEHICLE, FRONT END AT ANGLE",,N,Clear or Partly Cloudy,Dry,Dark - Street Lights On,,,,11,From same direction - both going straight - both moving - sideswipe,0,0,N,983.5242017874408,688
84381,-122.40180159851465,47.6890444648975,84382,100344,100344,3289192,Matched,Block,,SEAVIEW PL NW BETWEEN SEAVIEW AVE NW AND GOLDEN GARDENS DR NW,,,1,Property Damage Only Collision,Other,2,0,0,1,0,0,0,2009-05-24T00:00:00.000Z,5/24/2009 11:11:00 PM,Mid-Block (not related to intersection),26.0,MOTOR VEHICLE STRUCK OBJECT IN ROAD,Y,0,Clear or Partly Cloudy,Dry,Dark - Street Lights On,,9144001.0,,50,Fixed object,0,0,N,647.1186664324827,905
2988,-122.34021614363122,47.60736380599102,3989,18102,18102,1182090,Matched,Intersection,29606.0,UNION ST AND WESTERN AVE,,,2,Injury Collision,Pedestrian,2,1,0,1,1,0,0,2004-11-18T00:00:00.000Z,11/18/2004 12:25:00 PM,At Intersection (intersection related),24.0,MOTOR VEHCILE STRUCK PEDESTRIAN,,0,Overcast,Dry,Daylight,Y,4323029.0,,0,Vehicle going straight hits pedestrian,0,0,N,1179.7173665497794,185
18947,-122.27394576821695,47.527905824057825,18948,33176,33176,1791540,Matched,Block,,S THISTLE ST BETWEEN 46TH AVE S AND 47TH AVE S,,,1,Property Damage Only Collision,Parked Car,2,0,0,2,0,0,0,2005-04-05T00:00:00.000Z,4/5/2005,Driveway Junction,13.0,"MOTOR VEHICLE STRUCK MOTOR VEHICLE, LEFT SIDE AT ANGLE",,0,Unknown,Unknown,Unknown,,5095030.0,,32,One parked--one moving,0,0,N,417.25395453540875,748
48375,-122.31080203668735,47.6648842324076,48376,62771,62771,2185217,Matched,Intersection,26053.0,16TH AVE NE AND NE 50TH ST,,,2,Injury Collision,Cycles,2,0,1,1,1,0,0,2006-03-27T00:00:00.000Z,3/27/2006 7:49:00 PM,At Intersection (intersection related),51.0,PEDALCYCLIST STRUCK MOTOR VEHICLE FRONT END AT ANGLE,,0,Clear or Partly Cloudy,Dry,Dark - Street Lights On,,6086007.0,,45,Vehicle - Pedalcyclist,0,0,N,170.7455940183423,389
182673,-122.32139200935262,47.587308682000646,182674,238012,238452,3699556,Matched,Block,,AIRPORT WAY S BETWEEN S MASSACHUSETTS ST AND S HOLGATE N ST,NEI,"Not Enough Information, or Insufficient Location Information",1,Property Damage Only Collision,Parked Car,3,0,0,2,0,0,0,2017-02-08T00:00:00.000Z,2/8/2017 11:15:00 AM,Mid-Block (not related to intersection),0.0,NOT ENOUGH INFORMATION / NOT APPLICABLE,Y,N,Raining,Wet,Daylight,,,,19,One car entering parked position,0,0,N,508.976120352581,875
126693,-122.2699953685627,47.521658880873545,127694,143765,143765,3672002,Matched,Block,,RAINIER AVE S BETWEEN S DIRECTOR S ST AND S FISHER PL, ,,2b,Serious Injury Collision,Sideswipe,3,0,0,2,2,1,0,2013-02-21T00:00:00.000Z,2/21/2013 9:20:00 PM,Mid-Block (not related to intersection),11.0,"MOTOR VEHICLE STRUCK MOTOR VEHICLE, FRONT END AT ANGLE",,N,Clear or Partly Cloudy,Dry,Dark - Street Lights On,,13052016.0,,11,From same direction - both going straight - both moving - sideswipe,0,0,N,617.6604192677343,60
191392,-122.33419545314449,47.59031216424016,191393,258737,259397,3818302,Matched,Intersection,30388.0,1ST AVE S AND S ATLANTIC ST, ,,2,Injury Collision,Cycles,2,0,1,1,1,0,0,2017-12-09T00:00:00.000Z,12/9/2017 10:40:00 AM,At Intersection (intersection related),18.0,"MOTOR VEHICLE STRUCK PEDALCYCLIST, FRONT END AT ANGLE",,N,Clear or Partly Cloudy,Wet,Daylight,Y,,,45,Vehicle - Pedalcyclist,0,605830,N,1511.770667845037,875
151393,-122.3756801350855,47.65369567702837,152394,182189,182249,3732706,Matched,Block,,15TH EMERSON RP BETWEEN 15TH AV W OFF RP AND 15TH AV W ON RP, ,,2,Injury Collision,Sideswipe,2,0,0,2,2,0,0,2014-12-23T00:00:00.000Z,12/23/2014 7:14:00 AM,Mid-Block (not related to intersection),11.0,"MOTOR VEHICLE STRUCK MOTOR VEHICLE, FRONT END AT ANGLE",Y,N,Overcast,Dry,Dawn,,,,26,From opposite direction - both going straight - sideswipe,0,0,N,1012.3769704308128,292
79046,-122.29861123046128,47.546326412572235,78047,92811,92811,3283707,Matched,Block,,S GRAHAM ST BETWEEN BEACON ER AVE S AND 28TH AVE S,,,1,Property Damage Only Collision,Parked Car,2,0,0,2,0,0,0,2008-10-03T00:00:00.000Z,10/3/2008,Mid-Block (not related to intersection),16.0,"MOTOR VEHICLE STRUCK MOTOR VEHICLE, LEFT SIDE SIDESWIPE",,0,Unknown,Unknown,Dusk,,8277074.0,,32,One parked--one moving,0,0,N,171.25669415857047,14
186404,-122.3128357315162,47.713980623297346,185405,241079,241519,3645019,Unmatched,Intersection,36469.0,PINEHURST WAY NE AND NE 117TH ST, ,,1,Property Damage Only Collision,,2,0,0,0,0,0,0,2017-05-12T00:00:00.000Z,5/12/2017,At Intersection (intersection related),14.0,"MOTOR VEHICLE STRUCK MOTOR VEHICLE, REAR END",,,,,,,,, ,,0,0,N,126.15176910513077,207
67765,-122.32244651086422,47.59876821257332,67766,82793,82793,2791749,Matched,Block,,8TH AVE S BETWEEN S JACKSON ST AND S KING ST,,,1,Property Damage Only Collision,Other,2,0,0,2,0,0,0,2008-03-17T00:00:00.000Z,3/17/2008 2:33:00 PM,Driveway Junction,11.0,"MOTOR VEHICLE STRUCK MOTOR VEHICLE, FRONT END AT ANGLE",,0,Clear or Partly Cloudy,Dry,Daylight,,8077022.0,,22,One car leaving driveway access,0,0,N,818.6201678731674,52
8510,-122.33831434245516,47.61439140363112,8511,22578,22578,1069692,Matched,Intersection,29543.0,6TH AVE AND VIRGINIA ST,,,1,Property Damage Only Collision,Angles,2,0,0,2,0,0,0,2004-11-30T00:00:00.000Z,11/30/2004 9:30:00 PM,At Intersection (intersection related),11.0,"MOTOR VEHICLE STRUCK MOTOR VEHICLE, FRONT END AT ANGLE",,0,Raining,Wet,Dark - Street Lights On,,4335032.0,,10,Entering at angle,0,0,N,873.9455688421149,185
188529,-122.30854292872722,47.59452746960906,188530,246244,246824,3773906,Matched,Block,,S CHARLES ST BETWEEN HIAWATHA PL S AND DAVIS PL S, ,,1,Property Damage Only Collision,Other,1,0,0,1,0,0,0,2017-07-29T00:00:00.000Z,7/29/2017 12:53:00 AM,Mid-Block (not related to intersection),28.0,MOTOR VEHICLE RAN OFF ROAD - HIT FIXED OBJECT,,Y,Clear or Partly Cloudy,Dry,Dark - Street Lights On,,,,50,Fixed object,0,0,N,44.72869111304241,13
91740,-122.32192040625559,47.70858579309433,91741,105513,105513,3284501,Matched,Block,,NE NORTHGATE WAY BETWEEN 5TH AVE NE AND 8TH AVE NE,,,1,Property Damage Only Collision,Sideswipe,2,0,0,2,0,0,0,2009-01-16T00:00:00.000Z,1/16/2009 8:00:00 AM,Mid-Block (not related to intersection),11.0,"MOTOR VEHICLE STRUCK MOTOR VEHICLE, FRONT END AT ANGLE",,N,Fog/Smog/Smoke,Dry,Daylight,,9016022.0,,11,From same direction - both going straight - both moving - sideswipe,0,0,N,414.8087937760104,662
32685,-122.3326553754476,47.708654515714905,30686,44698,44698,2025246,Matched,Block,,N NORTHGATE WAY BETWEEN MERIDIAN AVE N AND CORLISS AVE N,,,1,Property Damage Only Collision,Other,3,0,0,2,0,0,0,2005-11-25T00:00:00.000Z,11/25/2005 1:31:00 PM,Driveway Junction,11.0,"MOTOR VEHICLE STRUCK MOTOR VEHICLE, FRONT END AT ANGLE",,0,Raining,Wet,Daylight,,5329012.0,,22,One car leaving driveway access,0,0,N,413.79738956931556,265
166066,-122.31755267370005,47.68673212838139,166067,207696,207896,E486310,Matched,Intersection,24395.0,ROOSEVELT WAY NE AND NE 80TH ST, ,,1,Property Damage Only Collision,Other,0,0,0,2,0,0,0,2015-11-20T00:00:00.000Z,11/20/2015 11:54:00 AM,At Intersection (intersection related),11.0,"MOTOR VEHICLE STRUCK MOTOR VEHICLE, FRONT END AT ANGLE",,N,Clear or Partly Cloudy,Dry,Daylight,,,,50,Fixed object,0,0,N,216.17862329398343,435
141684,-122.33674724053915,47.68630288581042,141685,162979,162999,3333145,Matched,Block,,WALLINGFORD AVE N BETWEEN EAST GREEN LAKE DR N AND N 80TH ST, ,,1,Property Damage Only Collision,Parked Car,2,0,0,2,0,0,0,2010-03-26T00:00:00.000Z,3/26/2010 3:00:00 PM,Driveway Junction,13.0,"MOTOR VEHICLE STRUCK MOTOR VEHICLE, LEFT SIDE AT ANGLE",,N,Clear or Partly Cloudy,Dry,Daylight,,,,32,One parked--one moving,0,0,N,322.72550282876557,867
36499,-122.3234248574952,47.66497660659935,34500,48809,48809,2624677,Matched,Block,,NE 50TH ST BETWEEN 4TH AVE NE AND 5TH AVE NE,,,1,Property Damage Only Collision,Rear Ended,4,0,0,3,0,0,0,2006-08-30T00:00:00.000Z,8/30/2006 2:02:00 PM,Mid-Block (not related to intersection),14.0,"MOTOR VEHICLE STRUCK MOTOR VEHICLE, REAR END",,0,Clear or Partly Cloudy,Dry,Daylight,,6242015.0,,14,From same direction - both going straight - one stopped - rear-end,0,0,N,355.7322960211887,223
10517,-122.3608997266514,47.56024980367889,10518,23928,23928,1781211,Matched,Block,,22ND AVE SW BETWEEN 23RD AVE SW AND 21ST AVE SW,,,1,Property Damage Only Collision,Other,1,0,0,1,0,0,0,2004-07-04T00:00:00.000Z,7/4/2004,Mid-Block (but intersection related),28.0,MOTOR VEHICLE RAN OFF ROAD - HIT FIXED OBJECT,,0,Clear or Partly Cloudy,Dry,Dark - Street Lights On,,4186003.0,,50,Fixed object,0,0,N,398.70210368324746,519
132327,-122.3722404817466,47.573663864309616,130328,145558,145558,C775361,Unmatched,Intersection,32088.0,31ST AVE SW AND SW CITY VIEW ST, ,,1,Property Damage Only Collision,,2,0,0,0,0,0,0,2013-02-25T00:00:00.000Z,2/25/2013,At Intersection (intersection related),11.0,"MOTOR VEHICLE STRUCK MOTOR VEHICLE, FRONT END AT ANGLE",,,,,,,,, ,,0,0,N,369.17561946614904,252
10621,-122.35832938322169,47.65414879950279,10622,24785,24785,1080128,Matched,Block,,NW 39TH ST BETWEEN 1ST W AVE NW AND 2ND AVE NW,,,1,Property Damage Only Collision,Parked Car,2,0,0,2,0,0,0,2004-07-08T00:00:00.000Z,7/8/2004,Mid-Block (not related to intersection),11.0,"MOTOR VEHICLE STRUCK MOTOR VEHICLE, FRONT END AT ANGLE",,0,Other,Unknown,Daylight,,4190029.0,,32,One parked--one moving,0,0,N,494.8236295222802,570
94382,-122.37621311003001,47.670171431707715,95383,110419,110419,3376254,Matched,Intersection,25404.0,15TH AVE NW AND NW 57TH ST,,,1,Property Damage Only Collision,Angles,2,0,0,2,0,0,0,2010-03-11T00:00:00.000Z,3/11/2010 1:59:00 PM,At Intersection (intersection related),11.0,"MOTOR VEHICLE STRUCK MOTOR VEHICLE, FRONT END AT ANGLE",,N,Clear or Partly Cloudy,Dry,Daylight,,10070006.0,,10,Entering at angle,0,0,N,216.376208770521,133
145717,-122.35112151504869,47.61668524236958,145718,172121,172141,3696728,Matched,Block,,CLAY ST BETWEEN 1ST AVE AND 2ND AVE, ,,1,Property Damage Only Collision,Parked Car,2,0,0,2,0,0,0,2014-07-18T00:00:00.000Z,7/18/2014 12:02:00 PM,Mid-Block (not related to intersection),11.0,"MOTOR VEHICLE STRUCK MOTOR VEHICLE, FRONT END AT ANGLE",,N,Clear or Partly Cloudy,Dry,Daylight,,,,19,One car entering parked position,0,0,N,1068.8626757259012,663
154009,-122.33474612438319,47.544974192817115,154010,186720,186800,E399419,Matched,Block,,1ST AVE S BETWEEN S FRONT ST AND S MICHIGAN N ST, ,,1,Property Damage Only Collision,Other,1,0,0,1,0,0,0,2015-02-09T00:00:00.000Z,2/9/2015 9:00:00 PM,Mid-Block (not related to intersection),26.0,MOTOR VEHICLE STRUCK OBJECT IN ROAD,,N,Raining,Wet,Dark - Street Lights On,,,,50,Fixed object,0,0,N,1037.3152762540328,789
122655,-122.3630317446378,47.548385255568505,123656,140463,140463,3547471,Matched,Block,,DELRIDGE WAY SW BETWEEN SW JUNEAU ST AND 24TH AVE SW,,,1,Property Damage Only Collision,Rear Ended,2,0,0,2,0,0,0,2012-11-08T00:00:00.000Z,11/8/2012 5:50:00 PM,Mid-Block (but intersection related),14.0,"MOTOR VEHICLE STRUCK MOTOR VEHICLE, REAR END",,N,Clear or Partly Cloudy,Dry,Dark - Street Lights On,,12313023.0,Y,14,From same direction - both going straight - one stopped - rear-end,0,0,N,625.1045603802459,949
110984,-122.2764032545482,47.52331233900897,112985,128466,128466,C749691,Unmatched,Intersection,35274.0,RENTON AVE S AND S HENDERSON ST, ,,0,Unknown,,0,0,0,0,0,0,0,2011-03-26T00:00:00.000Z,3/26/2011,At Intersection (intersection related),0.0,NOT ENOUGH INFORMATION / NOT APPLICABLE,,,,,,,11085041.0,, ,,0,0,N,880.5574829538422,401
196549,-122.3167845041913,47.61349513768653,196550,289102,289962,E801067,Matched,Block,,12TH AVE BETWEEN E MADISON ST AND E PIKE ST, ,,1,Property Damage Only Collision,Other,1,0,0,1,0,0,0,2018-05-18T00:00:00.000Z,5/18/2018 10:43:00 PM,Mid-Block (not related to intersection),26.0,MOTOR VEHICLE STRUCK OBJECT IN ROAD,Y,N,Clear or Partly Cloudy,Dry,Dark - Street Lights On,,,,50,Fixed object,0,0,N,238.1960031035357,837
83203,-122.33512927310603,47.60515932143504,82204,98161,98161,3208222,Matched,Intersection,29614.0,2ND AVE AND MADISON ST,,,1,Property Damage Only Collision,Angles,4,0,0,2,0,0,0,2009-12-24T00:00:00.000Z,12/24/2009 3:42:00 PM,At Intersection (intersection related),11.0,"MOTOR VEHICLE STRUCK MOTOR VEHICLE, FRONT END AT ANGLE",,0,Clear or Partly Cloudy,Dry,Daylight,,9358004.0,,10,Entering at angle,0,0,N,985.8166473692512,762