,X,Y,OBJECTID,INCKEY,COLDETKEY,REPORTNO,STATUS,ADDRTYPE,INTKEY,LOCATION,EXCEPTRSNCODE,EXCEPTRSNDESC,SEVERITYCODE,SEVERITYDESC,COLLISIONTYPE,PERSONCOUNT,PEDCOUNT,PEDCYLCOUNT,VEHCOUNT,INJURIES,SERIOUSINJURIES,FATALITIES,INCDATE,INCDTTM,JUNCTIONTYPE,SDOT_COLCODE,SDOT_COLDESC,INATTENTIONIND,UNDERINFL,WEATHER,ROADCOND,LIGHTCOND,PEDROWNOTGRNT,SDOTCOLNUM,SPEEDING,ST_COLCODE,ST_COLDESC,SEGLANEKEY,CROSSWALKKEY,HITPARKEDCAR,CLOSEST_CIRCLE_DIST,CLOSEST_CIRCLE_INDEX
128999,-122.29618809245692,47.57834714614385,127000,141621,141621,3548768,Matched,Intersection,31481.0,M L KING JR WAY S AND S MCCLELLAN ST,,,1,Property Damage Only Collision,Rear Ended,2,0,0,2,0,0,0,2012-03-29T00:00:00.000Z,3/29/2012 11:30:00 AM,At Intersection (intersection related),14.0,"MOTOR VEHICLE STRUCK MOTOR VEHICLE, REAR END",,N,Raining,Wet,Daylight,,12089043.0,,14,From same direction - both going straight - one stopped - rear-end,0,0,N,328.90370645771463,888
135451,-122.33409943053896,47.7150149898167,136452,154016,154036,3641972,Matched,Block,,MERIDIAN AVE N BETWEEN N 117TH ST AND N 120TH ST, ,,1,Property Damage Only Collision,Sideswipe,2,0,0,2,0,0,0,2013-09-14T00:00:00.000Z,9/14/2013 11:21:00 AM,Mid-Block (not related to intersection),11.0,"MOTOR VEHICLE STRUCK MOTOR VEHICLE, FRONT END AT ANGLE",,N,Clear or Partly Cloudy,Dry,Daylight,,,,12,From same direction - both going straight - one stopped - sideswipe,0,0,N,225.59738940455168,601
90024,-122.324465292759,47.614658366438945,90025,105186,105186,3283592,Matched,Block,,BELMONT AVE BETWEEN E PIKE ST AND E PINE ST,,,1,Property Damage Only Collision,Parked Car,2,0,0,2,0,0,0,2009-09-24T00:00:00.000Z,9/24/2009 4:55:00 PM,Mid-Block (not related to intersection),11.0,"MOTOR VEHICLE STRUCK MOTOR VEHICLE, FRONT END AT ANGLE",,0,Unknown,Unknown,Dusk,,9267019.0,,32,One parked--one moving,0,0,N,203.94634378581668,55
81230,-122.35550140358102,47.71143557359115,81231,94616,94616,3284567,Matched,Block,,GREENWOOD AVE N BETWEEN N 112TH ST AND N 115TH ST,,,2,Injury Collision,Rear Ended,2,0,0,2,1,0,0,2009-08-14T00:00:00.000Z,8/14/2009 6:21:00 PM,Mid-Block (not related to intersection),14.0,"MOTOR VEHICLE STRUCK MOTOR VEHICLE, REAR END",,0,Overcast,Dry,Dusk,,9226008.0,,13,From same direction - both going straight - both moving - rear-end,0,0,N,141.22280557057422,227
60316,-122.30554684042428,47.6656794351745,60317,74984,74984,2829282,Matched,Block,,21ST AVE NE BETWEEN NE 50TH ST AND NE 52ND ST,,,1,Property Damage Only Collision,Parked Car,2,0,0,2,0,0,0,2007-06-27T00:00:00.000Z,6/27/2007 9:30:00 AM,Driveway Junction,13.0,"MOTOR VEHICLE STRUCK MOTOR VEHICLE, LEFT SIDE AT ANGLE",,0,Unknown,Unknown,Unknown,,7178022.0,,32,One parked--one moving,0,0,N,145.35803178173163,616
122714,-122.2849435563693,47.57525447244113,123715,139279,139279,3608423,Matched,Intersection,30889.0,HUNTER ER BLVD S AND MOUNT RAINIER DR S,,,2,Injury Collision,Rear Ended,5,0,0,2,2,0,0,2012-11-19T00:00:00.000Z,11/19/2012 5:37:00 PM,At Intersection (intersection related),14.0,"MOTOR VEHICLE STRUCK MOTOR VEHICLE, REAR END",,N,Raining,Wet,Dusk,,12324036.0,,14,From same direction - both going straight - one stopped - rear-end,0,0,N,64.80577629932132,591
8681,-122.38376984534254,47.54577968650248,8682,22632,22632,C627938,Matched,Block,,FAUNTLEROY WAY SW BETWEEN 40TH AVE SW AND 41ST AVE SW,,,1,Property Damage Only Collision,Parked Car,2,0,0,2,0,0,0,2004-01-21T00:00:00.000Z,1/21/2004 10:15:00 AM,Mid-Block (not related to intersection),11.0,"MOTOR VEHICLE STRUCK MOTOR VEHICLE, FRONT END AT ANGLE",,0,Overcast,Dry,Daylight,,4021032.0,,20,One car leaving parked position,0,0,N,264.07670195966614,234
98177,-122.31665565908095,47.6583559542751,98178,111952,111952,3376358,Matched,Intersection,27087.0,11TH AVE NE AND NE 42ND ST, ,,2,Injury Collision,Pedestrian,2,1,0,1,1,0,0,2010-04-07T00:00:00.000Z,4/7/2010 4:36:00 PM,At Intersection (intersection related),24.0,MOTOR VEHCILE STRUCK PEDESTRIAN,,N,Raining,Wet,Daylight,Y,10097003.0,,2,Vehicle turning left hits pedestrian,0,520886,N,85.3340000301568,899
133754,-122.33446376986288,47.61114239799386,133755,151726,151746,2900169,Matched,Intersection,29894.0,6TH AVE AND PIKE ST, ,,1,Property Damage Only Collision,Sideswipe,2,0,0,2,0,0,0,2010-06-25T00:00:00.000Z,6/25/2010 3:00:00 PM,At Intersection (intersection related),11.0,"MOTOR VEHICLE STRUCK MOTOR VEHICLE, FRONT END AT ANGLE",,N,Overcast,Dry,Daylight,,,,71,Same direction -- both turning right -- both moving -- sideswipe,0,0,N,604.5813207282596,185
157809,-122.32056130260521,47.70857741076025,157810,193191,193271,3738744,Matched,Intersection,36500.0,8TH AVE NE AND NE NORTHGATE WAY, ,,2,Injury Collision,Pedestrian,2,1,0,1,1,0,0,2015-05-12T00:00:00.000Z,5/12/2015 4:57:00 PM,At Intersection (intersection related),24.0,MOTOR VEHCILE STRUCK PEDESTRIAN,Y,N,Clear or Partly Cloudy,Dry,Daylight,,,,1,Vehicle turning right hits pedestrian,0,521317,N,404.59818312011583,662
37602,-122.35396804363349,47.522859806784346,37603,51827,51827,2060256,Matched,Intersection,35034.0,15TH AVE SW AND SW HENDERSON ST,,,2,Injury Collision,Other,2,0,0,1,1,0,0,2006-01-01T00:00:00.000Z,1/1/2006,At Intersection (intersection related),28.0,MOTOR VEHICLE RAN OFF ROAD - HIT FIXED OBJECT,,0,Unknown,Wet,Dark - Street Lights On,,6001003.0,,50,Fixed object,0,0,N,276.3040691663653,944
159727,-122.29416074695573,47.72109139593143,160728,198779,198919,3738798,Matched,Intersection,36067.0,LAKE CITY WAY NE AND NE 127TH ST, ,,1,Property Damage Only Collision,Other,1,0,0,1,0,0,0,2015-07-24T00:00:00.000Z,7/24/2015 11:37:00 AM,At Intersection (but not related to intersection),29.0,MOTOR VEHICLE OVERTURNED IN ROAD,,N,Raining,Wet,Daylight,,,,52,Vehicle overturned,0,0,N,370.95139473026927,726
182307,-122.31440222422349,47.65684818517214,182308,239083,239523,3767302,Matched,Intersection,27104.0,BROOKLYN AVE NE AND NE 41ST ST, ,,1,Property Damage Only Collision,Left Turn,2,0,0,2,0,0,0,2017-04-03T00:00:00.000Z,4/3/2017 10:08:00 PM,At Intersection (intersection related),14.0,"MOTOR VEHICLE STRUCK MOTOR VEHICLE, REAR END",,N,Clear or Partly Cloudy,Dry,Dark - Street Lights On,,,,15,From same direction - one left turn - one straight,0,0,N,186.14485039228455,899
198587,-122.33867743077681,47.556591368817294,197588,287657,288537,E798247,Matched,Block,,EAST MARGINAL WAY S BETWEEN S HUDSON ST AND S DAWSON ST, ,,2,Injury Collision,Right Turn,3,0,0,2,1,0,0,2018-05-12T00:00:00.000Z,5/12/2018 3:46:00 PM,Mid-Block (but intersection related),11.0,"MOTOR VEHICLE STRUCK MOTOR VEHICLE, FRONT END AT ANGLE",Y,N,Clear or Partly Cloudy,Dry,Daylight,,,,16,From same direction - one right turn - one straight,0,0,N,1361.890372805594,202
32381,-122.31503015805923,47.59960074309942,30382,44610,44610,C647973,Matched,Block,,BOREN AVE S BETWEEN S MAIN ST AND RAINIER AVE S,,,2,Injury Collision,Sideswipe,2,0,0,2,1,0,0,2005-04-21T00:00:00.000Z,4/21/2005 1:45:00 PM,Mid-Block (but intersection related),15.0,"MOTOR VEHICLE STRUCK MOTOR VEHICLE, RIGHT SIDE SIDESWIPE",,0,Clear or Partly Cloudy,Dry,Daylight,,5111038.0,,12,From same direction - both going straight - one stopped - sideswipe,0,0,N,295.5303759024688,52
93061,-122.31347891553476,47.54629285803458,93062,109289,109289,3343981,Matched,Block,,S HARDY ST BETWEEN STANLEY AVE S AND AIRPORT WAY S,,,1,Property Damage Only Collision,Parked Car,2,0,0,2,0,0,0,2010-01-17T00:00:00.000Z,1/17/2010 7:15:00 AM,Mid-Block (but intersection related),11.0,"MOTOR VEHICLE STRUCK MOTOR VEHICLE, FRONT END AT ANGLE",,N,Overcast,Wet,Dark - Street Lights On,,10017010.0,,32,One parked--one moving,0,0,N,542.8051980429406,399
196730,-122.28403947833478,47.70829629472646,196731,284057,284937,E790866,Matched,Block,,NE 110TH ST BETWEEN 40TH AVE NE AND ALTON AVE NE, ,,2,Injury Collision,Left Turn,2,0,0,2,1,0,0,2018-04-22T00:00:00.000Z,4/22/2018 11:10:00 AM,Driveway Junction,11.0,"MOTOR VEHICLE STRUCK MOTOR VEHICLE, FRONT END AT ANGLE",,N,Clear or Partly Cloudy,Dry,Daylight,,,,28,From opposite direction - one left turn - one straight,0,0,N,398.2709817358911,296
191533,-122.33420081438796,47.579811138377295,191534,260738,261438,C813342,Unmatched,Intersection,31372.0,1ST AVE S AND S LANDER ST, ,,0,Unknown,,0,0,0,0,0,0,0,2016-09-30T00:00:00.000Z,9/30/2016,At Intersection (but not related to intersection),14.0,"MOTOR VEHICLE STRUCK MOTOR VEHICLE, REAR END",,,,,,,,, ,,0,0,N,1467.9352075193897,875
178772,-122.334201368884,47.5787707065475,178773,233343,233743,E621075,Matched,Block,,1ST AVE S BETWEEN S LANDER ST AND S FOREST ST, ,,1,Property Damage Only Collision,Other,1,0,0,1,0,0,0,2016-12-15T00:00:00.000Z,12/15/2016 11:26:00 AM,Mid-Block (not related to intersection),26.0,MOTOR VEHICLE STRUCK OBJECT IN ROAD,,N,Clear or Partly Cloudy,Dry,Daylight,,,,50,Fixed object,0,0,N,1470.1610490579633,818
97535,-122.32594438000477,47.61811142662006,97536,112443,112443,3383124,Matched,Block,,E OLIVE WAY BETWEEN E HOWELL ST AND E DENNY WAY,,,1,Property Damage Only Collision,Parked Car,2,0,0,2,0,0,0,2010-11-09T00:00:00.000Z,11/9/2010 10:30:00 PM,Mid-Block (not related to intersection),11.0,"MOTOR VEHICLE STRUCK MOTOR VEHICLE, FRONT END AT ANGLE",,N,Unknown,Unknown,Unknown,,10313007.0,,32,One parked--one moving,0,0,N,197.75519050444532,107
57470,-122.3325719962734,47.65970604876018,57471,71824,71824,C694601,Matched,Block,,BAGLEY AVE N BETWEEN N 43RD ST AND N 44TH ST,,,1,Property Damage Only Collision,Parked Car,2,0,0,2,0,0,0,2007-11-04T00:00:00.000Z,11/4/2007,Mid-Block (not related to intersection),12.0,"MOTOR VEHICLE STRUCK MOTOR VEHICLE, RIGHT SIDE AT ANGLE",,0,Clear or Partly Cloudy,Dry,Dark - Street Lights On,,7308039.0,,32,One parked--one moving,0,0,N,64.7817241986473,990
167972,-122.3445144354172,47.68911276551052,167973,210774,211014,3575420,Matched,Intersection,24276.0,AURORA AVE N AND GREEN LAKE DR N, ,,2,Injury Collision,Angles,4,0,0,3,2,0,0,2016-01-06T00:00:00.000Z,1/6/2016 12:08:00 PM,At Intersection (intersection related),11.0,"MOTOR VEHICLE STRUCK MOTOR VEHICLE, FRONT END AT ANGLE",Y,N,Clear or Partly Cloudy,Dry,Daylight,,,,10,Entering at angle,0,0,N,315.9952495098829,648
27450,-122.29621289616176,47.622815814435036,27451,41642,41642,1744677,Matched,Intersection,29252.0,M L KING JR WAY E AND E ARTHUR PL,,,2,Injury Collision,Rear Ended,3,0,0,2,2,0,0,2005-02-14T00:00:00.000Z,2/14/2005 7:47:00 AM,At Intersection (intersection related),14.0,"MOTOR VEHICLE STRUCK MOTOR VEHICLE, REAR END",,0,Overcast,Dry,Daylight,,5045014.0,,14,From same direction - both going straight - one stopped - rear-end,0,0,N,313.22006208133337,987
141644,-122.32440154887614,47.60002891337677,141645,161845,161865,C782820,Unmatched,Block,,S MAIN ST BETWEEN MAYNARD AVE S AND 7TH AVE S, ,,2,Injury Collision,,1,0,0,0,1,0,0,2013-10-05T00:00:00.000Z,10/5/2013,Mid-Block (not related to intersection),14.0,"MOTOR VEHICLE STRUCK MOTOR VEHICLE, REAR END",,,,,,,,, ,,0,0,N,915.5823753440244,627
188362,-122.32209227156824,47.643190400202634,188363,245862,246462,3738150,Matched,Intersection,28207.0,HARVARD AVE E AND E ROANOKE ST, ,,2,Injury Collision,Angles,3,0,0,2,3,0,0,2017-07-29T00:00:00.000Z,7/29/2017 11:28:00 PM,At Intersection (intersection related),11.0,"MOTOR VEHICLE STRUCK MOTOR VEHICLE, FRONT END AT ANGLE",Y,N,Clear or Partly Cloudy,Dry,Dark - Street Lights On,,,,10,Entering at angle,0,0,N,239.05542332544047,149
125219,-122.35502573256464,47.534557669036175,125220,138809,138809,3547222,Matched,Intersection,34146.0,16TH AVE SW AND SW AUSTIN ST,,,1,Property Damage Only Collision,Left Turn,2,0,0,2,0,0,0,2012-09-24T00:00:00.000Z,9/24/2012 1:10:00 PM,At Intersection (intersection related),14.0,"MOTOR VEHICLE STRUCK MOTOR VEHICLE, REAR END",,N,Clear or Partly Cloudy,Dry,Daylight,,12268010.0,,28,From opposite direction - one left turn - one straight,0,0,N,356.3066026889204,174
175543,-122.2636208471264,47.67542045067193,176544,226252,226592,3762407,Matched,Block,,SAND POINT WAY NE BETWEEN NE 64TH ST AND NE 65TH ST, ,,1,Property Damage Only Collision,Other,1,0,0,1,0,0,0,2016-08-31T00:00:00.000Z,8/31/2016 12:47:00 AM,Mid-Block (not related to intersection),28.0,MOTOR VEHICLE RAN OFF ROAD - HIT FIXED OBJECT,,Y,Clear or Partly Cloudy,Dry,Dark - Street Lights On,,,,50,Fixed object,0,0,N,369.01960900788526,418
77714,-122.33370924991483,47.6128314804564,77715,91321,91321,2805071,Matched,Block,,PINE ST BETWEEN 7TH AVE AND 8TH AVE,,,1,Property Damage Only Collision,Rear Ended,2,0,0,2,0,0,0,2008-06-06T00:00:00.000Z,6/6/2008,Mid-Block (but intersection related),14.0,"MOTOR VEHICLE STRUCK MOTOR VEHICLE, REAR END",,0,Clear or Partly Cloudy,Dry,Daylight,,8158033.0,,14,From same direction - both going straight - one stopped - rear-end,0,0,N,513.3033778194678,185
178661,-122.35340571899813,47.65307551747405,178662,230283,230683,3762803,Unmatched,Block,,FRANCIS AVE N BETWEEN N 36TH ST AND N 39TH ST, ,,1,Property Damage Only Collision,,1,0,0,0,0,0,0,2016-10-24T00:00:00.000Z,10/24/2016,Driveway Junction,12.0,"MOTOR VEHICLE STRUCK MOTOR VEHICLE, RIGHT SIDE AT ANGLE",,,,,,,,, ,,0,0,Y,525.4753477797447,570
169524,-122.33917357123379,47.61372706928747,170525,213811,214071,3791304,Matched,Intersection,29549.0,5TH AVE AND VIRGINIA ST, ,,1,Property Damage Only Collision,Angles,4,0,0,3,0,0,0,2016-02-18T00:00:00.000Z,2/18/2016 9:18:00 PM,At Intersection (intersection related),14.0,"MOTOR VEHICLE STRUCK MOTOR VEHICLE, REAR END",,N,Overcast,Wet,Dark - Street Lights On,,,,10,Entering at angle,0,0,N,927.8546448033271,185
45473,-122.33418803153756,47.59920482885765,45474,59686,59686,2607417,Matched,Intersection,30365.0,1ST AVE S AND S JACKSON ST,,,2,Injury Collision,Cycles,2,0,1,1,1,0,0,2006-09-12T00:00:00.000Z,9/12/2006 3:50:00 PM,At Intersection (intersection related),51.0,PEDALCYCLIST STRUCK MOTOR VEHICLE FRONT END AT ANGLE,,0,Clear or Partly Cloudy,Dry,Daylight,,6255004.0,,45,Vehicle - Pedalcyclist,0,0,N,1446.5821355560145,762
173641,-122.30461234735965,47.646606232744645,173642,224258,224538,E566620,Matched,Block,,MONTLAKE BLVD E BETWEEN E SHELBY ST AND MONTLAKE BR, ,,2,Injury Collision,Rear Ended,2,0,0,2,1,0,0,2016-07-22T00:00:00.000Z,7/22/2016 12:25:00 PM,Mid-Block (but intersection related),14.0,"MOTOR VEHICLE STRUCK MOTOR VEHICLE, REAR END",Y,N,Clear or Partly Cloudy,Dry,Daylight,,,,14,From same direction - both going straight - one stopped - rear-end,0,0,N,465.8641817533368,1034
95587,-122.33972000819819,47.658585502300646,94588,108164,108164,3376387,Matched,Block,,ASHWORTH AVE N BETWEEN N 42ND ST AND N 43RD ST,,,1,Property Damage Only Collision,Parked Car,2,0,0,2,0,0,0,2010-05-06T00:00:00.000Z,5/6/2010 10:00:00 AM,Mid-Block (not related to intersection),11.0,"MOTOR VEHICLE STRUCK MOTOR VEHICLE, FRONT END AT ANGLE",,N,Clear or Partly Cloudy,Dry,Daylight,,10126008.0,,32,One parked--one moving,0,0,N,64.73798287414482,276
151343,-122.31087419239854,47.610371193371286,152344,183940,184020,3626663,Matched,Block,,E MARION ST BETWEEN 16TH AVE AND 17TH AVE, ,,2,Injury Collision,Parked Car,3,0,0,3,1,0,0,2015-01-24T00:00:00.000Z,1/24/2015 12:10:00 AM,Mid-Block (not related to intersection),12.0,"MOTOR VEHICLE STRUCK MOTOR VEHICLE, RIGHT SIDE AT ANGLE",,Y,Clear or Partly Cloudy,Wet,Dark - Street Lights On,,,,32,One parked--one moving,0,0,N,48.9236559640182,716
10981,-122.34710498681105,47.617243281538784,10982,24589,24589,1783442,Unmatched,Intersection,29670.0,4TH AVE AND VINE ST,,,0,Unknown,,0,0,0,0,0,0,0,2004-11-08T00:00:00.000Z,11/8/2004,At Intersection (intersection related),11.0,"MOTOR VEHICLE STRUCK MOTOR VEHICLE, FRONT END AT ANGLE",,,,,,,4313002.0,,,,0,0,N,1031.9517507073447,422
150862,-122.31208921826551,47.58297758701785,151863,185075,185155,3693848,Matched,Intersection,31572.0,16TH AVE S AND S COLLEGE ST, ,,2,Injury Collision,Pedestrian,3,1,0,1,1,0,0,2015-02-04T00:00:00.000Z,2/4/2015 5:57:00 PM,At Intersection (intersection related),24.0,MOTOR VEHCILE STRUCK PEDESTRIAN,,N,Raining,Wet,Dark - No Street Lights,,,,0,Vehicle going straight hits pedestrian,0,31572,N,173.76558847605008,835
94281,-122.31780505212765,47.62311798012804,95282,110953,110953,3198948,Matched,Intersection,29016.0,11TH AVE E AND E REPUBLICAN ST,,,1,Property Damage Only Collision,Angles,4,0,0,4,0,0,0,2010-02-14T00:00:00.000Z,2/14/2010 5:55:00 AM,At Intersection (intersection related),11.0,"MOTOR VEHICLE STRUCK MOTOR VEHICLE, FRONT END AT ANGLE",,N,Clear or Partly Cloudy,Dry,Dark - Street Lights On,,10045005.0,,10,Entering at angle,0,0,N,78.97494775938623,746
91877,-122.31015095077602,47.61601516600872,91878,105386,105386,3199154,Matched,Block,,17TH AVE BETWEEN E MADISON ST AND E OLIVE ST,,,1,Property Damage Only Collision,Parked Car,2,0,0,2,0,0,0,2009-06-01T00:00:00.000Z,6/1/2009,Mid-Block (but intersection related),11.0,"MOTOR VEHICLE STRUCK MOTOR VEHICLE, FRONT END AT ANGLE",,0,Clear or Partly Cloudy,Dry,Daylight,,9152025.0,,32,One parked--one moving,0,0,N,109.15240539839095,689
200425,-122.285799071736,47.66206200272005,198426,284822,285702,3754330,Matched,Block,,SAND POINT WAY NE BETWEEN NE 45TH ST AND 40TH AVE NE, ,,3,Fatality Collision,Pedestrian,3,1,0,2,0,0,1,2018-04-30T00:00:00.000Z,4/30/2018 11:36:00 PM,Mid-Block (not related to intersection),24.0,MOTOR VEHCILE STRUCK PEDESTRIAN,,N,Clear or Partly Cloudy,Dry,Dark - Street Lights On,,,,0,Vehicle going straight hits pedestrian,0,0,N,249.41023707194515,310
189099,-122.36317458193243,47.534609253025216,189100,250018,250618,3342575,Matched,Block,,24TH AVE SW BETWEEN SW WEBSTER ST AND SW HOLDEN ST, ,,1,Property Damage Only Collision,Parked Car,0,0,0,2,0,0,0,2017-10-14T00:00:00.000Z,10/14/2017 6:00:00 AM,Mid-Block (not related to intersection),16.0,"MOTOR VEHICLE STRUCK MOTOR VEHICLE, LEFT SIDE SIDESWIPE",,N,Unknown,Dry,Unknown,,,,32,One parked--one moving,0,0,Y,502.61548409377656,548
3452,-122.3300094981593,47.59959343580528,4453,18236,18236,04174040,Unmatched,Block,,2ND AV ET S BETWEEN S JACKSON ST AND S MAIN ST,,,0,Unknown,,0,0,0,0,0,0,0,2004-06-22T00:00:00.000Z,6/22/2004,Mid-Block (but intersection related),14.0,"MOTOR VEHICLE STRUCK MOTOR VEHICLE, REAR END",,,,,,,4174040.0,,,,0,0,N,1278.7933078449148,762
20556,-122.2793852779412,47.537052559790524,20557,34815,34815,1797384,Matched,Intersection,34466.0,43RD AVE S AND S OTHELLO ST,,,2,Injury Collision,Angles,5,0,0,2,1,0,0,2005-05-25T00:00:00.000Z,5/25/2005 9:00:00 AM,At Intersection (intersection related),11.0,"MOTOR VEHICLE STRUCK MOTOR VEHICLE, FRONT END AT ANGLE",,0,Clear or Partly Cloudy,Dry,Daylight,,5145030.0,,10,Entering at angle,0,0,N,204.38766734554758,954
10165,-122.28337580709028,47.54787530074,10166,23966,23966,1779598,Matched,Block,,39TH AVE S BETWEEN S JUNEAU ST AND S GRAHAM ST,,,2,Injury Collision,Parked Car,5,0,0,3,1,0,0,2004-03-19T00:00:00.000Z,3/19/2004 1:50:00 PM,Mid-Block (not related to intersection),11.0,"MOTOR VEHICLE STRUCK MOTOR VEHICLE, FRONT END AT ANGLE",,0,Clear or Partly Cloudy,Dry,Daylight,,4079010.0,,20,One car leaving parked position,0,0,N,205.84756201438915,600
20218,-122.3165789341517,47.661291960354745,20219,34033,34033,2060882,Matched,Intersection,27065.0,11TH AVE NE AND NE 45TH ST,,,1,Property Damage Only Collision,Left Turn,2,0,0,2,0,0,0,2005-09-21T00:00:00.000Z,9/21/2005 11:30:00 PM,At Intersection (intersection related),11.0,"MOTOR VEHICLE STRUCK MOTOR VEHICLE, FRONT END AT ANGLE",,0,Clear or Partly Cloudy,Dry,Dark - Street Lights On,,5264032.0,,15,From same direction - one left turn - one straight,0,0,N,245.31187465860324,785
191215,-122.33754426965875,47.60612175846337,191216,254753,255393,E736996,Matched,Intersection,29611.0,1ST AVE AND SENECA ST, ,,1,Property Damage Only Collision,Other,1,0,0,1,0,0,0,2017-11-10T00:00:00.000Z,11/10/2017 7:30:00 PM,At Intersection (intersection related),28.0,MOTOR VEHICLE RAN OFF ROAD - HIT FIXED OBJECT,,N,Unknown,Unknown,Dark - Street Lights On,,,,50,Fixed object,0,0,N,1083.5397546243382,688
117250,-122.33185856018312,47.617609533487126,117251,132921,132921,3326547,Matched,Intersection,29172.0,MINOR AVE AND STEWART ST,,,1,Property Damage Only Collision,Left Turn,2,0,0,2,0,0,0,2012-12-24T00:00:00.000Z,12/24/2012 2:49:00 PM,At Intersection (intersection related),11.0,"MOTOR VEHICLE STRUCK MOTOR VEHICLE, FRONT END AT ANGLE",,N,Overcast,Dry,Daylight,,12359005.0,,15,From same direction - one left turn - one straight,0,0,N,495.25849357394145,55
191923,-122.32912359482559,47.60865809544408,191924,256617,257257,E738447,Matched,Intersection,29926.0,8TH AVE AND SPRING ST, ,,1,Property Damage Only Collision,Angles,5,0,0,2,0,0,0,2017-11-21T00:00:00.000Z,11/21/2017 2:00:00 PM,At Intersection (intersection related),11.0,"MOTOR VEHICLE STRUCK MOTOR VEHICLE, FRONT END AT ANGLE",,N,Raining,Wet,Daylight,,,,10,Entering at angle,0,0,N,392.71740000534743,762
64751,-122.28325120010584,47.55569694248286,64752,78641,78641,2794399,Matched,Intersection,337795.0,39TH AVE S AND RAINIER S AVE S,,,2,Injury Collision,Angles,3,0,0,2,1,0,0,2007-10-19T00:00:00.000Z,10/19/2007 12:32:00 PM,At Intersection (intersection related),11.0,"MOTOR VEHICLE STRUCK MOTOR VEHICLE, FRONT END AT ANGLE",,0,Raining,Wet,Daylight,,7292033.0,,10,Entering at angle,0,0,N,149.9908385806438,508
120361,-122.32236939218814,47.6259798140862,119362,134040,134040,3565839,Matched,Block,,HARVARD AVE E BETWEEN E ROY W ST AND E ALOHA ST,,,1,Property Damage Only Collision,Parked Car,2,0,0,2,0,0,0,2012-09-17T00:00:00.000Z,9/17/2012 5:54:00 PM,Mid-Block (not related to intersection),11.0,"MOTOR VEHICLE STRUCK MOTOR VEHICLE, FRONT END AT ANGLE",,N,Clear or Partly Cloudy,Dry,Daylight,,12261022.0,,32,One parked--one moving,0,0,N,96.16469111999716,54
116282,-122.31778597505873,47.7044646531312,116283,129910,129910,3559098,Matched,Block,,ROOSEVELT WAY NE BETWEEN NE 104TH ST AND NE 105TH ST,,,1,Property Damage Only Collision,Parked Car,3,0,0,3,0,0,0,2011-03-20T00:00:00.000Z,3/20/2011 5:21:00 AM,Mid-Block (not related to intersection),14.0,"MOTOR VEHICLE STRUCK MOTOR VEHICLE, REAR END",,Y,Clear or Partly Cloudy,Dry,Dark - Street Lights On,,11079011.0,,32,One parked--one moving,0,0,N,206.8360703070988,989
90758,-122.30764278748006,47.67577953589112,90759,107234,107234,3206098,Matched,Intersection,24798.0,19TH AVE NE AND NE 65TH ST,,,2,Injury Collision,Right Turn,3,0,0,3,1,0,0,2010-01-27T00:00:00.000Z,1/27/2010 12:59:00 PM,At Intersection (intersection related),11.0,"MOTOR VEHICLE STRUCK MOTOR VEHICLE, FRONT END AT ANGLE",Y,N,Clear or Partly Cloudy,Dry,Daylight,,10027010.0,,16,From same direction - one right turn - one straight,0,0,N,138.43123573448113,222
186818,-122.3074270156422,47.615998816864156,185819,241423,241863,E674331,Unmatched,Block,,19TH AVE BETWEEN E PINE ST AND E MADISON ST,NEI,"Not Enough Information, or Insufficient Location Information",0,Unknown,,0,0,0,0,0,0,0,2017-05-22T00:00:00.000Z,5/22/2017,,0.0,NOT ENOUGH INFORMATION / NOT APPLICABLE,,,,,,,,, ,,0,0,Y,123.00890812402999,872
1775,-122.26998689698723,47.53314479631075,2776,282300,283160,E788318,Matched,Block,,RAINIER AVE S BETWEEN S HOLDEN ST AND S CHICAGO ST, ,,1,Property Damage Only Collision,Right Turn,2,0,0,2,0,0,0,2018-04-11T00:00:00.000Z,4/11/2018 2:55:00 PM,Mid-Block (not related to intersection),14.0,"MOTOR VEHICLE STRUCK MOTOR VEHICLE, REAR END",,N,Clear or Partly Cloudy,Wet,Daylight,,,,16,From same direction - one right turn - one straight,0,0,N,208.1491271096047,754
133481,-122.33571082821557,47.70412964615417,133482,151105,151125,3501953,Matched,Block,,WALLINGFORD AVE N BETWEEN N 103RD ST AND N 105TH ST, ,,1,Property Damage Only Collision,Parked Car,2,0,0,2,0,0,0,2013-07-22T00:00:00.000Z,7/22/2013 3:45:00 AM,Mid-Block (not related to intersection),14.0,"MOTOR VEHICLE STRUCK MOTOR VEHICLE, REAR END",Y,N,Clear or Partly Cloudy,Dry,Dark - Street Lights On,,,,32,One parked--one moving,0,0,N,167.23579366975076,1