,X,Y,OBJECTID,INCKEY,COLDETKEY,REPORTNO,STATUS,ADDRTYPE,INTKEY,LOCATION,EXCEPTRSNCODE,EXCEPTRSNDESC,SEVERITYCODE,SEVERITYDESC,COLLISIONTYPE,PERSONCOUNT,PEDCOUNT,PEDCYLCOUNT,VEHCOUNT,INJURIES,SERIOUSINJURIES,FATALITIES,INCDATE,INCDTTM,JUNCTIONTYPE,SDOT_COLCODE,SDOT_COLDESC,INATTENTIONIND,UNDERINFL,WEATHER,ROADCOND,LIGHTCOND,PEDROWNOTGRNT,SDOTCOLNUM,SPEEDING,ST_COLCODE,ST_COLDESC,SEGLANEKEY,CROSSWALKKEY,HITPARKEDCAR,CLOSEST_CIRCLE_DIST,CLOSEST_CIRCLE_INDEX
122500,-122.3841349208482,47.56287406212348,123501,140415,140415,3547433,Matched,Intersection,31906.0,41ST AVE SW AND SW OREGON ST,,,1,Property Damage Only Collision,Angles,3,0,0,2,0,0,0,2012-06-22T00:00:00.000Z,6/22/2012 12:15:00 PM,At Intersection (intersection related),11.0,"MOTOR VEHICLE STRUCK MOTOR VEHICLE, FRONT END AT ANGLE",,N,Raining,Wet,Daylight,,12174020.0,,10,Entering at angle,0,0,N,224.272272760437,249
17076,-122.3764107638368,47.6333358934417,17077,30830,30830,1777964,Matched,Block,,MAGNOLIA BR OFF RP BETWEEN 15TH AVE W AND MAGNOLIA BR,,,1,Property Damage Only Collision,Rear Ended,2,0,0,2,0,0,0,2004-04-02T00:00:00.000Z,4/2/2004,Mid-Block (but intersection related),14.0,"MOTOR VEHICLE STRUCK MOTOR VEHICLE, REAR END",,0,Clear or Partly Cloudy,Dry,Daylight,,4093006.0,,73,Same direction -- both turning right -- both moving -- rear end,0,0,N,353.31862766561255,247
84015,-122.29621398708271,47.67034607014611,84016,97206,97206,2897122,Matched,Block,,29TH AVE NE BETWEEN NE 55TH ST AND NE 60TH ST,,,1,Property Damage Only Collision,Parked Car,5,0,0,5,0,0,0,2009-05-05T00:00:00.000Z,5/5/2009,Mid-Block (not related to intersection),11.0,"MOTOR VEHICLE STRUCK MOTOR VEHICLE, FRONT END AT ANGLE",,0,Raining,Wet,Dark - Street Lights On,,9125022.0,Y,32,One parked--one moving,0,0,N,221.67570762971766,190
130757,-122.33578287034064,47.66503527342349,132758,151235,151255,3608811,Matched,Block,,N 50TH ST BETWEEN WALLINGFORD AVE N AND BURKE AVE N, ,,2,Injury Collision,Rear Ended,6,0,0,3,4,0,0,2013-07-25T00:00:00.000Z,7/25/2013 4:02:00 PM,Mid-Block (not related to intersection),14.0,"MOTOR VEHICLE STRUCK MOTOR VEHICLE, REAR END",,N,Overcast,Dry,Daylight,,,,14,From same direction - both going straight - one stopped - rear-end,0,0,N,94.356270963758,199
27676,-122.3722532949482,47.67954178456322,27677,41710,41710,1220292,Matched,Block,,NW 70TH ST BETWEEN 12TH W AVE NW AND 13TH E AVE NW,,,1,Property Damage Only Collision,Parked Car,2,0,0,2,0,0,0,2005-02-24T00:00:00.000Z,2/24/2005 2:00:00 AM,Mid-Block (not related to intersection),16.0,"MOTOR VEHICLE STRUCK MOTOR VEHICLE, LEFT SIDE SIDESWIPE",,0,Clear or Partly Cloudy,Dry,Unknown,,5055024.0,,32,One parked--one moving,0,0,N,21.83598094726248,366
140385,-122.34466079373277,47.65412569682726,139386,157911,157931,3582482,Matched,Intersection,26866.0,WOODLAND PARK AVE N AND N 39TH ST, ,,2,Injury Collision,Pedestrian,2,1,0,1,1,0,0,2013-10-21T00:00:00.000Z,10/21/2013 5:43:00 PM,At Intersection (intersection related),24.0,MOTOR VEHCILE STRUCK PEDESTRIAN,Y,N,Clear or Partly Cloudy,Dry,Daylight,,,,1,Vehicle turning right hits pedestrian,0,0,N,140.21150259797957,934
113182,-122.27027401651137,47.53695787759902,113183,129170,129170,3545606,Matched,Intersection,34470.0,RAINIER AVE S AND S OTHELLO ST, ,,2,Injury Collision,Pedestrian,2,1,0,1,1,0,0,2011-06-25T00:00:00.000Z,6/25/2011 5:39:00 PM,At Intersection (intersection related),24.0,MOTOR VEHCILE STRUCK PEDESTRIAN,,N,Clear or Partly Cloudy,Dry,Daylight,Y,11176002.0,,1,Vehicle turning right hits pedestrian,0,525193,N,193.0479078408334,794
59717,-122.33040696800897,47.683892718294956,59718,74350,74350,C693549,Matched,Block,,CORLISS AVE N BETWEEN EAST GREEN LAKE DR N AND N 77TH ST,,,2,Injury Collision,Other,2,0,0,2,1,0,0,2007-09-09T00:00:00.000Z,9/9/2007,Driveway Junction,11.0,"MOTOR VEHICLE STRUCK MOTOR VEHICLE, FRONT END AT ANGLE",,0,Unknown,Unknown,Unknown,,7252047.0,,22,One car leaving driveway access,0,0,N,151.22442696544923,567
82262,-122.32246803257513,47.603055536037175,83263,97551,97551,2622044,Matched,Block,,9TH AVE BETWEEN SPRUCE ST AND ALDER ST,,,1,Property Damage Only Collision,Parked Car,2,0,0,2,0,0,0,2009-11-06T00:00:00.000Z,11/6/2009,Mid-Block (not related to intersection),16.0,"MOTOR VEHICLE STRUCK MOTOR VEHICLE, LEFT SIDE SIDESWIPE",,0,Raining,Wet,Dark - Street Lights On,,9310020.0,,32,One parked--one moving,0,0,N,722.675430496798,627
41506,-122.3028659311697,47.697549078980884,41507,55559,55559,2624977,Matched,Block,,NE 95TH ST BETWEEN 23RD AVE NE AND 25TH AVE NE,,,2,Injury Collision,Other,3,0,0,2,1,0,0,2006-08-10T00:00:00.000Z,8/10/2006 10:12:00 AM,Driveway Junction,11.0,"MOTOR VEHICLE STRUCK MOTOR VEHICLE, FRONT END AT ANGLE",,0,Raining,Wet,Daylight,,6222041.0,,22,One car leaving driveway access,0,0,N,226.67000334249997,57
63996,-122.31339442967251,47.58298194562986,63997,78326,78326,2828116,Matched,Intersection,31285.0,15TH AVE S AND S COLLEGE ST,,,1,Property Damage Only Collision,Angles,2,0,0,2,0,0,0,2007-10-06T00:00:00.000Z,10/6/2007,At Intersection (intersection related),11.0,"MOTOR VEHICLE STRUCK MOTOR VEHICLE, FRONT END AT ANGLE",,0,Clear or Partly Cloudy,Dry,Dusk,,7279035.0,,10,Entering at angle,0,0,N,199.8253188404931,835
148003,-122.30783441964752,47.63542018453796,148004,173559,173579,3642387,Matched,Block,,INTERLAKEN DR E BETWEEN E GALER ST AND E INTERLAKEN BLVD, ,,2,Injury Collision,Cycles,2,0,1,1,1,0,0,2014-08-07T00:00:00.000Z,8/7/2014 5:40:00 PM,Mid-Block (not related to intersection),14.0,"MOTOR VEHICLE STRUCK MOTOR VEHICLE, REAR END",,N,Clear or Partly Cloudy,Dry,Daylight,,,,45,Vehicle - Pedalcyclist,0,0,N,284.1280127013962,830
170349,-122.29783735400207,47.57793916150086,172350,217877,218157,E533120,Matched,Block,,RAINIER AVE S BETWEEN S MCCLELLAN ST AND S FOREST ST, ,,1,Property Damage Only Collision,Right Turn,0,0,0,2,0,0,0,2016-04-10T00:00:00.000Z,4/10/2016 1:57:00 PM,Driveway Junction,14.0,"MOTOR VEHICLE STRUCK MOTOR VEHICLE, REAR END",,N,Clear or Partly Cloudy,Dry,Daylight,,,,16,From same direction - one right turn - one straight,0,0,N,435.9446205969703,888
147962,-122.32210063715685,47.64383868623445,146963,171529,171549,C784320,Unmatched,Block,,HARVARD AVE E BETWEEN E ROANOKE ST AND E EDGAR ST, ,,0,Unknown,,0,0,0,0,0,0,0,2013-11-19T00:00:00.000Z,11/19/2013,Mid-Block (but intersection related),14.0,"MOTOR VEHICLE STRUCK MOTOR VEHICLE, REAR END",,,,,,,,, ,,0,0,N,203.07570372550234,149
65642,-122.33701461568614,47.61362233230418,65643,80412,80412,2805065,Matched,Intersection,29551.0,6TH AVE AND STEWART ST,,,1,Property Damage Only Collision,Sideswipe,3,0,0,2,0,0,0,2008-04-13T00:00:00.000Z,4/13/2008 6:35:00 PM,At Intersection (intersection related),11.0,"MOTOR VEHICLE STRUCK MOTOR VEHICLE, FRONT END AT ANGLE",,0,Clear or Partly Cloudy,Dry,Dusk,,8104012.0,,11,From same direction - both going straight - both moving - sideswipe,0,0,N,765.1668099864036,185
76853,-122.37636960416313,47.548323064795895,76854,90616,90616,2827499,Matched,Intersection,32833.0,35TH AVE SW AND SW RAYMOND ST,,,1,Property Damage Only Collision,Angles,2,0,0,2,0,0,0,2008-06-04T00:00:00.000Z,6/4/2008,At Intersection (intersection related),11.0,"MOTOR VEHICLE STRUCK MOTOR VEHICLE, FRONT END AT ANGLE",,0,Raining,Wet,Daylight,,8156033.0,,10,Entering at angle,0,0,N,224.8448713623755,393
113980,-122.27971424724463,47.52699050180818,113981,128253,128253,3566774,Matched,Block,,M L KING JR WR WAY S BETWEEN S THISTLE ST AND S CLOVERDALE ST,,,1,Property Damage Only Collision,Rear Ended,4,0,0,2,0,0,0,2011-06-09T00:00:00.000Z,6/9/2011 1:30:00 PM,Mid-Block (but intersection related),14.0,"MOTOR VEHICLE STRUCK MOTOR VEHICLE, REAR END",,N,Clear or Partly Cloudy,Dry,Daylight,,11160008.0,,14,From same direction - both going straight - one stopped - rear-end,0,0,N,480.35691557283985,401
109787,-122.32563295134672,47.61848878121481,109788,123674,123674,3565882,Matched,Intersection,29162.0,E DENNY WAY AND E OLIVE WAY,,,1,Property Damage Only Collision,Left Turn,2,0,0,2,0,0,0,2011-09-21T00:00:00.000Z,9/21/2011 8:30:00 AM,At Intersection (intersection related),11.0,"MOTOR VEHICLE STRUCK MOTOR VEHICLE, FRONT END AT ANGLE",,0,Clear or Partly Cloudy,Dry,Daylight,,11264003.0,,15,From same direction - one left turn - one straight,0,0,N,194.46906807945413,107
106330,-122.35997724852275,47.62572639795013,106331,122208,122208,3477325,Matched,Block,,W ROY ST BETWEEN 2ND AVE W AND 3RD AVE W,,,1,Property Damage Only Collision,Parked Car,2,0,0,2,0,0,0,2011-07-26T00:00:00.000Z,7/26/2011 11:00:00 AM,,0.0,NOT ENOUGH INFORMATION / NOT APPLICABLE,,0,Unknown,Unknown,Unknown,,11207025.0,,32,One parked--one moving,0,0,N,640.1808121534614,438
39731,-122.33400833045654,47.543149148251885,38732,53025,53025,2335151,Matched,Block,,1ST AV S BR NB BETWEEN 1ST AV S NB OFF RP AND POINT B,,,2,Injury Collision,Rear Ended,2,0,0,2,1,0,0,2006-01-25T00:00:00.000Z,1/25/2006 4:30:00 AM,Mid-Block (not related to intersection),14.0,"MOTOR VEHICLE STRUCK MOTOR VEHICLE, REAR END",,1,Overcast,Dry,Dark - Street Lights On,,6025006.0,Y,13,From same direction - both going straight - both moving - rear-end,0,0,N,919.7407118924217,789
145661,-122.32461718021729,47.708602814645396,145662,170677,170697,3699926,Matched,Block,,NE NORTHGATE WAY BETWEEN 3RD AVE NE AND 5TH AVE NE, ,,1,Property Damage Only Collision,Sideswipe,3,0,0,2,0,0,0,2014-06-19T00:00:00.000Z,6/19/2014 4:30:00 PM,Driveway Junction,11.0,"MOTOR VEHICLE STRUCK MOTOR VEHICLE, FRONT END AT ANGLE",Y,N,Clear or Partly Cloudy,Dry,Daylight,,,,71,Same direction -- both turning right -- both moving -- sideswipe,0,0,N,500.2320249068779,662
58978,-122.38676648987362,47.57072688838493,58979,73116,73116,2798272,Matched,Block,,CALIFORNIA AVE SW BETWEEN SW MANNING ST AND SW CHARLESTOWN ST,,,1,Property Damage Only Collision,Parked Car,2,0,0,2,0,0,0,2007-11-04T00:00:00.000Z,11/4/2007,Mid-Block (not related to intersection),13.0,"MOTOR VEHICLE STRUCK MOTOR VEHICLE, LEFT SIDE AT ANGLE",,0,Clear or Partly Cloudy,Dry,Unknown,,7308020.0,,32,One parked--one moving,0,0,N,100.86321416906664,514
42968,-122.3355548324284,47.59813004594074,42969,57082,57082,2625501,Matched,Block,,ALASKAN WY VI SB BETWEEN COLUMBIA ST ON RP AND ALASKAN WY VI SB EFR OFF RP,,,1,Property Damage Only Collision,Sideswipe,4,0,0,3,0,0,0,2006-10-04T00:00:00.000Z,10/4/2006,Mid-Block (but intersection related),11.0,"MOTOR VEHICLE STRUCK MOTOR VEHICLE, FRONT END AT ANGLE",,0,Clear or Partly Cloudy,Dry,Daylight,,6277014.0,,11,From same direction - both going straight - both moving - sideswipe,0,0,N,1601.5471349607803,762
163199,-122.3122122096549,47.579292037549536,161200,200432,200572,3708787,Matched,Block,,BEACON AVE S BETWEEN S LANDER ST AND 16TH AVE S, ,,1,Property Damage Only Collision,Rear Ended,3,0,0,2,0,0,0,2015-08-18T00:00:00.000Z,8/18/2015 4:17:00 PM,Mid-Block (but intersection related),14.0,"MOTOR VEHICLE STRUCK MOTOR VEHICLE, REAR END",,N,Clear or Partly Cloudy,Dry,Daylight,,,,14,From same direction - both going straight - one stopped - rear-end,0,0,N,187.3423058470296,818
190753,-122.33419928448694,47.582938394777,190754,248943,249543,3756251,Matched,Block,,1ST AVE S BETWEEN S WALKER ST AND S STACY ST, ,,1,Property Damage Only Collision,Rear Ended,0,0,0,2,0,0,0,2017-09-29T00:00:00.000Z,9/29/2017 10:54:00 AM,Mid-Block (but intersection related),14.0,"MOTOR VEHICLE STRUCK MOTOR VEHICLE, REAR END",,N,Unknown,Wet,Daylight,,,,14,From same direction - both going straight - one stopped - rear-end,0,0,N,1381.5549000550232,875
44039,-122.3762221728239,47.66121006208967,44040,57891,57891,C673697,Matched,Block,,BALLARD BR BETWEEN POINT B AND BALLARD BR OFF RP,,,2,Injury Collision,Rear Ended,3,0,0,3,3,0,0,2006-09-01T00:00:00.000Z,9/1/2006,Mid-Block (not related to intersection),14.0,"MOTOR VEHICLE STRUCK MOTOR VEHICLE, REAR END",,0,Clear or Partly Cloudy,Dry,Daylight,,6244060.0,,14,From same direction - both going straight - one stopped - rear-end,0,0,N,758.6859917785364,206
152618,-122.33216351512321,47.545389036961296,150619,180020,180080,3693883,Matched,Block,,EAST MARGINAL WAY S BETWEEN S FRONT ST AND S MICHIGAN ST, ,,1,Property Damage Only Collision,Sideswipe,3,0,0,3,0,0,0,2014-11-11T00:00:00.000Z,11/11/2014 12:07:00 PM,Mid-Block (but intersection related),11.0,"MOTOR VEHICLE STRUCK MOTOR VEHICLE, FRONT END AT ANGLE",,N,Clear or Partly Cloudy,Dry,Daylight,,,,11,From same direction - both going straight - both moving - sideswipe,0,0,N,867.7125963422669,399
182743,-122.33404056094022,47.71138276142561,182744,238766,239206,3762517,Matched,Block,,MERIDIAN AVE N BETWEEN N 113TH ST AND N 115TH ST, ,,1,Property Damage Only Collision,Angles,2,0,0,2,0,0,0,2017-04-12T00:00:00.000Z,4/12/2017 4:58:00 PM,Mid-Block (not related to intersection),11.0,"MOTOR VEHICLE STRUCK MOTOR VEHICLE, FRONT END AT ANGLE",,N,Clear or Partly Cloudy,Dry,Daylight,,,,10,Entering at angle,0,0,N,222.4957325292065,265
198857,-122.29234202712317,47.73102706710802,197858,283648,284528,E788027,Matched,Block,,LAKE CITY WAY NE BETWEEN NE 140TH ST AND NE 143RD ST, ,,1,Property Damage Only Collision,Head On,2,0,0,2,0,0,0,2018-04-10T00:00:00.000Z,4/10/2018 8:36:00 AM,Driveway Junction,14.0,"MOTOR VEHICLE STRUCK MOTOR VEHICLE, REAR END",Y,N,Raining,Wet,Daylight,,,,30,From opposite direction - all others,0,0,N,143.7643140709839,874
66883,-122.34102401666878,47.6266937753922,66884,81677,81677,2804770,Matched,Block,,8TH AVE N BETWEEN VALLEY ST AND ALOHA ST,,,1,Property Damage Only Collision,Parked Car,2,0,0,2,0,0,0,2008-01-18T00:00:00.000Z,1/18/2008 1:00:00 PM,Mid-Block (not related to intersection),13.0,"MOTOR VEHICLE STRUCK MOTOR VEHICLE, LEFT SIDE AT ANGLE",,0,Overcast,Dry,Unknown,,8018017.0,,32,One parked--one moving,0,0,N,329.14439939050254,272
166812,-122.30013370427832,47.69480232261539,166813,209535,209755,3775925,Matched,Block,,NE 91ST ST BETWEEN 25TH AVE NE AND 27TH AVE NE,NEI,"Not Enough Information, or Insufficient Location Information",1,Property Damage Only Collision,Parked Car,2,0,0,2,0,0,0,2015-12-01T00:00:00.000Z,12/1/2015 9:30:00 PM,,12.0,"MOTOR VEHICLE STRUCK MOTOR VEHICLE, RIGHT SIDE AT ANGLE",,N,Unknown,Unknown,Unknown,,,,32,One parked--one moving,0,0,Y,144.0246503474205,945
156057,-122.32349448590664,47.73349804819346,155058,187398,187478,3572897,Matched,Block,,5TH AVE NE BETWEEN 145TH ST OFF RP AND NE 145TH ST, ,,2,Injury Collision,Rear Ended,2,0,0,2,1,0,0,2015-03-13T00:00:00.000Z,3/13/2015 5:47:00 PM,Mid-Block (but intersection related),14.0,"MOTOR VEHICLE STRUCK MOTOR VEHICLE, REAR END",,N,Clear or Partly Cloudy,Dry,Daylight,,,,14,From same direction - both going straight - one stopped - rear-end,0,0,N,692.0196227048422,825
102036,-122.24139230361473,47.50219489633599,102037,116831,116831,3372528,Matched,Block,,CORNELL AVE S BETWEEN CITY LIMITS N AND S 114TH ST,,,1,Property Damage Only Collision,Parked Car,3,0,0,3,0,0,0,2010-11-19T00:00:00.000Z,11/19/2010 6:30:00 PM,Mid-Block (not related to intersection),11.0,"MOTOR VEHICLE STRUCK MOTOR VEHICLE, FRONT END AT ANGLE",,N,Raining,Wet,Dark - Street Lights On,,10323021.0,,32,One parked--one moving,0,0,N,1581.660752303272,305
18322,-122.33199536332029,47.608443564874534,18323,32655,32655,1933626,Matched,Intersection,29928.0,6TH AVE AND SENECA ST,,,1,Property Damage Only Collision,Angles,3,0,0,2,0,0,0,2005-03-20T00:00:00.000Z,3/20/2005 1:52:00 AM,At Intersection (intersection related),11.0,"MOTOR VEHICLE STRUCK MOTOR VEHICLE, FRONT END AT ANGLE",,0,Raining,Wet,Dark - Street Lights On,,5079039.0,,10,Entering at angle,0,0,N,596.2313498926645,688
186200,-122.35128765691307,47.652812004603774,185201,242582,243062,3767465,Matched,Block,,EVANSTON AVE N BETWEEN N 36TH ST AND N 39TH ST, ,,1,Property Damage Only Collision,Parked Car,2,0,0,2,0,0,0,2017-05-27T00:00:00.000Z,5/27/2017 8:46:00 PM,Mid-Block (not related to intersection),11.0,"MOTOR VEHICLE STRUCK MOTOR VEHICLE, FRONT END AT ANGLE",,N,Clear or Partly Cloudy,Dry,Daylight,,,,32,One parked--one moving,0,0,N,551.191514265788,1014
154346,-122.39714488945656,47.58464818804351,154347,188363,188443,C790931,Unmatched,Block,,52ND AVE SW BETWEEN BONAIR DR SW AND HUGHES AVE SW,NEI,"Not Enough Information, or Insufficient Location Information",1,Property Damage Only Collision,,1,0,0,0,0,0,0,2014-04-26T00:00:00.000Z,4/26/2014,Mid-Block (not related to intersection),0.0,NOT ENOUGH INFORMATION / NOT APPLICABLE,,,,,,,,, ,,0,0,N,726.8098485096954,518
58136,-122.28154689356937,47.537971300992716,58137,72642,72642,07059046,Unmatched,Block,,M L KING JR ER WAY S BETWEEN S MYRTLE ST AND S OTHELLO ST,,,0,Unknown,,0,0,0,0,0,0,0,2007-02-28T00:00:00.000Z,2/28/2007,Mid-Block (not related to intersection),0.0,NOT ENOUGH INFORMATION / NOT APPLICABLE,,,,,,,7059046.0,,,,0,0,N,281.71517065268444,344
8174,-122.35181607372229,47.654141751454546,8175,22213,22213,04006057,Unmatched,Block,,N 39TH ST BETWEEN DAYTON E AVE N AND EVANSTON AVE N,,,0,Unknown,,0,0,0,0,0,0,0,2004-01-06T00:00:00.000Z,1/6/2004,Mid-Block (not related to intersection),15.0,"MOTOR VEHICLE STRUCK MOTOR VEHICLE, RIGHT SIDE SIDESWIPE",,,,,,,4006057.0,,,,0,0,N,447.3146543847199,570
152544,-122.37621745135466,47.66679642656394,150545,177469,177489,3699313,Matched,Block,,15TH AVE NW BETWEEN NW 52ND ST AND NW 53RD ST, ,,1,Property Damage Only Collision,Sideswipe,3,0,0,2,0,0,0,2014-10-04T00:00:00.000Z,10/4/2014 5:15:00 PM,Mid-Block (but intersection related),14.0,"MOTOR VEHICLE STRUCK MOTOR VEHICLE, REAR END",,N,Unknown,Unknown,Unknown,,,,12,From same direction - both going straight - one stopped - sideswipe,0,0,N,427.3344397239184,647
157528,-122.33046529391243,47.544386491621246,157529,192888,192968,E421286,Matched,Block,,EAST MARGINAL WAY S BETWEEN S MICHIGAN ST AND 4TH AVE S, ,,2,Injury Collision,Rear Ended,2,0,0,2,1,0,0,2015-05-02T00:00:00.000Z,5/2/2015 12:19:00 PM,Mid-Block (but intersection related),14.0,"MOTOR VEHICLE STRUCK MOTOR VEHICLE, REAR END",,N,Clear or Partly Cloudy,Dry,Daylight,,,,14,From same direction - both going straight - one stopped - rear-end,0,0,N,719.2517026083382,789
141981,-122.32940505939024,47.63745407512409,141982,163613,163633,3574787,Matched,Block,,FAIRVIEW AVE E BETWEEN E NEWTON ST AND E BOSTON ST, ,,1,Property Damage Only Collision,Parked Car,2,0,0,2,0,0,0,2014-02-26T00:00:00.000Z,2/26/2014 8:30:00 PM,Mid-Block (not related to intersection),13.0,"MOTOR VEHICLE STRUCK MOTOR VEHICLE, LEFT SIDE AT ANGLE",Y,N,Clear or Partly Cloudy,Dry,Dark - Street Lights On,,,,32,One parked--one moving,0,0,N,797.8064826380871,959
169067,-122.3145298364522,47.5716241785597,170068,215501,215761,3726349,Matched,Intersection,32247.0,S COLUMBIAN WAY AND S SPOKANE ST, ,,2,Injury Collision,Angles,3,0,0,2,1,0,0,2016-03-11T00:00:00.000Z,3/11/2016 6:59:00 PM,At Intersection (intersection related),11.0,"MOTOR VEHICLE STRUCK MOTOR VEHICLE, FRONT END AT ANGLE",,N,Raining,Wet,Dark - Street Lights On,,,,10,Entering at angle,0,0,N,386.6522823120892,178
27397,-122.33683944465557,47.612897018651,27398,41234,41234,1060150,Matched,Block,,OLIVE WAY BETWEEN 5TH AVE AND 6TH AVE,,,1,Property Damage Only Collision,Parked Car,2,0,0,2,0,0,0,2005-02-16T00:00:00.000Z,2/16/2005 8:32:00 PM,Mid-Block (not related to intersection),16.0,"MOTOR VEHICLE STRUCK MOTOR VEHICLE, LEFT SIDE SIDESWIPE",,0,Clear or Partly Cloudy,Dry,Dark - Street Lights On,,5047008.0,,32,One parked--one moving,0,0,N,748.4726105871839,185
67979,-122.34401053527756,47.651625019536255,67980,82154,82154,3277088,Matched,Block,,WOODLAND PARK AVE N BETWEEN N 36TH ST AND N 38TH ST,,,1,Property Damage Only Collision,Angles,2,0,0,2,0,0,0,2008-10-22T00:00:00.000Z,10/22/2008 2:54:00 PM,Mid-Block (but intersection related),11.0,"MOTOR VEHICLE STRUCK MOTOR VEHICLE, FRONT END AT ANGLE",,0,Clear or Partly Cloudy,Dry,Daylight,,8296020.0,,10,Entering at angle,0,0,N,120.11857188812965,23
112566,-122.33258176468016,47.60572988950647,110567,126508,126508,3567841,Matched,Block,,4TH AVE BETWEEN MARION ST AND MADISON ST,,,1,Property Damage Only Collision,Rear Ended,2,0,0,2,0,0,0,2011-03-30T00:00:00.000Z,3/30/2011 5:59:00 PM,Mid-Block (not related to intersection),11.0,"MOTOR VEHICLE STRUCK MOTOR VEHICLE, FRONT END AT ANGLE",,N,Raining,Wet,Daylight,,11089012.0,,13,From same direction - both going straight - both moving - rear-end,0,0,N,797.5197125553988,762
91194,-122.36547419239243,47.711119703350924,91195,107123,107123,3330498,Matched,Block,,NW CARKEEK PARK RD BETWEEN POINT C AND 8TH AVE NW,,,1,Property Damage Only Collision,Parked Car,3,0,0,2,0,0,0,2010-06-10T00:00:00.000Z,6/10/2010 11:00:00 AM,Mid-Block (not related to intersection),0.0,NOT ENOUGH INFORMATION / NOT APPLICABLE,,N,Unknown,Unknown,Unknown,,10161004.0,,32,One parked--one moving,0,0,N,548.8700171403011,395
137597,-122.3240414064862,47.625118091904156,137598,155130,155150,3672778,Matched,Intersection,29112.0,BELMONT AVE E AND E ROY ST, ,,2b,Serious Injury Collision,Cycles,2,0,1,1,1,1,0,2013-10-04T00:00:00.000Z,10/4/2013 3:47:00 PM,At Intersection (intersection related),18.0,"MOTOR VEHICLE STRUCK PEDALCYCLIST, FRONT END AT ANGLE",,N,Clear or Partly Cloudy,Dry,Daylight,,,,45,Vehicle - Pedalcyclist,36113,0,N,219.7755489945939,256
49753,-122.33418044853428,47.62441865002618,49754,64422,64422,2607091,Matched,Block,,MERCER ST BETWEEN FAIRVIEW AVE N AND MERCER SR ST,,,2,Injury Collision,Parked Car,4,0,0,4,1,0,0,2007-02-09T00:00:00.000Z,2/9/2007,Mid-Block (not related to intersection),14.0,"MOTOR VEHICLE STRUCK MOTOR VEHICLE, REAR END",,1,Overcast,Dry,Dark - Street Lights On,,7040032.0,,32,One parked--one moving,0,0,N,719.8136410551188,717
370,-122.38373043154877,47.54844710539886,371,1102,1102,3380690,Matched,Block,,SW RAYMOND ST BETWEEN FAUNTLEROY WAY SW AND 41ST AVE SW, ,,1,Property Damage Only Collision,Parked Car,2,0,0,2,0,0,0,2013-03-28T00:00:00.000Z,3/28/2013 8:51:00 PM,Mid-Block (not related to intersection),11.0,"MOTOR VEHICLE STRUCK MOTOR VEHICLE, FRONT END AT ANGLE",,N,Clear or Partly Cloudy,Dry,Dark - Street Lights On,,,,32,One parked--one moving,0,0,N,49.06870614220217,752
46840,-122.282056769844,47.51990297351605,46841,61193,61193,2402087,Matched,Block,,CARKEEK DR S BETWEEN 41ST AVE S AND 40TH AVE S,,,1,Property Damage Only Collision,Other,3,0,0,1,0,0,0,2006-06-08T00:00:00.000Z,6/8/2006,Mid-Block (not related to intersection),28.0,MOTOR VEHICLE RAN OFF ROAD - HIT FIXED OBJECT,,0,Clear or Partly Cloudy,Dry,Dark - No Street Lights,,6159015.0,,50,Fixed object,0,0,N,934.1459034058837,401
158156,-122.34209825259977,47.63726282026292,159157,196398,196495,3736229,Matched,Block,,WAVERLY PL N BETWEEN NEWTON ST AND CROCKETT ST,NEI,"Not Enough Information, or Insufficient Location Information",1,Property Damage Only Collision,Parked Car,2,0,0,2,0,0,0,2015-05-03T00:00:00.000Z,5/3/2015 12:00:00 PM,Mid-Block (not related to intersection),13.0,"MOTOR VEHICLE STRUCK MOTOR VEHICLE, LEFT SIDE AT ANGLE",,N,Unknown,Unknown,Unknown,,,,32,One parked--one moving,0,0,Y,638.9008378369159,607
133373,-122.302770995815,47.73383870825924,133374,149134,149154,E209831,Matched,Block,,NE 145TH ST BETWEEN 24TH AVE NE AND 25TH AVE NE, ,,1,Property Damage Only Collision,Rear Ended,4,0,0,4,0,0,0,2012-11-24T00:00:00.000Z,11/24/2012 9:46:00 AM,Mid-Block (not related to intersection),14.0,"MOTOR VEHICLE STRUCK MOTOR VEHICLE, REAR END",,N,Overcast,Wet,Daylight,,,Y,14,From same direction - both going straight - one stopped - rear-end,0,0,N,336.36171392682985,1003
142433,-122.29622749338994,47.707541992331,143434,167190,167210,3702751,Matched,Block,,30TH AVE NE BETWEEN NE 107TH ST AND NE 110TH ST, ,,1,Property Damage Only Collision,Other,1,0,0,1,0,0,0,2014-04-26T00:00:00.000Z,4/26/2014 6:45:00 PM,Mid-Block (not related to intersection),28.0,MOTOR VEHICLE RAN OFF ROAD - HIT FIXED OBJECT,,N,Clear or Partly Cloudy,Dry,Daylight,,,,50,Fixed object,0,0,N,296.2297849385511,923