,X,Y,OBJECTID,INCKEY,COLDETKEY,REPORTNO,STATUS,ADDRTYPE,INTKEY,LOCATION,EXCEPTRSNCODE,EXCEPTRSNDESC,SEVERITYCODE,SEVERITYDESC,COLLISIONTYPE,PERSONCOUNT,PEDCOUNT,PEDCYLCOUNT,VEHCOUNT,INJURIES,SERIOUSINJURIES,FATALITIES,INCDATE,INCDTTM,JUNCTIONTYPE,SDOT_COLCODE,SDOT_COLDESC,INATTENTIONIND,UNDERINFL,WEATHER,ROADCOND,LIGHTCOND,PEDROWNOTGRNT,SDOTCOLNUM,SPEEDING,ST_COLCODE,ST_COLDESC,SEGLANEKEY,CROSSWALKKEY,HITPARKEDCAR,CLOSEST_CIRCLE_DIST,CLOSEST_CIRCLE_INDEX
58215,-122.3763003868027,47.65305687769578,58216,72673,72673,2807766,Matched,Block,,15TH EMERSON RP BETWEEN 15TH AV W ON RP AND EMERSON TURN RD,,,2,Injury Collision,Rear Ended,2,0,0,2,1,0,0,2007-05-11T00:00:00.000Z,5/11/2007 12:22:00 PM,Mid-Block (but intersection related),14.0,"MOTOR VEHICLE STRUCK MOTOR VEHICLE, REAR END",,0,Clear or Partly Cloudy,Dry,Daylight,,7131033.0,,14,From same direction - both going straight - one stopped - rear-end,0,0,N,961.3491208366083,292
99589,-122.38308272184457,47.54843867637444,99590,114345,114345,3295862,Matched,Intersection,32828.0,FAUNTLEROY WAY SW AND SW RAYMOND ST,,,2b,Serious Injury Collision,Angles,2,0,0,2,1,1,0,2010-10-18T00:00:00.000Z,10/18/2010 1:32:00 PM,At Intersection (intersection related),11.0,"MOTOR VEHICLE STRUCK MOTOR VEHICLE, FRONT END AT ANGLE",,N,Clear or Partly Cloudy,Dry,Daylight,,10291004.0,,10,Entering at angle,0,0,N,97.72019888962507,841
9546,-122.32144766830498,47.61407091912712,9547,23687,23687,1799145,Unmatched,Block,,E PIKE ST BETWEEN HARVARD AVE AND BROADWAY,,,0,Unknown,,0,0,0,0,0,0,0,2004-10-08T00:00:00.000Z,10/8/2004,Mid-Block (not related to intersection),55.0,PEDALCYCLIST STRUCK MOTOR VEHICLE RIGHT SIDE SIDESWIPE,,,,,,,4282001.0,,,,0,0,N,398.1666693069132,55
106780,-122.29910492282384,47.721110818911114,106781,122374,122374,3565484,Matched,Intersection,36062.0,27TH AVE NE AND NE 127TH ST,,,1,Property Damage Only Collision,Angles,2,0,0,2,0,0,0,2011-08-21T00:00:00.000Z,8/21/2011 7:06:00 AM,At Intersection (intersection related),11.0,"MOTOR VEHICLE STRUCK MOTOR VEHICLE, FRONT END AT ANGLE",,0,Clear or Partly Cloudy,Dry,Dawn,,11233005.0,,10,Entering at angle,0,0,N,0.0,726
10449,-122.31284738141665,47.608042626147835,10450,24159,24159,1795876,Matched,Intersection,30181.0,15TH AVE AND E CHERRY ST,,,2,Injury Collision,Angles,4,0,0,2,1,0,0,2004-09-29T00:00:00.000Z,9/29/2004 5:01:00 PM,At Intersection (intersection related),11.0,"MOTOR VEHICLE STRUCK MOTOR VEHICLE, FRONT END AT ANGLE",,0,Clear or Partly Cloudy,Dry,Daylight,,4273007.0,,10,Entering at angle,0,0,N,129.8529783146067,995
153444,-122.2811041506965,47.53705158660728,153445,182311,182371,3708537,Matched,Intersection,486567.0,M L KING JR ER WAY S AND S OTHELLO ST, ,,1,Property Damage Only Collision,Left Turn,2,0,0,2,0,0,0,2014-12-26T00:00:00.000Z,12/26/2014 7:47:00 PM,At Intersection (intersection related),11.0,"MOTOR VEHICLE STRUCK MOTOR VEHICLE, FRONT END AT ANGLE",,N,Overcast,Dry,Dark - Street Lights On,,,,28,From opposite direction - one left turn - one straight,0,0,N,243.0586788968578,954
193579,-122.35545314264013,47.61860206613628,195580,277880,278780,3754216,Matched,Intersection,29717.0,1ST AVE AND DENNY WAY, ,,1,Property Damage Only Collision,Right Turn,3,0,0,2,0,0,0,2018-03-18T00:00:00.000Z,3/18/2018 8:30:00 PM,At Intersection (intersection related),11.0,"MOTOR VEHICLE STRUCK MOTOR VEHICLE, FRONT END AT ANGLE",,N,Clear or Partly Cloudy,Dry,Dark - Street Lights On,,,,16,From same direction - one right turn - one straight,0,0,N,906.2149300305402,663
45079,-122.28796085636688,47.54608599198856,45080,59056,59056,C674999,Matched,Block,,S GRAHAM ST BETWEEN 33RD AVE S AND M L KING JR WR WAY S,,,1,Property Damage Only Collision,Rear Ended,2,0,0,2,0,0,0,2006-09-30T00:00:00.000Z,9/30/2006 1:20:00 PM,Mid-Block (but intersection related),14.0,"MOTOR VEHICLE STRUCK MOTOR VEHICLE, REAR END",,0,Clear or Partly Cloudy,Dry,Daylight,,6273034.0,,14,From same direction - both going straight - one stopped - rear-end,0,0,N,359.05561872361386,625
85728,-122.31100764350063,47.68304635365902,85729,98928,98928,3332678,Matched,Intersection,24752.0,16TH AVE NE AND NE 75TH ST,,,1,Property Damage Only Collision,Right Turn,3,0,0,2,0,0,0,2009-10-02T00:00:00.000Z,10/2/2009,At Intersection (intersection related),11.0,"MOTOR VEHICLE STRUCK MOTOR VEHICLE, FRONT END AT ANGLE",,0,Clear or Partly Cloudy,Dry,Daylight,,9275016.0,,16,From same direction - one right turn - one straight,0,0,N,257.03736938234533,470
127190,-122.33350727487812,47.61428807222724,128191,143233,143233,3645663,Matched,Block,,OLIVE WAY BETWEEN HOWELL ST AND 9TH AVE, ,,1,Property Damage Only Collision,Parked Car,2,0,0,2,0,0,0,2013-03-08T00:00:00.000Z,3/8/2013 6:00:00 PM,Mid-Block (not related to intersection),0.0,NOT ENOUGH INFORMATION / NOT APPLICABLE,,N,Unknown,Unknown,Unknown,,13067025.0,,32,One parked--one moving,0,0,N,519.3773379026184,185
112995,-122.3422833515234,47.6336931487632,110996,127091,127091,3562832,Matched,Block,,DEXTER AVE N BETWEEN GARFIELD N ST AND HAYES ST,,,1,Property Damage Only Collision,Parked Car,2,0,0,2,0,0,0,2011-10-09T00:00:00.000Z,10/9/2011,Mid-Block (not related to intersection),11.0,"MOTOR VEHICLE STRUCK MOTOR VEHICLE, FRONT END AT ANGLE",,0,Clear or Partly Cloudy,Dry,Dark - Street Lights On,,11282008.0,,32,One parked--one moving,0,0,N,483.65795966771327,77
187148,-122.3218771543034,47.605769767599405,186149,242357,242837,E670670,Matched,Intersection,29817.0,BOREN AVE AND JEFFERSON ST, ,,1,Property Damage Only Collision,Left Turn,3,0,0,2,0,0,0,2017-03-28T00:00:00.000Z,3/28/2017 11:20:00 PM,At Intersection (intersection related),11.0,"MOTOR VEHICLE STRUCK MOTOR VEHICLE, FRONT END AT ANGLE",,N,Raining,Wet,Dark - Street Lights On,,,,28,From opposite direction - one left turn - one straight,0,0,N,568.2783006681759,762
114326,-122.32394607098915,47.61522806298954,114327,127579,127579,3567539,Matched,Block,,E PINE ST BETWEEN BELMONT AVE AND BOYLSTON AVE,,,2,Injury Collision,Angles,5,0,0,4,2,0,0,2011-11-17T00:00:00.000Z,11/17/2011 8:52:00 PM,Mid-Block (but intersection related),11.0,"MOTOR VEHICLE STRUCK MOTOR VEHICLE, FRONT END AT ANGLE",,N,Raining,Wet,Dark - Street Lights On,,11321015.0,,10,Entering at angle,0,0,N,172.46806767240736,55
31536,-122.34398387259355,47.73231008191894,32537,46726,46726,1791907,Matched,Intersection,35720.0,MIDVALE AVE N AND N 143RD ST,,,1,Property Damage Only Collision,Angles,2,0,0,2,0,0,0,2005-03-03T00:00:00.000Z,3/3/2005,At Intersection (intersection related),11.0,"MOTOR VEHICLE STRUCK MOTOR VEHICLE, FRONT END AT ANGLE",,0,Clear or Partly Cloudy,Dry,Daylight,,5062025.0,,10,Entering at angle,0,0,N,323.720773467529,337
127077,-122.31769472662224,47.54778330507205,128078,145310,145310,3467230,Unmatched,Intersection,33131.0,ELLIS AVE S AND S BAILEY ST, ,,1,Property Damage Only Collision,,1,0,0,0,0,0,0,2013-04-30T00:00:00.000Z,4/30/2013,At Intersection (intersection related),26.0,MOTOR VEHICLE STRUCK OBJECT IN ROAD,,,,,,,,, ,,0,0,N,313.3854123884331,399
19782,-122.38033460609124,47.57120918845472,19783,33408,33408,1775019,Matched,Intersection,31847.0,38TH AVE SW AND SW MANNING ST,,,1,Property Damage Only Collision,Angles,2,0,0,2,0,0,0,2005-05-09T00:00:00.000Z,5/9/2005,At Intersection (intersection related),11.0,"MOTOR VEHICLE STRUCK MOTOR VEHICLE, FRONT END AT ANGLE",,0,Raining,Wet,Dark - Street Lights On,,5129008.0,,10,Entering at angle,0,0,N,81.11454231739452,424
102665,-122.29443321479955,47.562303921110974,102666,116323,116323,3374232,Matched,Block,,M L KING JR WR WAY S BETWEEN S COLUMBIAN WAY AND S SNOQUALMIE ST,,,1,Property Damage Only Collision,Rear Ended,2,0,0,2,0,0,0,2010-09-30T00:00:00.000Z,9/30/2010 8:00:00 AM,Mid-Block (but intersection related),14.0,"MOTOR VEHICLE STRUCK MOTOR VEHICLE, REAR END",,N,Clear or Partly Cloudy,Dry,Daylight,,10273007.0,,14,From same direction - both going straight - one stopped - rear-end,0,0,N,199.62788034827432,896
12128,-122.33479292354076,47.54919188323864,12129,25703,25703,1476162,Matched,Block,,EAST MARGINAL WAY S BETWEEN S FIDALGO ST AND 1ST AVE S,,,2,Injury Collision,Rear Ended,2,0,0,2,1,0,0,2004-03-30T00:00:00.000Z,3/30/2004 8:30:00 PM,Mid-Block (not related to intersection),14.0,"MOTOR VEHICLE STRUCK MOTOR VEHICLE, REAR END",,0,Clear or Partly Cloudy,Dry,Dark - Street Lights On,,4090020.0,,14,From same direction - both going straight - one stopped - rear-end,0,0,N,900.1398672065048,202
142025,-122.37041026605304,47.631287236095,143026,165473,165493,3577781,Matched,Block,,10TH AVE W BETWEEN W LEE ST AND OLYMPIC WAY W, ,,1,Property Damage Only Collision,Parked Car,2,0,0,2,0,0,0,2014-04-03T00:00:00.000Z,4/3/2014 11:30:00 AM,Mid-Block (not related to intersection),0.0,NOT ENOUGH INFORMATION / NOT APPLICABLE,,N,Unknown,Unknown,Daylight,,,,32,One parked--one moving,0,0,N,267.69300464604913,247
116113,-122.38770963032712,47.58539279534092,116114,129908,129908,3380289,Matched,Intersection,31128.0,44TH AVE SW AND SW HILL ST,,,1,Property Damage Only Collision,Angles,2,0,0,2,0,0,0,2011-03-16T00:00:00.000Z,3/16/2011 10:57:00 PM,At Intersection (intersection related),11.0,"MOTOR VEHICLE STRUCK MOTOR VEHICLE, FRONT END AT ANGLE",,N,Clear or Partly Cloudy,Dry,Dark - Street Lights On,,11075006.0,,10,Entering at angle,0,0,N,266.37616305571925,518
60325,-122.2906813548238,47.70066252642901,60326,74888,74888,2614382,Matched,Block,,35TH AVE NE BETWEEN NE 98TH ST AND NE 100TH ST,,,1,Property Damage Only Collision,Other,1,0,0,1,0,0,0,2007-12-21T00:00:00.000Z,12/21/2007 11:15:00 AM,Mid-Block (but intersection related),28.0,MOTOR VEHICLE RAN OFF ROAD - HIT FIXED OBJECT,,0,Overcast,Dry,Daylight,,7355007.0,,50,Fixed object,0,0,N,209.11620873811893,694
120177,-122.27707303978781,47.54601822180759,119178,135446,135446,3617400,Matched,Block,,S GRAHAM ST BETWEEN 44TH AVE S AND RAINIER AVE S,,,1,Property Damage Only Collision,Parked Car,4,0,0,2,0,0,0,2012-06-02T00:00:00.000Z,6/2/2012 10:04:00 AM,Mid-Block (not related to intersection),14.0,"MOTOR VEHICLE STRUCK MOTOR VEHICLE, REAR END",,N,Overcast,Dry,Daylight,,12154034.0,Y,32,One parked--one moving,0,0,N,128.2834907474353,351
73432,-122.35202667295415,47.616635188792905,73433,87635,87635,3289501,Matched,Block,,1ST AVE BETWEEN CLAY ST AND BROAD ST,,,1,Property Damage Only Collision,Rear Ended,2,0,0,2,0,0,0,2008-08-10T00:00:00.000Z,8/10/2008 1:41:00 AM,Mid-Block (but intersection related),14.0,"MOTOR VEHICLE STRUCK MOTOR VEHICLE, REAR END",,1,Clear or Partly Cloudy,Dry,Dark - Street Lights On,,8223028.0,,14,From same direction - both going straight - one stopped - rear-end,0,0,N,1074.904895235069,663
170214,-122.33206585657386,47.61655713149904,172215,221778,222058,E542363,Unmatched,Block,,BOREN AVE BETWEEN HOWELL ST AND STEWART ST, ,,1,Property Damage Only Collision,,2,0,0,0,0,0,0,2016-05-10T00:00:00.000Z,5/10/2016,Mid-Block (but intersection related),14.0,"MOTOR VEHICLE STRUCK MOTOR VEHICLE, REAR END",,,,,,,,, ,,0,0,N,490.94867319700256,55
182040,-122.34887678061644,47.62456433085206,182041,234539,234939,3746518,Matched,Intersection,28915.0,4TH AVE N AND MERCER ST, ,,2,Injury Collision,Angles,5,0,0,2,1,0,0,2016-11-26T00:00:00.000Z,11/26/2016 10:05:00 PM,At Intersection (intersection related),11.0,"MOTOR VEHICLE STRUCK MOTOR VEHICLE, FRONT END AT ANGLE",Y,N,Raining,Wet,Dark - Street Lights On,,,,10,Entering at angle,0,0,N,215.09784941814078,422
131372,-122.35852657074551,47.517362497528325,131373,146129,146149,3504891,Matched,Block,,SW ROXBURY ST BETWEEN 18TH AVE SW AND 20TH AVE SW, ,,2,Injury Collision,Rear Ended,3,0,0,3,2,0,0,2013-05-08T00:00:00.000Z,5/8/2013,Mid-Block (not related to intersection),14.0,"MOTOR VEHICLE STRUCK MOTOR VEHICLE, REAR END",Y,N,Clear or Partly Cloudy,Dry,Unknown,,,,14,From same direction - both going straight - one stopped - rear-end,0,0,N,209.676147940743,78
167206,-122.31310175369732,47.663091788500566,167207,212651,212931,3736718,Matched,Intersection,25804.0,UNIVERSITY WAY NE AND NE 47TH ST, ,,2,Injury Collision,Pedestrian,2,1,0,1,1,0,0,2016-01-29T00:00:00.000Z,1/29/2016 10:20:00 AM,At Intersection (intersection related),24.0,MOTOR VEHCILE STRUCK PEDESTRIAN,Y,N,Raining,Wet,Daylight,Y,,,2,Vehicle turning left hits pedestrian,0,524432,N,397.79591287993196,785
113019,-122.31625151024845,47.63765000472878,113020,128886,128886,3566099,Matched,Block,,E CROCKETT ST BETWEEN 12TH AVE E AND EVERETT AVE E,,,1,Property Damage Only Collision,Parked Car,2,0,0,2,0,0,0,2011-08-03T00:00:00.000Z,8/3/2011,Mid-Block (not related to intersection),16.0,"MOTOR VEHICLE STRUCK MOTOR VEHICLE, LEFT SIDE SIDESWIPE",,0,Clear or Partly Cloudy,Dry,Dark - Street Lights On,,11215014.0,,32,One parked--one moving,0,0,N,247.2437109359908,547
90561,-122.33912756652096,47.62648210322236,90562,105275,105275,3344638,Matched,Block,,WESTLAKE AVE N BETWEEN VALLEY ST AND 9TH AVE N,,,1,Property Damage Only Collision,Parked Car,3,0,0,2,0,0,0,2009-08-19T00:00:00.000Z,8/19/2009 10:31:00 PM,Mid-Block (not related to intersection),11.0,"MOTOR VEHICLE STRUCK MOTOR VEHICLE, FRONT END AT ANGLE",,0,Clear or Partly Cloudy,Dry,Dark - Street Lights On,,9231022.0,,19,One car entering parked position,0,0,N,469.032445369243,272
18864,-122.34468119185519,47.70396347814516,18865,33045,33045,2025501,Matched,Block,,AURORA AVE N BETWEEN N 103RD N ST AND N 104TH ST,,,1,Property Damage Only Collision,Rear Ended,3,0,0,3,0,0,0,2005-05-05T00:00:00.000Z,5/5/2005,Mid-Block (but intersection related),14.0,"MOTOR VEHICLE STRUCK MOTOR VEHICLE, REAR END",Y,0,Clear or Partly Cloudy,Dry,Daylight,,5125025.0,,14,From same direction - both going straight - one stopped - rear-end,0,0,N,206.35708656526566,6
112665,-122.37621377352508,47.66944247327879,110666,126230,126230,3553876,Matched,Intersection,25415.0,15TH AVE NW AND NW 56TH ST,,,1,Property Damage Only Collision,Other,1,0,0,1,0,0,0,2011-12-07T00:00:00.000Z,12/7/2011 2:54:00 AM,At Intersection (intersection related),28.0,MOTOR VEHICLE RAN OFF ROAD - HIT FIXED OBJECT,,N,Raining,Wet,Dark - Street Lights On,,11341004.0,,50,Fixed object,0,0,N,258.0014962678993,133
129791,-122.37630450683679,47.69371046840621,129792,143332,143332,2611739,Matched,Block,,HOLMAN RD NW BETWEEN 15TH AVE NW AND NW 90TH ST, ,,2,Injury Collision,Other,1,0,0,1,1,0,0,2013-02-19T00:00:00.000Z,2/19/2013 9:47:00 PM,Mid-Block (but intersection related),26.0,MOTOR VEHICLE STRUCK OBJECT IN ROAD,Y,N,Clear or Partly Cloudy,Dry,Dark - Street Lights On,,13050011.0,,50,Fixed object,0,0,N,175.7601824315073,675
51551,-122.38731468582822,47.5912648946925,51552,66049,66049,C682349,Matched,Block,,44TH AVE SW BETWEEN SW DONALD ST AND SW ATLANTIC ST,,,1,Property Damage Only Collision,Parked Car,2,0,0,2,0,0,0,2007-02-12T00:00:00.000Z,2/12/2007 1:00:00 PM,Mid-Block (not related to intersection),14.0,"MOTOR VEHICLE STRUCK MOTOR VEHICLE, REAR END",,0,Other,Dry,Daylight,,7043033.0,,32,One parked--one moving,0,0,N,919.8831316852518,518
127490,-122.38139321293853,47.57315124320714,128491,143402,143402,3288174,Matched,Intersection,31831.0,39TH AVE SW AND SW HINDS ST, ,,1,Property Damage Only Collision,Angles,3,0,0,2,0,0,0,2013-01-25T00:00:00.000Z,1/25/2013 8:34:00 AM,At Intersection (intersection related),11.0,"MOTOR VEHICLE STRUCK MOTOR VEHICLE, FRONT END AT ANGLE",,N,Clear or Partly Cloudy,Wet,Daylight,,13025006.0,,10,Entering at angle,0,0,N,214.99845679388375,333
98990,-122.37308019185242,47.581826303998774,98991,112397,112397,3288463,Matched,Block,,HARBOR AVE SW BETWEEN FAUNTLEROY AVE SW AND SW FLORIDA ST,,,1,Property Damage Only Collision,Rear Ended,2,0,0,2,0,0,0,2010-04-18T00:00:00.000Z,4/18/2010 1:57:00 PM,Mid-Block (not related to intersection),14.0,"MOTOR VEHICLE STRUCK MOTOR VEHICLE, REAR END",Y,N,Clear or Partly Cloudy,Dry,Daylight,,10108022.0,,14,From same direction - both going straight - one stopped - rear-end,0,0,N,677.8549914198251,711
110860,-122.26366810472209,47.682124065135184,112861,128043,128043,3377146,Matched,Intersection,24994.0,SAND POINT WAY NE AND NE 74TH ST,,,2,Injury Collision,Left Turn,4,0,0,2,2,0,0,2011-04-08T00:00:00.000Z,4/8/2011 6:14:00 PM,At Intersection (intersection related),11.0,"MOTOR VEHICLE STRUCK MOTOR VEHICLE, FRONT END AT ANGLE",,N,Clear or Partly Cloudy,Dry,Daylight,,11098007.0,,28,From opposite direction - one left turn - one straight,0,0,N,780.8816455842285,359
118539,-122.33573018611557,47.707376394494936,118540,132146,132146,2904615,Matched,Intersection,36358.0,BURKE AVE N AND N NORTHGATE WAY,,,1,Property Damage Only Collision,Angles,2,0,0,2,0,0,0,2012-01-23T00:00:00.000Z,1/23/2012 10:36:00 AM,At Intersection (intersection related),11.0,"MOTOR VEHICLE STRUCK MOTOR VEHICLE, FRONT END AT ANGLE",,N,Clear or Partly Cloudy,Dry,Daylight,,12023002.0,,10,Entering at angle,0,0,N,146.07522952446092,924
46008,-122.3379953590227,47.60829216502846,46009,60081,60081,2190708,Matched,Intersection,29600.0,2ND AVE AND UNION ST,,,2,Injury Collision,Angles,2,0,0,2,1,0,0,2006-01-09T00:00:00.000Z,1/9/2006,At Intersection (intersection related),11.0,"MOTOR VEHICLE STRUCK MOTOR VEHICLE, FRONT END AT ANGLE",,0,Raining,Wet,Dark - Street Lights On,,6009022.0,,10,Entering at angle,0,0,N,983.4123751467896,185
8839,-122.38758727759482,47.66945776336614,8840,22529,22529,1793765,Matched,Intersection,25141.0,24TH AVE NW AND NW 56TH ST,,,2,Injury Collision,Angles,3,0,0,2,2,0,0,2004-10-05T00:00:00.000Z,10/5/2004,At Intersection (intersection related),11.0,"MOTOR VEHICLE STRUCK MOTOR VEHICLE, FRONT END AT ANGLE",,0,Raining,Wet,Dark - Street Lights On,,4279026.0,,10,Entering at angle,0,0,N,267.9410222112461,212
76788,-122.33419545314449,47.59031216424016,76789,92063,92063,2807596,Matched,Intersection,30388.0,1ST AVE S AND S ATLANTIC ST, ,,2,Injury Collision,Pedestrian,2,1,0,1,1,0,0,2008-10-02T00:00:00.000Z,10/2/2008,At Intersection (intersection related),24.0,MOTOR VEHCILE STRUCK PEDESTRIAN,Y,0,Overcast,Dry,Daylight,,8276020.0,,1,Vehicle turning right hits pedestrian,0,521220,N,1511.770667845037,875
152220,-122.32727000554749,47.54804935017149,150221,179208,179248,3693983,Matched,Block,,S FRONT ST BETWEEN 5TH AVE S AND 6TH AVE S, ,,2,Injury Collision,Cycles,3,0,1,1,1,0,0,2014-11-06T00:00:00.000Z,11/6/2014 2:13:00 PM,Mid-Block (not related to intersection),14.0,"MOTOR VEHICLE STRUCK MOTOR VEHICLE, REAR END",,N,Raining,Wet,Daylight,,,,45,Vehicle - Pedalcyclist,0,0,N,421.1870727162989,202
128487,-122.33622826929388,47.60971641324666,126488,142575,142575,3645117,Unmatched,Block,,4TH AVE BETWEEN UNION ST AND PIKE ST,,,0,Unknown,,0,0,0,0,0,0,0,2012-12-13T00:00:00.000Z,12/13/2012,,0.0,NOT ENOUGH INFORMATION / NOT APPLICABLE,,,,,,,12348008.0,,,,0,0,N,789.6239249796363,185
191395,-122.31305057862976,47.666435790466174,191396,258719,259379,3753946,Matched,Intersection,25784.0,UNIVERSITY WAY NE AND NE 52ND ST, ,,1,Property Damage Only Collision,Left Turn,2,0,0,2,0,0,0,2017-12-06T00:00:00.000Z,12/6/2017 10:03:00 AM,At Intersection (intersection related),11.0,"MOTOR VEHICLE STRUCK MOTOR VEHICLE, FRONT END AT ANGLE",,N,Clear or Partly Cloudy,Dry,Daylight,,,,28,From opposite direction - one left turn - one straight,0,0,N,162.82549118249884,268
53625,-122.37488989233377,47.64940622872498,53626,67867,67867,2826128,Matched,Block,,14TH AVE W BETWEEN W DRAVUS ST AND W BERTONA ST,,,1,Property Damage Only Collision,Parked Car,2,0,0,2,0,0,0,2007-07-11T00:00:00.000Z,7/11/2007 9:09:00 PM,Driveway Junction,11.0,"MOTOR VEHICLE STRUCK MOTOR VEHICLE, FRONT END AT ANGLE",,0,Clear or Partly Cloudy,Dry,Dusk,,7192005.0,,32,One parked--one moving,0,0,N,547.653793290608,292
88617,-122.30117931038052,47.61828503762696,88618,104385,104385,09207028,Unmatched,Block,,24TH AVE BETWEEN E HOWELL ST AND E DENNY WAY,,,0,Unknown,,0,0,0,0,0,0,0,2009-07-26T00:00:00.000Z,7/26/2009,Mid-Block (not related to intersection),11.0,"MOTOR VEHICLE STRUCK MOTOR VEHICLE, FRONT END AT ANGLE",,,,,,,9207028.0,,,,0,0,N,217.7668918306761,965
77872,-122.3859853403223,47.65215089104386,77873,94268,94268,09167031,Unmatched,Intersection,26461.0,23RD AVE W AND W RUFFNER ST,,,0,Unknown,,0,0,0,0,0,0,0,2009-06-16T00:00:00.000Z,6/16/2009,At Intersection (intersection related),11.0,"MOTOR VEHICLE STRUCK MOTOR VEHICLE, FRONT END AT ANGLE",,,,,,,9167031.0,,,,0,0,N,618.918439166263,136
141892,-122.34477198486212,47.61117277028736,141893,164077,164097,3583527,Matched,Intersection,29722.0,LENORA ST AND WESTERN AVE, ,,1,Property Damage Only Collision,Left Turn,2,0,0,2,0,0,0,2014-02-25T00:00:00.000Z,2/25/2014 8:42:00 PM,At Intersection (intersection related),14.0,"MOTOR VEHICLE STRUCK MOTOR VEHICLE, REAR END",,N,Clear or Partly Cloudy,Dry,Daylight,,,,28,From opposite direction - one left turn - one straight,0,0,N,1359.4322044108276,185
75350,-122.35438816996039,47.67147122970914,74351,88199,88199,3276752,Matched,Block,,PHINNEY AVE N BETWEEN N 58TH ST AND N 59TH ST,,,1,Property Damage Only Collision,Parked Car,2,0,0,2,0,0,0,2008-07-18T00:00:00.000Z,7/18/2008 11:00:00 AM,Mid-Block (not related to intersection),11.0,"MOTOR VEHICLE STRUCK MOTOR VEHICLE, FRONT END AT ANGLE",,0,Clear or Partly Cloudy,Dry,Daylight,,8200029.0,,32,One parked--one moving,0,0,N,81.39438496914987,454
182258,-122.34733221284071,47.65820696495119,182259,237455,237895,E590148,Unmatched,Block,,AURORA AVE N BETWEEN N 42ND ST AND N MOTOR PL,NEI,"Not Enough Information, or Insufficient Location Information",0,Unknown,,0,0,0,0,0,0,0,2016-09-29T00:00:00.000Z,9/29/2016,Mid-Block (not related to intersection),0.0,NOT ENOUGH INFORMATION / NOT APPLICABLE,,,,,,,,, ,,0,0,N,102.90429397072744,320
186994,-122.34315664159516,47.68693800538613,185995,242840,243320,3591300,Matched,Block,,N 80TH ST BETWEEN AURORA AVE N AND STONE AVE N, ,,1,Property Damage Only Collision,Sideswipe,2,0,0,2,0,0,0,2017-06-10T00:00:00.000Z,6/10/2017 7:17:00 PM,Mid-Block (not related to intersection),11.0,"MOTOR VEHICLE STRUCK MOTOR VEHICLE, FRONT END AT ANGLE",,N,Clear or Partly Cloudy,Dry,Daylight,,,,11,From same direction - both going straight - both moving - sideswipe,0,0,N,362.2758873864232,867
27362,-122.38544767945896,47.56927896457533,27363,41490,41490,C651202,Matched,Intersection,31867.0,42ND AVE SW AND SW BRADFORD ST,,,2,Injury Collision,Angles,2,0,0,2,1,0,0,2005-05-24T00:00:00.000Z,5/24/2005 7:45:00 PM,At Intersection (intersection related),11.0,"MOTOR VEHICLE STRUCK MOTOR VEHICLE, FRONT END AT ANGLE",,0,Clear or Partly Cloudy,Dry,Unknown,,5144043.0,,10,Entering at angle,0,0,N,100.59512477559407,254
20381,-122.35797515669101,47.68838809431734,20382,34748,34748,1791775,Matched,Intersection,24050.0,1ST AVE NW AND NW 82ND ST,,,2,Injury Collision,Angles,3,0,0,2,2,0,0,2005-08-28T00:00:00.000Z,8/28/2005 7:55:00 PM,At Intersection (intersection related),11.0,"MOTOR VEHICLE STRUCK MOTOR VEHICLE, FRONT END AT ANGLE",,0,Raining,Wet,Dusk,,5240014.0,,10,Entering at angle,0,0,N,80.47214444948054,629
143703,-122.32904865942409,47.59334252923422,144704,165682,165702,3641326,Matched,Block,,4TH AVE S BETWEEN I90 WB 4TH AV OFF RP AND S ROYAL BROUGHAM WAY, ,,1,Property Damage Only Collision,Rear Ended,3,0,0,2,0,0,0,2014-04-08T00:00:00.000Z,4/8/2014 11:00:00 PM,Mid-Block (not related to intersection),14.0,"MOTOR VEHICLE STRUCK MOTOR VEHICLE, REAR END",,Y,Raining,Wet,Dark - No Street Lights,,,,14,From same direction - both going straight - one stopped - rear-end,0,0,N,1269.6777639005504,900
7260,-122.37582894661199,47.6429443380765,7261,20736,20736,1482756,Matched,Block,,W RAYE ST BETWEEN DEAD END 1 AND 15TH AVE W,,,1,Property Damage Only Collision,Parked Car,2,0,0,2,0,0,0,2004-06-22T00:00:00.000Z,6/22/2004 3:00:00 PM,Mid-Block (not related to intersection),16.0,"MOTOR VEHICLE STRUCK MOTOR VEHICLE, LEFT SIDE SIDESWIPE",,0,Unknown,Unknown,Daylight,,4174034.0,,32,One parked--one moving,0,0,N,396.5491479627327,292
28675,-122.32729622067605,47.60498151755912,28676,42750,42750,2063626,Matched,Block,,7TH AVE BETWEEN JAMES ST AND CHERRY ST,,,2,Injury Collision,Rear Ended,4,0,0,4,1,0,0,2005-09-16T00:00:00.000Z,9/16/2005 9:16:00 AM,Mid-Block (but intersection related),14.0,"MOTOR VEHICLE STRUCK MOTOR VEHICLE, REAR END",,0,Raining,Wet,Daylight,,5259032.0,,73,Same direction -- both turning right -- both moving -- rear end,0,0,N,645.9987313052499,762