,X,Y,OBJECTID,INCKEY,COLDETKEY,REPORTNO,STATUS,ADDRTYPE,INTKEY,LOCATION,EXCEPTRSNCODE,EXCEPTRSNDESC,SEVERITYCODE,SEVERITYDESC,COLLISIONTYPE,PERSONCOUNT,PEDCOUNT,PEDCYLCOUNT,VEHCOUNT,INJURIES,SERIOUSINJURIES,FATALITIES,INCDATE,INCDTTM,JUNCTIONTYPE,SDOT_COLCODE,SDOT_COLDESC,INATTENTIONIND,UNDERINFL,WEATHER,ROADCOND,LIGHTCOND,PEDROWNOTGRNT,SDOTCOLNUM,SPEEDING,ST_COLCODE,ST_COLDESC,SEGLANEKEY,CROSSWALKKEY,HITPARKEDCAR,CLOSEST_CIRCLE_DIST,CLOSEST_CIRCLE_INDEX
27223,-122.36796962197263,47.5173867509199,27224,41449,41449,1795578,Matched,Block,,SW ROXBURY ST BETWEEN 27TH AVE SW AND 28TH AVE SW,,,1,Property Damage Only Collision,Other,3,0,0,2,0,0,0,2005-01-10T00:00:00.000Z,1/10/2005 6:10:00 PM,Mid-Block (not related to intersection),11.0,"MOTOR VEHICLE STRUCK MOTOR VEHICLE, FRONT END AT ANGLE",,0,Clear or Partly Cloudy,Unknown,Unknown,,5010019.0,,23,From same direction - all others,0,0,N,326.2770857899576,84
22301,-122.33759198158764,47.61120737279311,22302,36003,36003,1744716,Matched,Intersection,29579.0,4TH AVE AND PINE ST,,,1,Property Damage Only Collision,Left Turn,2,0,0,2,0,0,0,2005-11-18T00:00:00.000Z,11/18/2005 9:20:00 PM,At Intersection (intersection related),11.0,"MOTOR VEHICLE STRUCK MOTOR VEHICLE, FRONT END AT ANGLE",,0,Clear or Partly Cloudy,Dry,Dark - Street Lights On,,5322034.0,,15,From same direction - one left turn - one straight,0,0,N,828.2550909629741,185
114890,-122.34626626345265,47.624558047947815,114891,130099,130099,3377657,Matched,Intersection,28913.0,MERCER ST AND TAYLOR AVE N,,,1,Property Damage Only Collision,Angles,2,0,0,2,0,0,0,2011-01-24T00:00:00.000Z,1/24/2011 7:50:00 PM,At Intersection (intersection related),11.0,"MOTOR VEHICLE STRUCK MOTOR VEHICLE, FRONT END AT ANGLE",,N,Raining,Wet,Dark - Street Lights On,,11024003.0,,10,Entering at angle,0,0,N,350.88011897254006,422
151961,-122.32154145984535,47.61990296080325,152962,183281,183361,E384424,Matched,Block,,E OLIVE WAY BETWEEN HARVARD AVE E AND BROADWAY E, ,,1,Property Damage Only Collision,Sideswipe,0,0,0,2,0,0,0,2014-12-15T00:00:00.000Z,12/15/2014 1:36:00 PM,Mid-Block (not related to intersection),11.0,"MOTOR VEHICLE STRUCK MOTOR VEHICLE, FRONT END AT ANGLE",,N,Clear or Partly Cloudy,Dry,Daylight,,,,11,From same direction - both going straight - both moving - sideswipe,0,0,N,139.17552601050508,957
196214,-122.34821218312277,47.62628371932455,196215,279437,280337,E783803,Unmatched,Block,,VALLEY ST BETWEEN 4TH AVE N AND 5TH AVE N,NEI,"Not Enough Information, or Insufficient Location Information",0,Unknown,,2,0,0,0,0,0,0,2018-03-26T00:00:00.000Z,3/26/2018,Mid-Block (not related to intersection),11.0,"MOTOR VEHICLE STRUCK MOTOR VEHICLE, FRONT END AT ANGLE",,,,,,,,, ,,0,0,Y,146.9892335906308,422
61003,-122.32501694613757,47.61634482240242,61004,75445,75445,2828056,Matched,Block,,E OLIVE ST BETWEEN SUMMIT AVE AND BELMONT AVE,,,1,Property Damage Only Collision,Parked Car,2,0,0,2,0,0,0,2007-10-17T00:00:00.000Z,10/17/2007 9:45:00 PM,Mid-Block (not related to intersection),11.0,"MOTOR VEHICLE STRUCK MOTOR VEHICLE, FRONT END AT ANGLE",,0,Raining,Wet,Dark - Street Lights On,,7290048.0,,32,One parked--one moving,0,0,N,39.551977610092095,55
121380,-122.33400094416838,47.709115212241656,121381,137158,137158,3551466,Matched,Block,,MERIDIAN AVE N BETWEEN N NORTHGATE WAY AND N 112TH ST,,,2,Injury Collision,Sideswipe,5,0,0,2,1,0,0,2012-08-16T00:00:00.000Z,8/16/2012 10:58:00 PM,Mid-Block (not related to intersection),11.0,"MOTOR VEHICLE STRUCK MOTOR VEHICLE, FRONT END AT ANGLE",,N,Clear or Partly Cloudy,Dry,Dark - Street Lights On,,12229029.0,,11,From same direction - both going straight - both moving - sideswipe,0,0,N,364.5404903993338,924
119124,-122.31308797808485,47.663994887860014,120125,135215,135215,3551087,Matched,Block,,UNIVERSITY WAY NE BETWEEN NE 47TH ST AND NE 50TH ST,,,1,Property Damage Only Collision,Parked Car,3,0,0,2,0,0,0,2012-09-11T00:00:00.000Z,9/11/2012 12:29:00 PM,Mid-Block (not related to intersection),11.0,"MOTOR VEHICLE STRUCK MOTOR VEHICLE, FRONT END AT ANGLE",,N,Clear or Partly Cloudy,Dry,Daylight,,12255019.0,,20,One car leaving parked position,0,0,N,315.96393591550077,268
107802,-122.36634858933508,47.63534605096877,107803,124382,124382,3375780,Matched,Block,,7TH AVE W BETWEEN W BLAINE ST AND W HOWE ST,,,1,Property Damage Only Collision,Parked Car,3,0,0,3,0,0,0,2011-06-23T00:00:00.000Z,6/23/2011 3:47:00 AM,Mid-Block (not related to intersection),13.0,"MOTOR VEHICLE STRUCK MOTOR VEHICLE, LEFT SIDE AT ANGLE",,N,Overcast,Dry,Dark - Street Lights On,,11174022.0,Y,32,One parked--one moving,0,0,N,211.79731825667616,43
155851,-122.36816825220072,47.544024105264796,156852,193662,193742,3583329,Matched,Block,,HIGH POINT DR SW BETWEEN SW MORGAN ST AND 29TH AVE SW, ,,2,Injury Collision,Rear Ended,2,0,0,2,1,0,0,2015-05-22T00:00:00.000Z,5/22/2015 2:15:00 PM,Driveway Junction,14.0,"MOTOR VEHICLE STRUCK MOTOR VEHICLE, REAR END",,N,Clear or Partly Cloudy,Dry,Daylight,,,,14,From same direction - both going straight - one stopped - rear-end,0,0,N,540.7163192511634,505
85673,-122.347300705301,47.645029689803174,85674,99742,99742,3345159,Matched,Block,,WESTLAKE AVE N BETWEEN NEWELL ST AND NICKERSON ST,,,1,Property Damage Only Collision,Other,1,0,0,1,0,0,0,2009-10-16T00:00:00.000Z,10/16/2009 2:26:00 AM,Mid-Block (not related to intersection),28.0,MOTOR VEHICLE RAN OFF ROAD - HIT FIXED OBJECT,,0,Clear or Partly Cloudy,Wet,Dark - Street Lights On,,9289059.0,Y,50,Fixed object,0,0,N,262.0070252656945,962
112828,-122.29445790369637,47.670326602235505,110829,126525,126525,2829716,Matched,Block,,NE 57TH ST BETWEEN 30TH AVE NE AND 31ST AVE NE,,,1,Property Damage Only Collision,Parked Car,2,0,0,2,0,0,0,2011-01-23T00:00:00.000Z,1/23/2011 10:34:00 PM,Mid-Block (not related to intersection),13.0,"MOTOR VEHICLE STRUCK MOTOR VEHICLE, LEFT SIDE AT ANGLE",,N,Raining,Wet,Dark - Street Lights On,,11023014.0,,32,One parked--one moving,0,0,N,303.88355954780445,190
68929,-122.34502702503336,47.727767248486536,68930,82865,82865,3277589,Matched,Block,,AURORA AVE N BETWEEN N 135TH ST AND N 137TH ST,,,1,Property Damage Only Collision,Rear Ended,4,0,0,3,0,0,0,2008-10-14T00:00:00.000Z,10/14/2008 5:53:00 PM,Mid-Block (not related to intersection),14.0,"MOTOR VEHICLE STRUCK MOTOR VEHICLE, REAR END",Y,0,Clear or Partly Cloudy,Dry,Dusk,,8288017.0,,14,From same direction - both going straight - one stopped - rear-end,0,0,N,417.2533205183167,753
97864,-122.35334733378114,47.663592290775526,97865,113150,113150,3341945,Matched,Block,,N 48TH ST BETWEEN PHINNEY AVE N AND DAYTON AVE N,,,1,Property Damage Only Collision,Parked Car,2,0,0,2,0,0,0,2010-01-05T00:00:00.000Z,1/5/2010 9:30:00 AM,Mid-Block (not related to intersection),16.0,"MOTOR VEHICLE STRUCK MOTOR VEHICLE, LEFT SIDE SIDESWIPE",,N,Unknown,Unknown,Unknown,,10005023.0,,32,One parked--one moving,0,0,N,155.72100437268767,706
143019,-122.33869324292378,47.604651578239896,144020,168465,168485,3705024,Matched,Intersection,29625.0,ALASKAN E RDWY WAY AND SPRING ST, ,,2,Injury Collision,Rear Ended,2,0,0,2,1,0,0,2014-05-29T00:00:00.000Z,5/29/2014 5:31:00 PM,At Intersection (intersection related),14.0,"MOTOR VEHICLE STRUCK MOTOR VEHICLE, REAR END",Y,N,Clear or Partly Cloudy,Dry,Dark - Street Lights On,,,,14,From same direction - both going straight - one stopped - rear-end,0,0,N,1238.993075863868,762
202653,-122.30219857807688,47.583656396396215,202464,301845,303065,E834523,Matched,Intersection,31563.0,RAINIER AVE S AND S WALKER ST, ,,1,Property Damage Only Collision,Angles,3,0,0,2,0,0,0,2018-08-11T00:00:00.000Z,8/11/2018 7:37:00 PM,At Intersection (intersection related),11.0,"MOTOR VEHICLE STRUCK MOTOR VEHICLE, FRONT END AT ANGLE",,N,Clear or Partly Cloudy,Dry,Dusk,,,,10,Entering at angle,0,0,N,154.45159289534865,545
101894,-122.32500275415043,47.61522186587599,101895,116960,116960,3331088,Unmatched,Block,,E PINE ST BETWEEN SUMMIT AVE AND BELMONT AVE,,,0,Unknown,,0,0,0,0,0,0,0,2010-12-09T00:00:00.000Z,12/9/2010,Mid-Block (but intersection related),14.0,"MOTOR VEHICLE STRUCK MOTOR VEHICLE, REAR END",,,,,,,10343014.0,,,,0,0,N,130.96749687548018,55
42226,-122.36232674007252,47.63534734482322,42227,56382,56382,2609039,Matched,Block,,4TH AVE W BETWEEN W BLAINE ST AND W HOWE ST,,,1,Property Damage Only Collision,Parked Car,2,0,0,2,0,0,0,2006-05-19T00:00:00.000Z,5/19/2006 4:00:00 PM,Mid-Block (not related to intersection),12.0,"MOTOR VEHICLE STRUCK MOTOR VEHICLE, RIGHT SIDE AT ANGLE",,0,Unknown,Unknown,Daylight,,6139058.0,,32,One parked--one moving,0,0,N,120.72908389376678,314
89331,-122.313751322792,47.587368284127294,89332,105065,105065,3344001,Matched,Block,,15TH AVE S BETWEEN S STATE ST AND S GRAND ST,,,2,Injury Collision,Other,1,0,0,1,1,0,0,2009-10-17T00:00:00.000Z,10/17/2009 1:32:00 AM,Mid-Block (not related to intersection),28.0,MOTOR VEHICLE RAN OFF ROAD - HIT FIXED OBJECT,,1,Raining,Wet,Dark - Street Lights On,,9290006.0,Y,50,Fixed object,0,0,N,338.85237032831196,835
194967,-122.35609359658243,47.64777379408586,194968,263909,264689,E755098,Unmatched,Block,,ETRURIA ST BETWEEN QUEEN ANNE AVE N AND WARREN AVE N, ,,0,Unknown,,0,0,0,0,0,0,0,2018-01-03T00:00:00.000Z,1/3/2018,Mid-Block (not related to intersection),0.0,NOT ENOUGH INFORMATION / NOT APPLICABLE,,,,,,,,, ,,0,0,Y,154.72355435186353,217
156555,-122.32192040625559,47.70858579309433,155556,189141,189221,3575408,Matched,Block,,NE NORTHGATE WAY BETWEEN 5TH AVE NE AND 8TH AVE NE, ,,1,Property Damage Only Collision,Rear Ended,2,0,0,2,0,0,0,2015-04-06T00:00:00.000Z,4/6/2015 3:20:00 PM,Mid-Block (not related to intersection),14.0,"MOTOR VEHICLE STRUCK MOTOR VEHICLE, REAR END",,N,Clear or Partly Cloudy,Dry,Daylight,,,,13,From same direction - both going straight - both moving - rear-end,0,0,N,414.8087937760104,662
144647,-122.35177230169191,47.7341297437667,142648,162825,162845,3591531,Matched,Intersection,35775.0,EVANSTON AVE N AND N 145TH ST, ,,1,Property Damage Only Collision,Angles,2,0,0,2,0,0,0,2014-02-18T00:00:00.000Z,2/18/2014 2:32:00 PM,At Intersection (intersection related),11.0,"MOTOR VEHICLE STRUCK MOTOR VEHICLE, FRONT END AT ANGLE",,N,Raining,Wet,Daylight,,,,10,Entering at angle,0,0,N,511.0937487414747,26
17495,-122.29592259362244,47.66851954210226,17496,31507,31507,1780243,Matched,Block,,NE 55TH ST BETWEEN 29TH AVE NE AND 30TH W AVE NE,,,1,Property Damage Only Collision,Parked Car,2,0,0,2,0,0,0,2004-02-04T00:00:00.000Z,2/4/2004,Mid-Block (not related to intersection),16.0,"MOTOR VEHICLE STRUCK MOTOR VEHICLE, LEFT SIDE SIDESWIPE",Y,0,Unknown,Unknown,Unknown,,4035001.0,,32,One parked--one moving,0,0,N,278.8909291914612,144
146559,-122.29083126695257,47.72263939988681,147560,174784,174804,3695852,Matched,Intersection,36202.0,35TH AVE NE AND NE 130TH S ST, ,,2,Injury Collision,Left Turn,2,0,0,2,2,0,0,2014-09-02T00:00:00.000Z,9/2/2014 12:51:00 PM,At Intersection (intersection related),11.0,"MOTOR VEHICLE STRUCK MOTOR VEHICLE, FRONT END AT ANGLE",Y,N,Overcast,Dry,Daylight,,,,28,From opposite direction - one left turn - one straight,0,0,N,171.28990686277785,831
138548,-122.34408300273668,47.62323112349811,138549,155045,155065,3585387,Matched,Intersection,28776.0,AURORA AVE N AND REPUBLICAN ST, ,,2,Injury Collision,Rear Ended,2,0,0,2,1,0,0,2013-10-05T00:00:00.000Z,10/5/2013 1:47:00 AM,At Intersection (intersection related),14.0,"MOTOR VEHICLE STRUCK MOTOR VEHICLE, REAR END",,Y,Clear or Partly Cloudy,Dry,Dark - Street Lights On,,,,14,From same direction - both going straight - one stopped - rear-end,0,0,N,536.7695518829905,272
166630,-122.37476982564877,47.509986802821686,166631,209907,210127,E495478,Matched,Intersection,38105.0,34TH AVE SW AND SW 104TH W ST, ,,1,Property Damage Only Collision,Angles,2,0,0,2,0,0,0,2015-12-18T00:00:00.000Z,12/18/2015 10:17:00 PM,At Intersection (intersection related),11.0,"MOTOR VEHICLE STRUCK MOTOR VEHICLE, FRONT END AT ANGLE",,N,Overcast,Wet,Dark - Street Lights On,,,,10,Entering at angle,0,0,N,713.6446762760559,1000
142953,-122.3475768052174,47.62390073808175,143954,166650,166670,3581553,Matched,Block,,5TH AVE N BETWEEN REPUBLICAN ST AND MERCER ST, ,,2,Injury Collision,Rear Ended,5,0,0,2,1,0,0,2014-04-10T00:00:00.000Z,4/10/2014 7:59:00 PM,Mid-Block (not related to intersection),14.0,"MOTOR VEHICLE STRUCK MOTOR VEHICLE, REAR END",Y,N,Clear or Partly Cloudy,Dry,Dusk,,,,13,From same direction - both going straight - both moving - rear-end,0,0,N,329.46657315886364,422
167953,-122.32396630560606,47.60637434700306,167954,210557,210797,E500318,Matched,Block,,TERRY AVE BETWEEN JAMES ST AND CHERRY ST, ,,1,Property Damage Only Collision,Parked Car,2,0,0,2,0,0,0,2015-12-07T00:00:00.000Z,12/7/2015 1:29:00 PM,Mid-Block (not related to intersection),13.0,"MOTOR VEHICLE STRUCK MOTOR VEHICLE, LEFT SIDE AT ANGLE",Y,N,Raining,Wet,Daylight,,,,32,One parked--one moving,0,0,Y,463.624326797433,762
80664,-122.33556992889457,47.5217841204985,80665,94704,94704,2827269,Matched,Block,,OLSON PL SW BETWEEN 1ST AVE S AND 2ND AVE SW,,,1,Property Damage Only Collision,Rear Ended,2,0,0,2,0,0,0,2009-11-17T00:00:00.000Z,11/17/2009 8:15:00 AM,Mid-Block (not related to intersection),14.0,"MOTOR VEHICLE STRUCK MOTOR VEHICLE, REAR END",,0,Raining,Wet,Daylight,,9321013.0,,14,From same direction - both going straight - one stopped - rear-end,0,0,N,1035.1041774464895,415
47170,-122.30223345138604,47.59928129268522,47171,61409,61409,2063664,Matched,Intersection,30757.0,23RD AVE S AND S JACKSON ST,,,1,Property Damage Only Collision,Angles,2,0,0,2,0,0,0,2006-04-04T00:00:00.000Z,4/4/2006,At Intersection (intersection related),11.0,"MOTOR VEHICLE STRUCK MOTOR VEHICLE, FRONT END AT ANGLE",,0,Clear or Partly Cloudy,Dry,Dusk,,6094032.0,,10,Entering at angle,0,0,N,218.3056714406398,319
87252,-122.27873223383676,47.52520139379841,86253,100596,100596,2894145,Matched,Block,,M L KING JR ER WAY S BETWEEN S CLOVERDALE ST AND S TRENTON ST,,,1,Property Damage Only Collision,Rear Ended,5,0,0,2,0,0,0,2009-06-14T00:00:00.000Z,6/14/2009 3:20:00 PM,Mid-Block (but intersection related),14.0,"MOTOR VEHICLE STRUCK MOTOR VEHICLE, REAR END",Y,0,Clear or Partly Cloudy,Dry,Daylight,,9165005.0,,14,From same direction - both going straight - one stopped - rear-end,0,0,N,620.1690625489775,401
117874,-122.28856621160848,47.72110359093704,117875,131956,131956,3507306,Matched,Block,,37TH AVE NE BETWEEN NE 125TH ST AND NE 130TH ST,,,1,Property Damage Only Collision,Parked Car,2,0,0,2,0,0,0,2012-06-27T00:00:00.000Z,6/27/2012 6:00:00 AM,,0.0,NOT ENOUGH INFORMATION / NOT APPLICABLE,,N,Clear or Partly Cloudy,Dry,Unknown,,12179028.0,,32,One parked--one moving,0,0,N,208.13977564375622,831
171191,-122.31409728738659,47.73396449086976,171192,216919,217199,E516632,Matched,Block,,NE 145TH ST BETWEEN 12TH AVE NE AND 15TH AVE NE, ,,1,Property Damage Only Collision,Rear Ended,3,0,0,3,0,0,0,2016-02-10T00:00:00.000Z,2/10/2016 8:29:00 PM,Mid-Block (not related to intersection),14.0,"MOTOR VEHICLE STRUCK MOTOR VEHICLE, REAR END",,N,Clear or Partly Cloudy,Dry,Dark - Street Lights On,,,,14,From same direction - both going straight - one stopped - rear-end,0,0,N,369.2626039859153,111
11015,-122.33918659664991,47.625593827697344,11016,24462,24462,1482305,Matched,Block,,ROY ST BETWEEN 9TH AVE N AND VALLEY ST,,,1,Property Damage Only Collision,Sideswipe,2,0,0,2,0,0,0,2004-02-26T00:00:00.000Z,2/26/2004 9:00:00 AM,Mid-Block (but intersection related),11.0,"MOTOR VEHICLE STRUCK MOTOR VEHICLE, FRONT END AT ANGLE",,0,Overcast,Wet,Daylight,,4057014.0,,11,From same direction - both going straight - both moving - sideswipe,0,0,N,509.6705300514399,272
114254,-122.33097835916084,47.651062537211615,114255,129107,129107,3564360,Matched,Block,,N PACIFIC ST BETWEEN N 36TH ST AND SUNNYSIDE AVE N,,,2,Injury Collision,Other,3,0,0,1,1,0,0,2011-11-23T00:00:00.000Z,11/23/2011 2:00:00 PM,Mid-Block (not related to intersection),26.0,MOTOR VEHICLE STRUCK OBJECT IN ROAD,,N,Raining,Wet,Daylight,,11327014.0,,50,Fixed object,0,0,N,106.07469935498486,862
68728,-122.31673674062874,47.624262227719285,68729,83904,83904,2897652,Matched,Intersection,29005.0,12TH AVE E AND E MERCER ST,,,1,Property Damage Only Collision,Angles,4,0,0,2,0,0,0,2008-01-20T00:00:00.000Z,1/20/2008 2:47:00 PM,At Intersection (intersection related),11.0,"MOTOR VEHICLE STRUCK MOTOR VEHICLE, FRONT END AT ANGLE",,N,Clear or Partly Cloudy,Dry,Daylight,,8020005.0,,10,Entering at angle,0,0,N,203.58651760096504,746
127350,-122.37007168590851,47.641388030953465,128351,143105,143105,3581822,Matched,Block,,10TH AVE W BETWEEN W WHEELER ST AND W HALLADAY ST, ,,1,Property Damage Only Collision,Parked Car,2,0,0,2,0,0,0,2013-03-07T00:00:00.000Z,3/7/2013 7:00:00 AM,Mid-Block (not related to intersection),11.0,"MOTOR VEHICLE STRUCK MOTOR VEHICLE, FRONT END AT ANGLE",,N,Raining,Wet,Dark - Street Lights On,,13066025.0,,32,One parked--one moving,0,0,N,110.43261333953104,50
4968,-122.30487229516031,47.56035790330783,1969,225100,225400,3783138,Matched,Block,,BEACON WR AVE S BETWEEN S ALASKA ST AND S COLUMBIAN WAY, ,,2,Injury Collision,Other,3,0,0,1,1,0,0,2016-08-01T00:00:00.000Z,8/1/2016 2:30:00 AM,Mid-Block (not related to intersection),28.0,MOTOR VEHICLE RAN OFF ROAD - HIT FIXED OBJECT,Y,N,Clear or Partly Cloudy,Dry,Dark - Street Lights On,,,,50,Fixed object,0,0,N,300.79342632851154,214
151011,-122.30438636058227,47.559637608403136,152012,182854,182914,E383215,Matched,Intersection,166923.0,BEACON ER AVE S AND S COLUMBIAN WAY, ,,1,Property Damage Only Collision,Angles,0,0,0,2,0,0,0,2014-12-12T00:00:00.000Z,12/12/2014 10:50:00 PM,At Intersection (intersection related),11.0,"MOTOR VEHICLE STRUCK MOTOR VEHICLE, FRONT END AT ANGLE",,N,Overcast,Dry,Dark - Street Lights On,,,,10,Entering at angle,0,0,N,224.4344823412719,214
87978,-122.34369559560743,47.72955688272464,86979,101323,101323,3342105,Matched,Block,,MIDVALE AVE N BETWEEN N 137TH ST AND N 140TH E ST,,,1,Property Damage Only Collision,Parked Car,2,0,0,2,0,0,0,2009-12-03T00:00:00.000Z,12/3/2009,Mid-Block (not related to intersection),14.0,"MOTOR VEHICLE STRUCK MOTOR VEHICLE, REAR END",,0,Unknown,Unknown,Unknown,,9337018.0,,32,One parked--one moving,0,0,N,320.5070082934389,753
75994,-122.33506754264307,47.62461728362733,74995,88639,88639,2791445,Matched,Block,,MERCER SR ST BETWEEN BOREN AVE N AND FAIRVIEW N AVE N,,,2,Injury Collision,Rear Ended,3,0,0,3,1,0,0,2008-02-08T00:00:00.000Z,2/8/2008,Mid-Block (but intersection related),14.0,"MOTOR VEHICLE STRUCK MOTOR VEHICLE, REAR END",,0,Raining,Wet,Daylight,,8039012.0,,14,From same direction - both going straight - one stopped - rear-end,0,0,N,789.91806562431,717
177133,-122.33981245711536,47.61027832135139,179134,232407,232807,3704213,Matched,Intersection,29586.0,2ND AVE AND PINE ST,NEI,"Not Enough Information, or Insufficient Location Information",1,Property Damage Only Collision,Angles,2,0,0,2,0,0,0,2016-12-04T00:00:00.000Z,12/4/2016 2:05:00 AM,At Intersection (intersection related),0.0,NOT ENOUGH INFORMATION / NOT APPLICABLE,,N,Unknown,Wet,Dark - Street Lights On,,,,10,Entering at angle,0,0,N,1016.6539715127574,185
15025,-122.33501959678081,47.610908289240655,16026,29870,29870,1214100,Unmatched,Block,,PIKE ST BETWEEN 5TH AVE AND 6TH AVE,,,0,Unknown,,0,0,0,0,0,0,0,2004-10-23T00:00:00.000Z,10/23/2004,Mid-Block (but intersection related),11.0,"MOTOR VEHICLE STRUCK MOTOR VEHICLE, FRONT END AT ANGLE",,,,,,,4297040.0,,,,0,0,N,652.7518681545238,185
76848,-122.38973872461115,47.678574094791614,76849,90875,90875,3285975,Matched,Block,,26TH AVE NW BETWEEN NW 67TH ST AND NW 70TH ST,,,1,Property Damage Only Collision,Parked Car,2,0,0,2,0,0,0,2008-12-31T00:00:00.000Z,12/31/2008 10:00:00 AM,Mid-Block (not related to intersection),16.0,"MOTOR VEHICLE STRUCK MOTOR VEHICLE, LEFT SIDE SIDESWIPE",,0,Unknown,Unknown,Unknown,,8366027.0,,32,One parked--one moving,0,0,N,100.41407703287868,926
115836,-122.30569993810396,47.601672702849434,115837,130165,130165,3563800,Matched,Block,,E YESLER WAY BETWEEN 20TH AVE AND 21ST AVE,,,1,Property Damage Only Collision,Parked Car,2,0,0,2,0,0,0,2011-12-06T00:00:00.000Z,12/6/2011 10:00:00 AM,,0.0,NOT ENOUGH INFORMATION / NOT APPLICABLE,,N,Overcast,Dry,Daylight,,11340009.0,,32,One parked--one moving,0,0,N,121.52130851711871,807
201545,-122.34665163372641,47.644265702903716,201356,303494,304754,3811705,Matched,Block,,DEXTER AVE N BETWEEN HALLADAY ST AND 4TH S AVE N, ,,1,Property Damage Only Collision,Parked Car,2,0,0,2,0,0,0,2018-09-22T00:00:00.000Z,9/22/2018 3:25:00 AM,Mid-Block (not related to intersection),14.0,"MOTOR VEHICLE STRUCK MOTOR VEHICLE, REAR END",,N,Raining,Wet,Dark - Street Lights On,,,,32,One parked--one moving,0,0,Y,301.68119119854475,962
70536,-122.40757953404498,47.56537195469179,71537,87249,87249,2896727,Matched,Block,,BEACH DR SW BETWEEN SW DOUGLAS PL AND SW GENESEE ST,,,1,Property Damage Only Collision,Parked Car,2,0,0,2,0,0,0,2008-06-10T00:00:00.000Z,6/10/2008 1:00:00 AM,Mid-Block (not related to intersection),14.0,"MOTOR VEHICLE STRUCK MOTOR VEHICLE, REAR END",,0,Unknown,Unknown,Unknown,,8162031.0,,32,One parked--one moving,0,0,N,1000.1800082449208,709
119141,-122.28501235859993,47.571135437841434,120142,135363,135363,3608156,Matched,Block,,38TH AVE S BETWEEN S SPOKANE ST AND S COURT ST,,,1,Property Damage Only Collision,Other,2,0,0,2,0,0,0,2012-01-22T00:00:00.000Z,1/22/2012 11:30:00 AM,Mid-Block (but intersection related),28.0,MOTOR VEHICLE RAN OFF ROAD - HIT FIXED OBJECT,,Y,Overcast,Snow/Slush,Daylight,,12022015.0,Y,50,Fixed object,0,0,N,366.4340723646137,485
117928,-122.31936882298204,47.612177378335325,117929,132393,132393,3551783,Matched,Intersection,29766.0,10TH AVE AND E SENECA ST,,,1,Property Damage Only Collision,Angles,4,0,0,2,0,0,0,2012-02-18T00:00:00.000Z,2/18/2012 11:45:00 AM,At Intersection (intersection related),11.0,"MOTOR VEHICLE STRUCK MOTOR VEHICLE, FRONT END AT ANGLE",,N,Raining,Wet,Daylight,,12049006.0,,10,Entering at angle,0,0,N,303.8364716289439,837
7964,-122.37342369050972,47.68689578067276,7965,21739,21739,04053024,Unmatched,Block,,NW 80TH ST BETWEEN 13TH AVE NW AND 14TH AVE NW,,,0,Unknown,,0,0,0,0,0,0,0,2004-02-22T00:00:00.000Z,2/22/2004,Mid-Block (not related to intersection),14.0,"MOTOR VEHICLE STRUCK MOTOR VEHICLE, REAR END",,,,,,,4053024.0,,,,0,0,N,208.7713713564545,194
153832,-122.30536137900656,47.69574858433938,153833,189450,189530,3736902,Matched,Intersection,37743.0,RAVENNA AVE NE AND NE 92ND ST, ,,1,Property Damage Only Collision,Angles,4,0,0,2,0,0,0,2015-04-07T00:00:00.000Z,4/7/2015 5:38:00 PM,At Intersection (intersection related),11.0,"MOTOR VEHICLE STRUCK MOTOR VEHICLE, FRONT END AT ANGLE",,N,Clear or Partly Cloudy,Dry,Daylight,,,,10,Entering at angle,0,0,N,287.61377395006986,57
3948,-122.35969870901165,47.61998597731201,4949,18605,18605,04103026,Unmatched,Block,,WESTERN AVE W BETWEEN 2ND AVE W AND ELLIOTT ER AVE W,,,0,Unknown,,0,0,0,0,0,0,0,2004-04-12T00:00:00.000Z,4/12/2004,Mid-Block (not related to intersection),14.0,"MOTOR VEHICLE STRUCK MOTOR VEHICLE, REAR END",,,,,,,4103026.0,,,,0,0,N,935.1077659595039,663
41078,-122.33643132167713,47.6896036889632,41079,55455,55455,2617911,Matched,Block,,WALLINGFORD AVE N BETWEEN N 82ND ST AND N 85TH ST,,,1,Property Damage Only Collision,Parked Car,2,0,0,2,0,0,0,2006-09-05T00:00:00.000Z,9/5/2006,Mid-Block (not related to intersection),16.0,"MOTOR VEHICLE STRUCK MOTOR VEHICLE, LEFT SIDE SIDESWIPE",,0,Clear or Partly Cloudy,Dry,Daylight,,6248025.0,,32,One parked--one moving,0,0,N,224.32219898407828,867
133366,-122.35385719381298,47.68475052013925,133367,149309,149329,C767366,Unmatched,Block,,N 77TH ST BETWEEN GREENWOOD AVE N AND DAYTON AVE N, ,,1,Property Damage Only Collision,,1,0,0,0,0,0,0,2012-07-11T00:00:00.000Z,7/11/2012,Mid-Block (not related to intersection),14.0,"MOTOR VEHICLE STRUCK MOTOR VEHICLE, REAR END",,,,,,,,, ,,0,0,N,108.49567624082671,498