,X,Y,OBJECTID,INCKEY,COLDETKEY,REPORTNO,STATUS,ADDRTYPE,INTKEY,LOCATION,EXCEPTRSNCODE,EXCEPTRSNDESC,SEVERITYCODE,SEVERITYDESC,COLLISIONTYPE,PERSONCOUNT,PEDCOUNT,PEDCYLCOUNT,VEHCOUNT,INJURIES,SERIOUSINJURIES,FATALITIES,INCDATE,INCDTTM,JUNCTIONTYPE,SDOT_COLCODE,SDOT_COLDESC,INATTENTIONIND,UNDERINFL,WEATHER,ROADCOND,LIGHTCOND,PEDROWNOTGRNT,SDOTCOLNUM,SPEEDING,ST_COLCODE,ST_COLDESC,SEGLANEKEY,CROSSWALKKEY,HITPARKEDCAR,CLOSEST_CIRCLE_DIST,CLOSEST_CIRCLE_INDEX
3650,-122.37076455939108,47.66504255319328,4651,18543,18543,1773632,Matched,Intersection,25445.0,11TH AVE NW AND NW 50TH ST,,,2,Injury Collision,Angles,2,0,0,2,1,0,0,2004-02-09T00:00:00.000Z,2/9/2004,At Intersection (intersection related),11.0,"MOTOR VEHICLE STRUCK MOTOR VEHICLE, FRONT END AT ANGLE",,0,Clear or Partly Cloudy,Dry,Daylight,,4040011.0,,10,Entering at angle,0,0,N,177.39553892432872,206
186420,-122.28269915834154,47.69739837826099,185421,241863,242303,E660872,Matched,Intersection,37906.0,42ND AVE NE AND NE 95TH ST, ,,2,Injury Collision,Rear Ended,4,0,0,2,2,0,0,2017-04-06T00:00:00.000Z,4/6/2017 8:24:00 AM,At Intersection (but not related to intersection),14.0,"MOTOR VEHICLE STRUCK MOTOR VEHICLE, REAR END",,N,Raining,Wet,Daylight,,,,14,From same direction - both going straight - one stopped - rear-end,0,0,N,560.2233111812919,41
149576,-122.31726196997428,47.595407395172366,149577,179694,179754,3626195,Matched,Block,,12TH AVE S BETWEEN XW S LANE ST AND GOLF DR S, ,,2,Injury Collision,Head On,2,0,0,2,1,0,0,2014-11-11T00:00:00.000Z,11/11/2014 10:21:00 PM,Mid-Block (not related to intersection),11.0,"MOTOR VEHICLE STRUCK MOTOR VEHICLE, FRONT END AT ANGLE",,N,Clear or Partly Cloudy,Other,Dark - Street Lights On,,,Y,24,From opposite direction - both moving - head-on,0,0,N,485.73167395802494,956
19413,-122.30222200662479,47.59557069588495,19414,33589,33589,2020129,Matched,Intersection,30786.0,23RD AVE S AND S DEARBORN ST,,,2,Injury Collision,Angles,3,0,0,3,2,0,0,2005-08-15T00:00:00.000Z,8/15/2005 6:37:00 PM,At Intersection (intersection related),11.0,"MOTOR VEHICLE STRUCK MOTOR VEHICLE, FRONT END AT ANGLE",,0,Clear or Partly Cloudy,Dry,Daylight,,5227027.0,,10,Entering at angle,0,0,N,79.18251645940919,522
197849,-122.35284031636508,47.61535592324973,199850,300032,301232,3812048,Matched,Block,,CLAY ST BETWEEN ELLIOTT AVE AND WESTERN AVE, ,,1,Property Damage Only Collision,Parked Car,2,0,0,2,0,0,0,2018-08-05T00:00:00.000Z,8/5/2018 1:44:00 PM,Mid-Block (but intersection related),14.0,"MOTOR VEHICLE STRUCK MOTOR VEHICLE, REAR END",,N,Clear or Partly Cloudy,Dry,Daylight,,,,32,One parked--one moving,0,0,N,1220.6644727393377,663
197156,-122.31287736487604,47.601686359138796,199157,292674,293654,E807723,Matched,Intersection,30407.0,15TH AVE AND E YESLER WAY, ,,1,Property Damage Only Collision,Angles,5,0,0,2,0,0,0,2018-06-07T00:00:00.000Z,6/7/2018 4:26:00 PM,At Intersection (intersection related),11.0,"MOTOR VEHICLE STRUCK MOTOR VEHICLE, FRONT END AT ANGLE",,N,Clear or Partly Cloudy,Dry,Daylight,,,,10,Entering at angle,0,0,N,110.35794064545972,627
190857,-122.29136481283042,47.71731678251239,190858,248501,249081,E709477,Matched,Intersection,36608.0,35TH AVE NE AND NE 123RD ST, ,,1,Property Damage Only Collision,Angles,0,0,0,2,0,0,0,2017-09-01T00:00:00.000Z,9/1/2017 12:33:00 PM,At Intersection (intersection related),11.0,"MOTOR VEHICLE STRUCK MOTOR VEHICLE, FRONT END AT ANGLE",,N,Clear or Partly Cloudy,Dry,Daylight,,,,10,Entering at angle,0,0,N,106.32246525906837,961
13626,-122.32736877523315,47.67796630426242,13627,27608,27608,1793923,Unmatched,Block,,2ND AVE NE BETWEEN WOODLAWN S AVE NE AND EAST GREEN LAKE WAY N,,,0,Unknown,,0,0,0,0,0,0,0,2004-10-22T00:00:00.000Z,10/22/2004,Mid-Block (not related to intersection),16.0,"MOTOR VEHICLE STRUCK MOTOR VEHICLE, LEFT SIDE SIDESWIPE",,,,,,,4296001.0,,,,0,0,N,316.9985494269794,1036
144355,-122.38146201954292,47.55745977929263,142356,162762,162782,3547348,Matched,Intersection,32773.0,FAUNTLEROY WAY SW AND SW HUDSON ST, ,,2,Injury Collision,Angles,2,0,0,2,1,0,0,2014-02-24T00:00:00.000Z,2/24/2014 7:43:00 AM,At Intersection (intersection related),11.0,"MOTOR VEHICLE STRUCK MOTOR VEHICLE, FRONT END AT ANGLE",,N,Raining,Wet,Daylight,,,,10,Entering at angle,0,0,N,227.76157438154527,173
196863,-122.3610158564862,47.63292529481289,196864,281832,282692,3644344,Matched,Block,,3RD AVE W BETWEEN W GALER W ST AND W GARFIELD ST, ,,1,Property Damage Only Collision,Parked Car,2,0,0,2,0,0,0,2018-04-10T00:00:00.000Z,4/10/2018 1:21:00 PM,Mid-Block (not related to intersection),16.0,"MOTOR VEHICLE STRUCK MOTOR VEHICLE, LEFT SIDE SIDESWIPE",,N,Unknown,Unknown,Unknown,,,,32,One parked--one moving,0,0,Y,67.15993376033317,848
14217,-122.36672257583929,47.69936489114857,14218,28047,28047,1773896,Matched,Block,,HOLMAN RD NW BETWEEN 9TH AVE NW AND 7TH AVE NW,,,1,Property Damage Only Collision,Rear Ended,2,0,0,2,0,0,0,2004-05-27T00:00:00.000Z,5/27/2004 12:31:00 PM,Mid-Block (but intersection related),14.0,"MOTOR VEHICLE STRUCK MOTOR VEHICLE, REAR END",,0,Raining,Wet,Daylight,,4148050.0,,13,From same direction - both going straight - both moving - rear-end,0,0,N,174.39146550780978,304
156741,-122.35052736158472,47.649706805722936,155742,185480,185560,3591507,Matched,Block,,N 34TH ST BETWEEN EVANSTON AVE N AND FREMONT AVE N, ,,1,Property Damage Only Collision,Parked Car,2,0,0,2,0,0,0,2015-02-15T00:00:00.000Z,2/15/2015 8:41:00 PM,Mid-Block (not related to intersection),13.0,"MOTOR VEHICLE STRUCK MOTOR VEHICLE, LEFT SIDE AT ANGLE",Y,N,Clear or Partly Cloudy,Dry,Dark - Street Lights On,,,,32,One parked--one moving,0,0,N,444.7279422634719,1014
95900,-122.3292228337261,47.60960331889813,94901,110931,110931,10017024,Unmatched,Block,,SENECA ST BETWEEN 8TH AVE AND 9TH AVE,,,0,Unknown,,0,0,0,0,0,0,0,2010-01-17T00:00:00.000Z,1/17/2010,Driveway Junction,11.0,"MOTOR VEHICLE STRUCK MOTOR VEHICLE, FRONT END AT ANGLE",,,,,,,10017024.0,,,,0,0,N,356.20342922611326,688
109915,-122.3455801489413,47.62890411314085,109916,123121,123121,3562908,Matched,Block,,PROSPECT ST BETWEEN TAYLOR AVE N AND 6TH AVE N,,,1,Property Damage Only Collision,Parked Car,2,0,0,2,0,0,0,2011-07-21T00:00:00.000Z,7/21/2011 5:30:00 PM,Mid-Block (not related to intersection),11.0,"MOTOR VEHICLE STRUCK MOTOR VEHICLE, FRONT END AT ANGLE",,N,Clear or Partly Cloudy,Dry,Daylight,,11202022.0,,32,One parked--one moving,0,0,N,103.77799286083767,77
62237,-122.33173015962991,47.57157751326114,62238,77367,77367,2824855,Matched,Block,,WEST SEATTLE BR WB BETWEEN I5 NB - W SEATTLE BR RP AND 1ST AV S OFF RP,,,1,Property Damage Only Collision,Sideswipe,2,0,0,2,0,0,0,2007-09-17T00:00:00.000Z,9/17/2007 2:59:00 AM,Mid-Block (not related to intersection),14.0,"MOTOR VEHICLE STRUCK MOTOR VEHICLE, REAR END",,1,Raining,Wet,Dark - Street Lights On,,7260010.0,,11,From same direction - both going straight - both moving - sideswipe,0,0,N,1334.452386371068,178
71235,-122.35683121450363,47.71053514949403,70236,85063,85063,2895136,Matched,Intersection,36246.0,PALATINE AVE N AND N 112TH ST,,,1,Property Damage Only Collision,Angles,2,0,0,2,0,0,0,2008-03-21T00:00:00.000Z,3/21/2008 11:05:00 AM,At Intersection (intersection related),11.0,"MOTOR VEHICLE STRUCK MOTOR VEHICLE, FRONT END AT ANGLE",Y,0,Clear or Partly Cloudy,Dry,Daylight,,8081006.0,,10,Entering at angle,0,0,N,200.10385571840123,936
10809,-122.37669993962444,47.52286108798149,10810,24834,24834,1781473,Matched,Intersection,34729.0,35TH AVE SW AND SW HENDERSON ST,,,1,Property Damage Only Collision,Left Turn,2,0,0,2,0,0,0,2004-03-11T00:00:00.000Z,3/11/2004 5:55:00 PM,At Intersection (intersection related),11.0,"MOTOR VEHICLE STRUCK MOTOR VEHICLE, FRONT END AT ANGLE",,0,Clear or Partly Cloudy,Dry,Dark - Street Lights On,,4071029.0,,28,From opposite direction - one left turn - one straight,0,0,N,101.21286065619263,469
89693,-122.36164981001585,47.62126590980359,89694,104459,104459,2908145,Matched,Block,,ELLIOTT AVE W BETWEEN W THOMAS N ST AND 4TH AVE W,,,1,Property Damage Only Collision,Sideswipe,3,0,0,2,0,0,0,2009-01-15T00:00:00.000Z,1/15/2009 9:16:00 PM,Mid-Block (not related to intersection),16.0,"MOTOR VEHICLE STRUCK MOTOR VEHICLE, LEFT SIDE SIDESWIPE",,0,Clear or Partly Cloudy,Dry,Dark - Street Lights On,,9015017.0,,11,From same direction - both going straight - both moving - sideswipe,0,0,N,947.5497271235043,663
166082,-122.30673429990699,47.6185037092177,166083,207517,207717,3775828,Matched,Block,,E DENNY WAY BETWEEN 19TH AVE AND 20TH AVE, ,,1,Property Damage Only Collision,Parked Car,2,0,0,2,0,0,0,2015-11-21T00:00:00.000Z,11/21/2015 2:00:00 PM,Mid-Block (not related to intersection),0.0,NOT ENOUGH INFORMATION / NOT APPLICABLE,,N,Unknown,Unknown,Unknown,,,,32,One parked--one moving,0,0,Y,157.65623819903647,550
93786,-122.39631934469044,47.57211024188717,93787,107843,107843,10029024,Unmatched,Block,,SW SPOKANE ST BETWEEN 50TH AVE SW AND 51ST AVE SW,,,0,Unknown,,0,0,0,0,0,0,0,2010-01-29T00:00:00.000Z,1/29/2010,Mid-Block (not related to intersection),16.0,"MOTOR VEHICLE STRUCK MOTOR VEHICLE, LEFT SIDE SIDESWIPE",,,,,,,10029024.0,,,,0,0,N,618.3419946085286,1015
97257,-122.37660756351528,47.53519110593675,97258,112288,112288,3288363,Matched,Block,,35TH AVE SW BETWEEN SW WEBSTER ST AND SW AUSTIN ST,,,1,Property Damage Only Collision,Other,2,0,0,2,0,0,0,2010-06-12T00:00:00.000Z,6/12/2010 8:20:00 PM,Mid-Block (not related to intersection),11.0,"MOTOR VEHICLE STRUCK MOTOR VEHICLE, FRONT END AT ANGLE",Y,N,Clear or Partly Cloudy,Dry,Dusk,,10163012.0,,23,From same direction - all others,0,0,N,317.7876142830025,452
70198,-122.3488697668387,47.62542788427207,71199,85388,85388,2908488,Matched,Intersection,28887.0,4TH AVE N AND ROY ST,,,1,Property Damage Only Collision,Left Turn,2,0,0,2,0,0,0,2008-03-21T00:00:00.000Z,3/21/2008 1:38:00 PM,At Intersection (intersection related),11.0,"MOTOR VEHICLE STRUCK MOTOR VEHICLE, FRONT END AT ANGLE",,0,Clear or Partly Cloudy,Dry,Daylight,,8081018.0,,15,From same direction - one left turn - one straight,0,0,N,136.84130869146597,422
35299,-122.38055647241009,47.66299764629993,36300,50186,50186,2058404,Matched,Block,,SHILSHOLE AVE NW BETWEEN 17TH AVE NW AND NW DOCK PL,,,2,Injury Collision,Rear Ended,2,0,0,2,1,0,0,2006-03-30T00:00:00.000Z,3/30/2006 6:24:00 AM,Mid-Block (but intersection related),14.0,"MOTOR VEHICLE STRUCK MOTOR VEHICLE, REAR END",,0,Clear or Partly Cloudy,Dry,Daylight,,6089012.0,,14,From same direction - both going straight - one stopped - rear-end,0,0,N,887.9655221454259,133
115242,-122.35292606111022,47.71959426880235,115243,131106,131106,3466779,Matched,Intersection,35843.0,DAYTON AVE N AND N 125TH ST,,,1,Property Damage Only Collision,Angles,2,0,0,2,0,0,0,2012-02-12T00:00:00.000Z,2/12/2012 5:53:00 PM,At Intersection (intersection related),11.0,"MOTOR VEHICLE STRUCK MOTOR VEHICLE, FRONT END AT ANGLE",,N,Clear or Partly Cloudy,Dry,Dark - Street Lights On,,12043016.0,,10,Entering at angle,0,0,N,202.03791868514662,1026
43709,-122.33910533488405,47.607828161531245,43710,58052,58052,2623062,Matched,Intersection,29599.0,1ST AVE AND UNION ST,,,1,Property Damage Only Collision,Rear Ended,3,0,0,2,0,0,0,2006-07-28T00:00:00.000Z,7/28/2006 3:02:00 PM,At Intersection (intersection related),14.0,"MOTOR VEHICLE STRUCK MOTOR VEHICLE, REAR END",,0,Clear or Partly Cloudy,Dry,Daylight,,6209011.0,,14,From same direction - both going straight - one stopped - rear-end,0,0,N,1081.527616217946,185
197883,-122.28515961732772,47.54605072276041,199884,293431,294451,C818299,Unmatched,Block,,S GRAHAM ST BETWEEN M L KING JR ER WAY S AND 38TH AVE S, ,,0,Unknown,,0,0,0,0,0,0,0,2018-02-27T00:00:00.000Z,2/27/2018,,0.0,NOT ENOUGH INFORMATION / NOT APPLICABLE,,,,,,,,, ,,0,0,Y,160.58419152989418,625
123561,-122.36312322651865,47.56199176398687,122562,138368,138368,3296024,Matched,Block,,DELRIDGE WAY SW BETWEEN SW OREGON ST AND SW ALASKA ST,,,1,Property Damage Only Collision,Parked Car,4,0,0,2,0,0,0,2012-11-03T00:00:00.000Z,11/3/2012 2:18:00 AM,Mid-Block (not related to intersection),14.0,"MOTOR VEHICLE STRUCK MOTOR VEHICLE, REAR END",,N,Raining,Wet,Dark - Street Lights On,,12308011.0,,32,One parked--one moving,0,0,N,204.25484143803695,9
107958,-122.33373050983205,47.66084015944249,107959,124810,124810,3377142,Matched,Block,,MERIDIAN AVE N BETWEEN N 44TH ST AND N 45TH ST,,,1,Property Damage Only Collision,Other,1,0,0,1,0,0,0,2011-03-13T00:00:00.000Z,3/13/2011 1:56:00 AM,Mid-Block (not related to intersection),26.0,MOTOR VEHICLE STRUCK OBJECT IN ROAD,,N,Raining,Wet,Dark - Street Lights On,,11072008.0,,50,Fixed object,0,0,N,60.4566661078351,428
188997,-122.32072786134597,47.66131900334303,188998,250659,251259,E696572,Unmatched,Intersection,27070.0,7TH AVE NE AND NE 45TH ST, ,,1,Property Damage Only Collision,,4,0,0,0,0,0,0,2017-07-29T00:00:00.000Z,7/29/2017,At Intersection (but not related to intersection),14.0,"MOTOR VEHICLE STRUCK MOTOR VEHICLE, REAR END",,,,,,,,, ,,0,0,N,220.06665876914582,223
45667,-122.32005761622581,47.64227343347911,45668,60121,60121,2128339,Matched,Block,,10TH AVE E BETWEEN E MILLER ST AND E ROANOKE W ST,,,2,Injury Collision,Parked Car,3,0,0,3,1,0,0,2006-02-09T00:00:00.000Z,2/9/2006,Mid-Block (not related to intersection),11.0,"MOTOR VEHICLE STRUCK MOTOR VEHICLE, FRONT END AT ANGLE",,0,Clear or Partly Cloudy,Dry,Daylight,,6040027.0,,20,One car leaving parked position,0,0,N,312.8804716926076,673
174588,-122.35437481511913,47.67317360047765,175589,222411,222691,E558110,Matched,Intersection,25601.0,PHINNEY AVE N AND N 61ST ST, ,,2,Injury Collision,Angles,2,0,0,2,1,0,0,2016-06-28T00:00:00.000Z,6/28/2016 6:50:00 AM,At Intersection (intersection related),11.0,"MOTOR VEHICLE STRUCK MOTOR VEHICLE, FRONT END AT ANGLE",,N,Clear or Partly Cloudy,Dry,Dawn,,,,10,Entering at angle,0,0,N,103.07353260571794,318
126008,-122.29347843709444,47.62016271242204,127009,142182,142182,3551806,Matched,Intersection,29277.0,30TH AVE E AND E JOHN ST,,,1,Property Damage Only Collision,Angles,2,0,0,2,0,0,0,2012-02-15T00:00:00.000Z,2/15/2012 5:38:00 PM,At Intersection (intersection related),11.0,"MOTOR VEHICLE STRUCK MOTOR VEHICLE, FRONT END AT ANGLE",,N,Clear or Partly Cloudy,Dry,Dusk,,12046004.0,,10,Entering at angle,0,0,N,98.13977929678038,987
33036,-122.33550187647087,47.59962177799056,33037,47127,47127,2191922,Matched,Block,,ALASKAN WY VI NB BETWEEN S ROYAL BROUGHAM WAY ON RP AND SENECA ST OFF RP,,,2,Injury Collision,Other,4,0,0,2,2,0,0,2005-12-06T00:00:00.000Z,12/6/2005,Mid-Block (not related to intersection),11.0,"MOTOR VEHICLE STRUCK MOTOR VEHICLE, FRONT END AT ANGLE",,0,Clear or Partly Cloudy,Dry,Dark - Street Lights On,,5340020.0,Y,23,From same direction - all others,0,0,N,1459.1586072290231,762
55198,-122.35605859211012,47.62458061907178,55199,69685,69685,2791526,Matched,Block,,MERCER ST BETWEEN QUEEN ANNE AVE N AND 1ST AVE N,,,1,Property Damage Only Collision,Sideswipe,6,0,0,2,0,0,0,2007-07-22T00:00:00.000Z,7/22/2007 11:13:00 PM,Mid-Block (not related to intersection),11.0,"MOTOR VEHICLE STRUCK MOTOR VEHICLE, FRONT END AT ANGLE",,0,Raining,Wet,Dark - Street Lights On,,7203012.0,,11,From same direction - both going straight - both moving - sideswipe,0,0,N,393.8794275901731,663
29514,-122.35402605480931,47.61664271129944,29515,43223,43223,1059758,Matched,Block,,WESTERN AVE BETWEEN BROAD ST AND EAGLE ST,,,1,Property Damage Only Collision,Right Turn,2,0,0,2,0,0,0,2005-10-03T00:00:00.000Z,10/3/2005,Mid-Block (but intersection related),11.0,"MOTOR VEHICLE STRUCK MOTOR VEHICLE, FRONT END AT ANGLE",,0,Clear or Partly Cloudy,Dry,Daylight,,5276028.0,,16,From same direction - one right turn - one straight,0,0,N,1090.2805385038616,663
133647,-122.33355605595274,47.610149836821975,133648,149147,149167,E228881,Matched,Intersection,29912.0,6TH AVE AND UNION ST, ,,3,Fatality Collision,Pedestrian,0,1,0,1,0,0,1,2013-02-26T00:00:00.000Z,2/26/2013 11:17:00 AM,At Intersection (intersection related),11.0,"MOTOR VEHICLE STRUCK MOTOR VEHICLE, FRONT END AT ANGLE",,N,Clear or Partly Cloudy,Dry,Daylight,,,,2,Vehicle turning left hits pedestrian,0,521713,N,590.8991960684107,185
16517,-122.35055543586664,47.64688218825167,15518,28917,28917,1213349,Matched,Block,,FLORENTIA ST BETWEEN NICKERSON ST AND FREMONT BR,,,1,Property Damage Only Collision,Parked Car,2,0,0,2,0,0,0,2004-03-17T00:00:00.000Z,3/17/2004 11:13:00 PM,Mid-Block (not related to intersection),13.0,"MOTOR VEHICLE STRUCK MOTOR VEHICLE, LEFT SIDE AT ANGLE",,0,Clear or Partly Cloudy,Dry,Dark - Street Lights On,,4077002.0,,32,One parked--one moving,0,0,N,275.9086761649843,962
157218,-122.30992562658993,47.62965447539413,157219,192226,192306,3732395,Matched,Block,,17TH AVE E BETWEEN E PROSPECT ST AND E HIGHLAND DR, ,,1,Property Damage Only Collision,Parked Car,2,0,0,2,0,0,0,2015-04-10T00:00:00.000Z,4/10/2015 8:00:00 AM,,0.0,NOT ENOUGH INFORMATION / NOT APPLICABLE,,N,Unknown,Unknown,Unknown,,,,32,One parked--one moving,0,0,Y,146.59316089522767,964
157948,-122.36097069441195,47.571458943427345,157949,193198,193278,E422442,Matched,Block,,WEST SEATTLE BR EB BETWEEN DELRIDGE-W SEATTLE BR EB ON RP AND 26TH AV SW ON RP, ,,2,Injury Collision,Rear Ended,0,0,0,2,1,0,0,2015-05-07T00:00:00.000Z,5/7/2015 6:56:00 AM,Mid-Block (not related to intersection),14.0,"MOTOR VEHICLE STRUCK MOTOR VEHICLE, REAR END",,N,Clear or Partly Cloudy,Dry,Daylight,,,,14,From same direction - both going straight - one stopped - rear-end,0,0,N,1009.1840572480852,9
174922,-122.37617688785484,47.644769612025385,175923,227869,228209,2804440,Matched,Intersection,27884.0,15TH AVE W AND W ARMOUR ST, ,,2,Injury Collision,Left Turn,2,0,0,2,1,0,0,2016-09-30T00:00:00.000Z,9/30/2016 3:45:00 PM,At Intersection (intersection related),11.0,"MOTOR VEHICLE STRUCK MOTOR VEHICLE, FRONT END AT ANGLE",,N,Clear or Partly Cloudy,Dry,Daylight,,,,28,From opposite direction - one left turn - one straight,0,0,N,349.079553829001,292
58746,-122.34888153260955,47.62398737665761,58747,73192,73192,C685857,Matched,Block,,4TH AVE N BETWEEN REPUBLICAN ST AND MERCER ST,,,1,Property Damage Only Collision,Parked Car,2,0,0,2,0,0,0,2007-04-12T00:00:00.000Z,4/12/2007 3:00:00 PM,Mid-Block (not related to intersection),11.0,"MOTOR VEHICLE STRUCK MOTOR VEHICLE, FRONT END AT ANGLE",,0,Clear or Partly Cloudy,Dry,Daylight,,7102034.0,,32,One parked--one moving,0,0,N,273.75399481247797,422
152608,-122.30789978742371,47.571923981476544,150609,178721,178762,3583370,Matched,Block,,S SPOKANE ST BETWEEN BEACON AVE S AND 18TH AVE S, ,,2,Injury Collision,Rear Ended,4,0,0,3,3,0,0,2014-11-03T00:00:00.000Z,11/3/2014 6:00:00 PM,Mid-Block (but intersection related),14.0,"MOTOR VEHICLE STRUCK MOTOR VEHICLE, REAR END",Y,N,Raining,Wet,Dark - Street Lights On,,,,14,From same direction - both going straight - one stopped - rear-end,0,0,N,181.16173535970356,783
56025,-122.3997249800474,47.673895322835705,56026,70562,70562,2610146,Matched,Block,,NW 62ND ST BETWEEN 32ND N AVE NW AND 34TH AVE NW,,,2,Injury Collision,Parked Car,4,0,0,4,1,0,0,2007-05-09T00:00:00.000Z,5/9/2007,Mid-Block (not related to intersection),12.0,"MOTOR VEHICLE STRUCK MOTOR VEHICLE, RIGHT SIDE AT ANGLE",,1,Clear or Partly Cloudy,Dry,Daylight,,7129040.0,Y,32,One parked--one moving,0,0,N,146.49194810213464,37
138497,-122.34214535961193,47.661385296864125,138498,156854,156874,3582137,Matched,Intersection,26794.0,STONE WAY N AND N 45TH ST, ,,1,Property Damage Only Collision,Angles,2,0,0,2,0,0,0,2013-10-08T00:00:00.000Z,10/8/2013 6:56:00 AM,At Intersection (intersection related),11.0,"MOTOR VEHICLE STRUCK MOTOR VEHICLE, FRONT END AT ANGLE",Y,N,Overcast,Wet,Dawn,,,,10,Entering at angle,0,0,N,138.98633050972074,630
38674,-122.37663672744905,47.52828518338581,40675,54938,54938,2625258,Matched,Intersection,34685.0,35TH AVE SW AND SW THISTLE ST,,,2,Injury Collision,Left Turn,4,0,0,2,2,0,0,2006-11-18T00:00:00.000Z,11/18/2006 10:50:00 PM,At Intersection (intersection related),11.0,"MOTOR VEHICLE STRUCK MOTOR VEHICLE, FRONT END AT ANGLE",,0,Clear or Partly Cloudy,Dry,Dark - Street Lights On,,6322037.0,,28,From opposite direction - one left turn - one straight,0,0,N,225.88175101342168,29
170750,-122.33416192705124,47.626166047462085,172751,217901,218181,E535821,Unmatched,Block,,FAIRVIEW AVE N BETWEEN VALLEY UPPER ST AND FAIRVIEW PL N,NEI,"Not Enough Information, or Insufficient Location Information",0,Unknown,,2,0,0,0,0,0,0,2016-04-15T00:00:00.000Z,4/15/2016,Mid-Block (not related to intersection),0.0,NOT ENOUGH INFORMATION / NOT APPLICABLE,,,,,,,,, ,,0,0,N,763.6377720625774,868
2450,-122.38601903065987,47.53148828915903,3451,17399,17399,1798282,Matched,Block,,SW MONROE ST BETWEEN 41ST AVE SW AND CALIFORNIA AVE SW,,,1,Property Damage Only Collision,Parked Car,2,0,0,2,0,0,0,2004-08-09T00:00:00.000Z,8/9/2004,Mid-Block (not related to intersection),16.0,"MOTOR VEHICLE STRUCK MOTOR VEHICLE, LEFT SIDE SIDESWIPE",,0,Clear or Partly Cloudy,Dry,Dark - Street Lights On,,4222016.0,,32,One parked--one moving,0,0,N,310.647645370435,70
169035,-122.37347567006641,47.57195033131522,170036,214357,214617,E515573,Matched,Intersection,32107.0,FAUNTLEROY WAY SW AND SW SPOKANE ST, ,,1,Property Damage Only Collision,Rear Ended,2,0,0,2,0,0,0,2016-02-13T00:00:00.000Z,2/13/2016 1:21:00 PM,At Intersection (but not related to intersection),14.0,"MOTOR VEHICLE STRUCK MOTOR VEHICLE, REAR END",,N,Overcast,Wet,Daylight,,,,14,From same direction - both going straight - one stopped - rear-end,0,0,N,301.0046714199214,252
174351,-122.32461718021729,47.708602814645396,175352,222606,222886,3736887,Matched,Block,,NE NORTHGATE WAY BETWEEN 3RD AVE NE AND 5TH AVE NE, ,,2,Injury Collision,Rear Ended,2,0,0,2,1,0,0,2016-06-30T00:00:00.000Z,6/30/2016 1:06:00 PM,Mid-Block (but intersection related),14.0,"MOTOR VEHICLE STRUCK MOTOR VEHICLE, REAR END",Y,N,Clear or Partly Cloudy,Dry,Daylight,,,,14,From same direction - both going straight - one stopped - rear-end,0,0,N,500.2320249068779,662
160908,-122.3833980159162,47.5935043028997,158909,197971,198091,3587954,Matched,Block,,HARBOR AVE SW BETWEEN SW CALIFORNIA PL AND SW MARYLAND PL, ,,1,Property Damage Only Collision,Parked Car,2,0,0,2,0,0,0,2015-07-17T00:00:00.000Z,7/17/2015 1:55:00 PM,Mid-Block (not related to intersection),14.0,"MOTOR VEHICLE STRUCK MOTOR VEHICLE, REAR END",,N,Clear or Partly Cloudy,Dry,Daylight,,,,32,One parked--one moving,0,0,Y,1175.6400748849858,180
25054,-122.35663888789165,47.68694119270096,25055,39330,39330,2020507,Matched,Block,,N 80TH ST BETWEEN 1ST AVE NW AND GREENWOOD AVE N,,,2,Injury Collision,Rear Ended,5,0,0,2,3,0,0,2005-07-13T00:00:00.000Z,7/13/2005 5:15:00 PM,Mid-Block (not related to intersection),14.0,"MOTOR VEHICLE STRUCK MOTOR VEHICLE, REAR END",Y,0,Clear or Partly Cloudy,Dry,Daylight,,5194047.0,,14,From same direction - both going straight - one stopped - rear-end,0,0,N,191.52894334170088,160
878,-122.33389883174131,47.60172187976861,879,74100,74100,2825868,Matched,Intersection,30356.0,JAMES ST AND YESLER WAY,,,2,Injury Collision,Rear Ended,2,0,0,2,1,0,0,2007-08-29T00:00:00.000Z,8/29/2007 10:25:00 AM,At Intersection (intersection related),14.0,"MOTOR VEHICLE STRUCK MOTOR VEHICLE, REAR END",,0,Clear or Partly Cloudy,Dry,Daylight,,7241027.0,,14,From same direction - both going straight - one stopped - rear-end,0,0,N,1198.4912900248337,762
28213,-122.34191176408967,47.697798861989966,28214,42363,42363,C646876,Matched,Intersection,37325.0,STONE AVE N AND N 95TH ST,,,1,Property Damage Only Collision,Parked Car,2,0,0,2,0,0,0,2005-04-08T00:00:00.000Z,4/8/2005,At Intersection (intersection related),11.0,"MOTOR VEHICLE STRUCK MOTOR VEHICLE, FRONT END AT ANGLE",,0,Clear or Partly Cloudy,Unknown,Daylight,,5098053.0,,20,One car leaving parked position,0,0,N,80.7390808129516,35
99538,-122.37076895086935,47.661833038145524,99539,115712,115712,2897159,Matched,Block,,11TH AVE NW BETWEEN NW 45TH ST AND NW 46TH ST,,,1,Property Damage Only Collision,Parked Car,2,0,0,2,0,0,0,2010-06-10T00:00:00.000Z,6/10/2010 2:19:00 PM,Mid-Block (not related to intersection),14.0,"MOTOR VEHICLE STRUCK MOTOR VEHICLE, REAR END",,0,Clear or Partly Cloudy,Dry,Daylight,,10161005.0,,32,One parked--one moving,0,0,N,458.9833798398415,206