,X,Y,OBJECTID,INCKEY,COLDETKEY,REPORTNO,STATUS,ADDRTYPE,INTKEY,LOCATION,EXCEPTRSNCODE,EXCEPTRSNDESC,SEVERITYCODE,SEVERITYDESC,COLLISIONTYPE,PERSONCOUNT,PEDCOUNT,PEDCYLCOUNT,VEHCOUNT,INJURIES,SERIOUSINJURIES,FATALITIES,INCDATE,INCDTTM,JUNCTIONTYPE,SDOT_COLCODE,SDOT_COLDESC,INATTENTIONIND,UNDERINFL,WEATHER,ROADCOND,LIGHTCOND,PEDROWNOTGRNT,SDOTCOLNUM,SPEEDING,ST_COLCODE,ST_COLDESC,SEGLANEKEY,CROSSWALKKEY,HITPARKEDCAR,CLOSEST_CIRCLE_DIST,CLOSEST_CIRCLE_INDEX
57279,-122.34608521461273,47.53924765124432,57280,71521,71521,2827155,Matched,Block,,HIGHLAND PARK WAY SW BETWEEN WEST MARGINAL WAY SW AND SW OTHELLO ST,,,1,Property Damage Only Collision,Other,1,0,0,1,0,0,0,2007-08-18T00:00:00.000Z,8/18/2007 12:25:00 PM,Mid-Block (not related to intersection),28.0,MOTOR VEHICLE RAN OFF ROAD - HIT FIXED OBJECT,,0,Clear or Partly Cloudy,Dry,Daylight,,7230026.0,Y,50,Fixed object,0,0,N,394.3101702285215,541
177721,-122.2771007513795,47.638024275466385,179722,230433,230833,3771653,Matched,Block,,43RD AVE E BETWEEN E NEWTON ST AND E LYNN ST, ,,2,Injury Collision,Parked Car,2,0,0,2,1,0,0,2016-10-07T00:00:00.000Z,10/7/2016 7:00:00 PM,Mid-Block (not related to intersection),13.0,"MOTOR VEHICLE STRUCK MOTOR VEHICLE, LEFT SIDE AT ANGLE",Y,N,Unknown,Unknown,Unknown,,,,32,One parked--one moving,0,0,Y,223.78156795182423,834
155075,-122.32527077714177,47.60780171335328,156076,191312,191392,3626822,Matched,Block,,TERRY AVE BETWEEN COLUMBIA ST AND MARION ST, ,,1,Property Damage Only Collision,Parked Car,2,0,0,2,0,0,0,2015-04-29T00:00:00.000Z,4/29/2015 2:26:00 PM,Mid-Block (not related to intersection),11.0,"MOTOR VEHICLE STRUCK MOTOR VEHICLE, FRONT END AT ANGLE",Y,N,Clear or Partly Cloudy,Dry,Daylight,,,,32,One parked--one moving,0,0,N,305.03319894479006,762
135115,-122.37755155365356,47.665707006471,136116,151993,152013,3551116,Matched,Block,,NW 51ST ST BETWEEN 15TH AVE NW AND 17TH AVE NW, ,,1,Property Damage Only Collision,Other,2,0,0,1,0,0,0,2013-03-22T00:00:00.000Z,3/22/2013 11:45:00 PM,Mid-Block (not related to intersection),28.0,MOTOR VEHICLE RAN OFF ROAD - HIT FIXED OBJECT,,N,Clear or Partly Cloudy,Dry,Dark - Street Lights On,,,,50,Fixed object,0,0,N,564.6115859792372,647
170408,-122.34728591106378,47.668364530045956,172409,219175,219475,3767443,Matched,Block,,AURORA AVE N BETWEEN N 50 UPPER ST AND N 59TH ST, ,,2,Injury Collision,Rear Ended,2,0,0,2,1,0,0,2016-05-05T00:00:00.000Z,5/5/2016 6:30:00 PM,Mid-Block (not related to intersection),14.0,"MOTOR VEHICLE STRUCK MOTOR VEHICLE, REAR END",,N,Clear or Partly Cloudy,Dry,Daylight,,,Y,13,From same direction - both going straight - both moving - rear-end,0,0,N,498.03814576033363,80
178337,-122.38212733473136,47.672366514355204,178338,230257,230657,3762283,Matched,Intersection,25126.0,20TH AVE NW AND NW 60TH ST, ,,1,Property Damage Only Collision,Angles,2,0,0,2,0,0,0,2016-10-18T00:00:00.000Z,10/18/2016 2:52:00 PM,At Intersection (intersection related),11.0,"MOTOR VEHICLE STRUCK MOTOR VEHICLE, FRONT END AT ANGLE",,N,Clear or Partly Cloudy,Dry,Daylight,,,,10,Entering at angle,0,0,N,196.3814250651333,171
172064,-122.33420583880823,47.569890284749924,169065,214554,214814,3735107,Matched,Block,,1ST AVE S BETWEEN S SPOKANE SR ST AND S ANDOVER ST, ,,1,Property Damage Only Collision,Parked Car,2,0,0,2,0,0,0,2016-02-26T00:00:00.000Z,2/26/2016 8:43:00 AM,Mid-Block (not related to intersection),14.0,"MOTOR VEHICLE STRUCK MOTOR VEHICLE, REAR END",,N,Clear or Partly Cloudy,Dry,Dark - Street Lights On,,,,32,One parked--one moving,0,0,Y,1461.5457309977685,512
79771,-122.32340847910044,47.61464921029066,78772,94055,94055,3199301,Matched,Block,,BOYLSTON AVE BETWEEN E PIKE ST AND E PINE ST,,,2,Injury Collision,Other,2,0,0,1,1,0,0,2009-06-28T00:00:00.000Z,6/28/2009 7:06:00 PM,Mid-Block (not related to intersection),28.0,MOTOR VEHICLE RAN OFF ROAD - HIT FIXED OBJECT,,1,Clear or Partly Cloudy,Dry,Daylight,,9179003.0,,50,Fixed object,0,0,N,247.31137969417583,55
117804,-122.30009323443208,47.66852504467269,117805,133660,133660,3562012,Matched,Block,,NE 55TH ST BETWEEN 25TH AVE NE AND 26TH AVE NE,,,2,Injury Collision,Other,1,0,0,1,1,0,0,2012-01-27T00:00:00.000Z,1/27/2012 2:31:00 PM,Mid-Block (not related to intersection),28.0,MOTOR VEHICLE RAN OFF ROAD - HIT FIXED OBJECT,,N,Clear or Partly Cloudy,Dry,Daylight,,12027027.0,,51,Other object,0,0,N,71.49523874208816,144
18996,-122.28899610995263,47.56704837765759,18997,33223,33223,C657720,Matched,Block,,RAINIER AVE S BETWEEN S ANDOVER ST AND S DAKOTA ST,,,2,Injury Collision,Other,1,0,0,1,1,0,0,2005-10-01T00:00:00.000Z,10/1/2005,Mid-Block (not related to intersection),28.0,MOTOR VEHICLE RAN OFF ROAD - HIT FIXED OBJECT,,0,Raining,Wet,Daylight,,5274046.0,,50,Fixed object,0,0,N,235.9564531440801,485
193635,-122.33107859155008,47.62312137805763,195636,277046,277926,E777189,Matched,Block,,REPUBLICAN ST BETWEEN PONTIUS AVE N AND YALE AVE N, ,,1,Property Damage Only Collision,Angles,2,0,0,2,0,0,0,2018-03-08T00:00:00.000Z,3/8/2018 10:22:00 AM,Mid-Block (not related to intersection),14.0,"MOTOR VEHICLE STRUCK MOTOR VEHICLE, REAR END",,N,Raining,Wet,Daylight,,,,10,Entering at angle,0,0,N,451.9037875212005,717
98758,-122.32791541728706,47.61457623127036,98759,112658,112658,3345233,Matched,Block,,MELROSE AVE BETWEEN PIKE ST AND PINE ST,,,1,Property Damage Only Collision,Parked Car,2,0,0,2,0,0,0,2010-06-30T00:00:00.000Z,6/30/2010 12:00:00 PM,Mid-Block (not related to intersection),0.0,NOT ENOUGH INFORMATION / NOT APPLICABLE,,N,Other,Unknown,Unknown,,10181025.0,,32,One parked--one moving,0,0,N,195.79563122727623,185
1822,-122.36042454102275,47.53369186272341,2823,16506,16506,3380710,Matched,Intersection,33984.0,DELRIDGE WAY SW AND SW HOLDEN ST, ,,2,Injury Collision,Angles,3,0,0,2,1,0,0,2013-04-04T00:00:00.000Z,4/4/2013 11:46:00 AM,At Intersection (intersection related),11.0,"MOTOR VEHICLE STRUCK MOTOR VEHICLE, FRONT END AT ANGLE",,N,Raining,Wet,Daylight,,,,10,Entering at angle,0,0,N,609.3429728751889,195
202083,-122.34140593782853,47.6613854420301,201894,302591,303831,E839258,Unmatched,Block,,N 45TH ST BETWEEN STONE WAY N AND INTERLAKE AVE N, ,,0,Unknown,,0,0,0,0,0,0,0,2018-09-14T00:00:00.000Z,9/14/2018,Mid-Block (not related to intersection),0.0,NOT ENOUGH INFORMATION / NOT APPLICABLE,,,,,,,,, ,,0,0,Y,99.79810359085833,630
110347,-122.33854265018252,47.61218154024858,112348,128840,128840,3477471,Matched,Intersection,29566.0,4TH AVE AND OLIVE WAY,,,1,Property Damage Only Collision,Sideswipe,2,0,0,2,0,0,0,2011-06-24T00:00:00.000Z,6/24/2011 1:00:00 PM,,0.0,NOT ENOUGH INFORMATION / NOT APPLICABLE,,N,Unknown,Unknown,Unknown,,11175033.0,,71,Same direction -- both turning right -- both moving -- sideswipe,0,0,N,880.7499620406937,185
38732,-122.33306900741623,47.544301721218616,40733,55215,55215,2619716,Matched,Block,,1ST AV S NB OFF RP BETWEEN 1ST AV S BR NB AND EAST MARGINAL WAY S,,,1,Property Damage Only Collision,Other,4,0,0,1,0,0,0,2006-09-10T00:00:00.000Z,9/10/2006 3:42:00 AM,Mid-Block (not related to intersection),28.0,MOTOR VEHICLE RAN OFF ROAD - HIT FIXED OBJECT,,0,Clear or Partly Cloudy,Dry,Dark - Street Lights On,,6253010.0,Y,50,Fixed object,0,0,N,891.8557715173737,789
89404,-122.32783212537565,47.54580372420576,89405,103901,103901,3211259,Matched,Block,,S MICHIGAN ST BETWEEN 5TH AVE S AND 5TH PL S,,,1,Property Damage Only Collision,Sideswipe,2,0,0,2,0,0,0,2009-12-14T00:00:00.000Z,12/14/2009 7:50:00 AM,Mid-Block (not related to intersection),16.0,"MOTOR VEHICLE STRUCK MOTOR VEHICLE, LEFT SIDE SIDESWIPE",,1,Overcast,Dry,Daylight,,9348016.0,,11,From same direction - both going straight - both moving - sideswipe,0,0,N,540.4476257657166,399
172873,-122.36065382295165,47.68327596074915,169874,217054,217334,3706768,Matched,Intersection,24072.0,3RD AVE NW AND NW 75TH ST, ,,2,Injury Collision,Angles,2,0,0,2,1,0,0,2016-04-01T00:00:00.000Z,4/1/2016 5:06:00 PM,At Intersection (intersection related),11.0,"MOTOR VEHICLE STRUCK MOTOR VEHICLE, FRONT END AT ANGLE",,N,Clear or Partly Cloudy,Dry,Daylight,,,,10,Entering at angle,0,0,N,201.00071502254667,822
163549,-122.2962122833572,47.612277866442575,161550,199516,199656,E449449,Matched,Block,,M L KING JR WAY BETWEEN E SPRING ST AND E UNION ST, ,,2,Injury Collision,Angles,0,0,0,2,1,0,0,2015-08-04T00:00:00.000Z,8/4/2015 1:46:00 PM,Mid-Block (not related to intersection),11.0,"MOTOR VEHICLE STRUCK MOTOR VEHICLE, FRONT END AT ANGLE",,N,Clear or Partly Cloudy,Dry,Daylight,,,,10,Entering at angle,0,0,N,126.66711967161851,348
36797,-122.33846055182656,47.6214562924495,34798,48619,48619,2618267,Matched,Block,,WESTLAKE AVE N BETWEEN THOMAS ST AND HARRISON ST,,,1,Property Damage Only Collision,Left Turn,4,0,0,3,0,0,0,2006-11-20T00:00:00.000Z,11/20/2006 7:00:00 PM,Mid-Block (but intersection related),14.0,"MOTOR VEHICLE STRUCK MOTOR VEHICLE, REAR END",,0,Overcast,Wet,Dark - Street Lights On,,6324042.0,,15,From same direction - one left turn - one straight,0,0,N,877.596015473066,272
23426,-122.28079750609528,47.536239752241926,23427,37615,37615,2059777,Matched,Block,,M L KING JR ER WAY S BETWEEN S OTHELLO ST AND RENTON S AVE S,,,1,Property Damage Only Collision,Sideswipe,2,0,0,2,0,0,0,2005-12-14T00:00:00.000Z,12/14/2005 10:14:00 AM,Mid-Block (not related to intersection),11.0,"MOTOR VEHICLE STRUCK MOTOR VEHICLE, FRONT END AT ANGLE",,0,Clear or Partly Cloudy,Dry,Daylight,,5348043.0,,11,From same direction - both going straight - both moving - sideswipe,0,0,N,157.4819076171105,954
161099,-122.33476231744564,47.525416731012456,163100,203895,204035,E453837,Matched,Block,,1ST AVE S BETWEEN S CLOVERDALE W ST AND 1ST AVS OFF S RP, ,,1,Property Damage Only Collision,Rear Ended,5,0,0,3,0,0,0,2015-08-18T00:00:00.000Z,8/18/2015 4:36:00 PM,Mid-Block (not related to intersection),14.0,"MOTOR VEHICLE STRUCK MOTOR VEHICLE, REAR END",,N,Clear or Partly Cloudy,Dry,Daylight,,,Y,14,From same direction - both going straight - one stopped - rear-end,0,0,N,1049.5661320046254,12
14316,-122.32840497592406,47.60451764055054,14317,28070,28070,1785098,Unmatched,Block,,6TH AVE BETWEEN JAMES ST AND CHERRY ST,,,0,Unknown,,0,0,0,0,0,0,0,2004-12-09T00:00:00.000Z,12/9/2004,Mid-Block (but intersection related),16.0,"MOTOR VEHICLE STRUCK MOTOR VEHICLE, LEFT SIDE SIDESWIPE",,,,,,,4344019.0,,,,0,0,N,723.311401874132,762
18835,-122.3317981230281,47.60655274573212,18836,33163,33163,1059799,Matched,Intersection,29948.0,5TH AVE AND MADISON ST,,,2,Injury Collision,Angles,2,0,0,2,1,0,0,2005-07-28T00:00:00.000Z,7/28/2005 10:14:00 AM,At Intersection (intersection related),11.0,"MOTOR VEHICLE STRUCK MOTOR VEHICLE, FRONT END AT ANGLE",,0,Clear or Partly Cloudy,Dry,Daylight,,5209040.0,,10,Entering at angle,0,0,N,693.1846746249913,762
153765,-122.33754001043816,47.60779444958214,153766,186356,186436,3733287,Matched,Block,,2ND AVE BETWEEN UNIVERSITY ST AND UNION ST, ,,2,Injury Collision,Cycles,2,0,1,1,1,0,0,2015-02-24T00:00:00.000Z,2/24/2015 5:48:00 PM,Driveway Junction,18.0,"MOTOR VEHICLE STRUCK PEDALCYCLIST, FRONT END AT ANGLE",,N,Clear or Partly Cloudy,Wet,Dark - Street Lights On,,,,45,Vehicle - Pedalcyclist,42166,0,N,983.5242017874408,688
14258,-122.38287369763063,47.558376108798726,14259,27769,27769,1790233,Matched,Block,,40TH AVE SW BETWEEN SW EDMUNDS ST AND SW HUDSON ST,,,1,Property Damage Only Collision,Parked Car,2,0,0,2,0,0,0,2004-05-13T00:00:00.000Z,5/13/2004 3:01:00 PM,Mid-Block (not related to intersection),13.0,"MOTOR VEHICLE STRUCK MOTOR VEHICLE, LEFT SIDE AT ANGLE",,0,Clear or Partly Cloudy,Dry,Daylight,,4134031.0,,32,One parked--one moving,0,0,N,303.3396160375077,173
11483,-122.26366810472209,47.682124065135184,11484,25423,25423,1774691,Matched,Intersection,24994.0,SAND POINT WAY NE AND NE 74TH ST,,,2b,Serious Injury Collision,Pedestrian,2,1,0,1,1,1,0,2004-01-23T00:00:00.000Z,1/23/2004 6:02:00 PM,At Intersection (intersection related),24.0,MOTOR VEHCILE STRUCK PEDESTRIAN,,0,Raining,Wet,Dark - Street Lights On,Y,4023035.0,,2,Vehicle turning left hits pedestrian,0,0,N,780.8816455842285,359
186744,-122.38310489183736,47.66508372643037,185745,243285,243785,E637980,Unmatched,Block,,SHILSHOLE AVE NW BETWEEN 20TH AVE NW AND NW VERNON PL,NEI,"Not Enough Information, or Insufficient Location Information",0,Unknown,,2,0,0,0,0,0,0,2017-01-26T00:00:00.000Z,1/26/2017,Mid-Block (not related to intersection),0.0,NOT ENOUGH INFORMATION / NOT APPLICABLE,,,,,,,,, ,,0,0,N,659.600119195452,212
93526,-122.30511861106585,47.55110644238407,93527,107828,107828,3387640,Matched,Intersection,33366.0,22ND AVE S AND S ORCAS ST,,,1,Property Damage Only Collision,Angles,2,0,0,2,0,0,0,2010-11-26T00:00:00.000Z,11/26/2010 6:36:00 PM,At Intersection (intersection related),11.0,"MOTOR VEHICLE STRUCK MOTOR VEHICLE, FRONT END AT ANGLE",,N,Raining,Wet,Dark - No Street Lights,,10330001.0,,10,Entering at angle,0,0,N,0.0,525
62294,-122.33506754264307,47.62461728362733,62295,76845,76845,2807554,Matched,Block,,MERCER SR ST BETWEEN BOREN AVE N AND FAIRVIEW N AVE N,,,2,Injury Collision,Sideswipe,2,0,0,2,1,0,0,2007-01-19T00:00:00.000Z,1/19/2007 11:34:00 AM,Mid-Block (not related to intersection),11.0,"MOTOR VEHICLE STRUCK MOTOR VEHICLE, FRONT END AT ANGLE",Y,0,Overcast,Wet,Daylight,,7019017.0,,11,From same direction - both going straight - both moving - sideswipe,0,0,N,789.91806562431,717
63119,-122.37732942435998,47.68687373639178,63120,76940,76940,2799038,Matched,Block,,NW 80TH ST BETWEEN 15TH AVE NW AND 16TH AVE NW,,,1,Property Damage Only Collision,Rear Ended,3,0,0,2,0,0,0,2007-10-26T00:00:00.000Z,10/26/2007 10:56:00 AM,Driveway Junction,14.0,"MOTOR VEHICLE STRUCK MOTOR VEHICLE, REAR END",,0,Clear or Partly Cloudy,Dry,Daylight,,7299026.0,,14,From same direction - both going straight - one stopped - rear-end,0,0,N,207.00716923083806,151
174726,-122.37477371822956,47.696068122291834,175727,226815,227155,3769354,Matched,Block,,NW 92ND ST BETWEEN 14TH AVE NW AND MARY AVE NW, ,,1,Property Damage Only Collision,Parked Car,2,0,0,2,0,0,0,2016-08-19T00:00:00.000Z,8/19/2016 1:04:00 AM,Driveway Junction,14.0,"MOTOR VEHICLE STRUCK MOTOR VEHICLE, REAR END",,N,Clear or Partly Cloudy,Dry,Dark - Street Lights On,,,,32,One parked--one moving,0,0,Y,208.06181583520473,675
128334,-122.31736819960587,47.676190496456115,126335,142425,142425,3466593,Matched,Block,,ROOSEVELT WAY NE BETWEEN NE 65TH ST AND NE 66TH ST,,,1,Property Damage Only Collision,Other,1,0,0,1,0,0,0,2012-03-12T00:00:00.000Z,3/12/2012 2:02:00 PM,Mid-Block (not related to intersection),26.0,MOTOR VEHICLE STRUCK OBJECT IN ROAD,,N,Raining,Wet,Daylight,,12072023.0,,50,Fixed object,0,0,N,167.29356211781192,1023
202394,-122.33944923214372,47.57039494173512,202205,302199,303419,E825855,Matched,Block,,EAST MARGINAL ER WAY S BETWEEN S SPOKANE SR ST AND EAST MARGINAL NB WAY S, ,,1,Property Damage Only Collision,Sideswipe,2,0,0,2,0,0,0,2018-07-05T00:00:00.000Z,7/5/2018 10:47:00 AM,Mid-Block (not related to intersection),14.0,"MOTOR VEHICLE STRUCK MOTOR VEHICLE, REAR END",,N,Clear or Partly Cloudy,Dry,Daylight,,,,11,From same direction - both going straight - both moving - sideswipe,0,0,N,1852.8900836580003,512
50645,-122.31274859416612,47.73395172543252,50646,65031,65031,2614637,Matched,Intersection,35851.0,15TH AVE NE AND NE 145TH ST,,,1,Property Damage Only Collision,Left Turn,2,0,0,2,0,0,0,2007-01-17T00:00:00.000Z,1/17/2007 6:20:00 AM,At Intersection (intersection related),16.0,"MOTOR VEHICLE STRUCK MOTOR VEHICLE, LEFT SIDE SIDESWIPE",,0,Other,Ice,Dawn,,7017039.0,,15,From same direction - one left turn - one straight,0,0,N,290.1955228843585,111
48651,-122.3250990185658,47.68676835519882,48652,62703,62703,2192471,Matched,Intersection,24537.0,BANNER WAY NE AND NE 80TH ST,,,1,Property Damage Only Collision,Angles,4,0,0,2,0,0,0,2006-03-19T00:00:00.000Z,3/19/2006 5:37:00 PM,At Intersection (intersection related),11.0,"MOTOR VEHICLE STRUCK MOTOR VEHICLE, FRONT END AT ANGLE",,0,Clear or Partly Cloudy,Dry,Daylight,,6078024.0,,10,Entering at angle,0,0,N,102.51067688094538,976
8634,-122.30885393884148,47.61410290751624,8635,22612,22612,1216589,Matched,Intersection,30140.0,18TH AVE AND E PIKE ST,,,1,Property Damage Only Collision,Angles,3,0,0,2,0,0,0,2004-06-26T00:00:00.000Z,6/26/2004 4:00:00 PM,At Intersection (intersection related),11.0,"MOTOR VEHICLE STRUCK MOTOR VEHICLE, FRONT END AT ANGLE",,0,Clear or Partly Cloudy,Dry,Daylight,,4178046.0,,10,Entering at angle,0,0,N,0.0,402
154344,-122.35464543187521,47.58176796014807,154345,188626,188706,3695067,Matched,Block,,16TH AVE SW BETWEEN SW FLORIDA ST AND SW LANDER ST, ,,2,Injury Collision,Right Turn,2,0,0,2,1,0,0,2015-03-23T00:00:00.000Z,3/23/2015 10:31:00 AM,Driveway Junction,14.0,"MOTOR VEHICLE STRUCK MOTOR VEHICLE, REAR END",Y,N,Raining,Wet,Daylight,,,,16,From same direction - one right turn - one straight,0,0,N,1942.4232298446577,252
39788,-122.34638831107858,47.728678361136964,38789,53033,53033,2611610,Matched,Block,,N 137TH ST BETWEEN LINDEN N AVE N AND AURORA AVE N,,,1,Property Damage Only Collision,Parked Car,2,0,0,2,0,0,0,2006-11-01T00:00:00.000Z,11/1/2006,Driveway Junction,11.0,"MOTOR VEHICLE STRUCK MOTOR VEHICLE, FRONT END AT ANGLE",,0,Clear or Partly Cloudy,Dry,Unknown,,6305021.0,,32,One parked--one moving,0,0,N,339.9300091483286,885
130109,-122.29053796491476,47.68485752898552,132110,149213,149233,3615160,Unmatched,Intersection,24909.0,35TH AVE NE AND NE 77TH ST, ,,0,Unknown,,2,0,0,0,0,0,0,2013-06-28T00:00:00.000Z,6/28/2013,At Intersection (intersection related),0.0,NOT ENOUGH INFORMATION / NOT APPLICABLE,,,,,,,,, ,,0,0,N,79.21261696030389,540
21420,-122.3147124423979,47.58187088335081,21421,35665,35665,1793313,Matched,Intersection,31286.0,14TH AVE S AND BEACON AVE S,,,1,Property Damage Only Collision,Left Turn,2,0,0,2,0,0,0,2005-04-20T00:00:00.000Z,4/20/2005 9:57:00 AM,At Intersection (intersection related),11.0,"MOTOR VEHICLE STRUCK MOTOR VEHICLE, FRONT END AT ANGLE",,0,Clear or Partly Cloudy,Dry,Daylight,,5110030.0,,28,From opposite direction - one left turn - one straight,0,0,N,218.74719158642424,311
13254,-122.33072296070412,47.61849175725489,13255,26973,26973,1212750,Matched,Intersection,29168.0,DENNY WAY AND STEWART ST,,,1,Property Damage Only Collision,Left Turn,3,0,0,2,0,0,0,2004-01-16T00:00:00.000Z,1/16/2004 5:20:00 PM,At Intersection (intersection related),11.0,"MOTOR VEHICLE STRUCK MOTOR VEHICLE, FRONT END AT ANGLE",,0,Clear or Partly Cloudy,Dry,Dark - Street Lights On,,4016024.0,,15,From same direction - one left turn - one straight,0,0,N,456.9215266434567,55
144484,-122.28842391502,47.5649635314921,142485,163050,163070,3383754,Matched,Block,,RAINIER AVE S BETWEEN S ADAMS ST AND S GENESEE N ST, ,,1,Property Damage Only Collision,Rear Ended,2,0,0,2,0,0,0,2011-01-24T00:00:00.000Z,1/24/2011 5:23:00 PM,Mid-Block (not related to intersection),14.0,"MOTOR VEHICLE STRUCK MOTOR VEHICLE, REAR END",,N,Clear or Partly Cloudy,Wet,Dark - Street Lights On,,,,14,From same direction - both going straight - one stopped - rear-end,0,0,N,220.5729674141403,732
79718,-122.28783612750244,47.56281827145792,78719,92717,92717,2828864,Matched,Intersection,32721.0,RAINIER AVE S AND S OREGON ST,,,2,Injury Collision,Angles,4,0,0,2,1,0,0,2008-03-14T00:00:00.000Z,3/14/2008 4:33:00 PM,At Intersection (intersection related),11.0,"MOTOR VEHICLE STRUCK MOTOR VEHICLE, FRONT END AT ANGLE",,0,Clear or Partly Cloudy,Wet,Daylight,,8074028.0,,10,Entering at angle,0,0,N,218.34568999420145,683
120251,-122.26564800884168,47.54426874032608,119252,134751,134751,3610804,Unmatched,Block,,S MORGAN ST BETWEEN 52ND AVE S AND SEWARD PARK S AVE S,,,0,Unknown,,0,0,0,0,0,0,0,2012-09-09T00:00:00.000Z,9/9/2012,,0.0,NOT ENOUGH INFORMATION / NOT APPLICABLE,,,,,,,12253009.0,,,,0,0,N,228.92414615518925,654
187189,-122.319234221811,47.54660573909987,186190,243127,243627,3764411,Matched,Block,,FLORA AVE S BETWEEN S BAILEY ST AND S EDDY ST, ,,1,Property Damage Only Collision,Parked Car,2,0,0,2,0,0,0,2017-06-26T00:00:00.000Z,6/26/2017 11:13:00 PM,Mid-Block (not related to intersection),11.0,"MOTOR VEHICLE STRUCK MOTOR VEHICLE, FRONT END AT ANGLE",,N,Clear or Partly Cloudy,Dry,Dark - Street Lights Off,,,,32,One parked--one moving,0,0,Y,139.39152401274225,399
113793,-122.34672087274004,47.612325100898325,113794,127405,127405,3375535,Matched,Block,,WESTERN AVE BETWEEN BLANCHARD ST AND BELL ST,,,2,Injury Collision,Rear Ended,2,0,0,2,1,0,0,2011-04-26T00:00:00.000Z,4/26/2011 6:09:00 PM,Mid-Block (but intersection related),14.0,"MOTOR VEHICLE STRUCK MOTOR VEHICLE, REAR END",,N,Clear or Partly Cloudy,Dry,Daylight,,11116015.0,,14,From same direction - both going straight - one stopped - rear-end,0,0,N,1493.0179354915267,185
6773,-122.34912576925049,47.71958391399468,6774,21024,21024,04293048,Unmatched,Block,,N 125TH ST BETWEEN NORTH PARK AVE N AND INTERURBAN TRL,,,0,Unknown,,0,0,0,0,0,0,0,2004-10-19T00:00:00.000Z,10/19/2004,Driveway Junction,11.0,"MOTOR VEHICLE STRUCK MOTOR VEHICLE, FRONT END AT ANGLE",,,,,,,4293048.0,,,,0,0,N,219.35773383164374,985
127416,-122.32891834778911,47.72316551607188,128417,144375,144375,3645458,Matched,Intersection,35969.0,1ST AVE NE AND NE 130TH ST, ,,1,Property Damage Only Collision,Head On,3,0,0,2,0,0,0,2013-01-25T00:00:00.000Z,1/25/2013 2:30:00 PM,At Intersection (intersection related),14.0,"MOTOR VEHICLE STRUCK MOTOR VEHICLE, REAR END",,N,Unknown,Unknown,Unknown,,13025012.0,,30,From opposite direction - all others,0,0,N,451.9912053632496,669
53747,-122.32286256013649,47.66497536486774,53748,67762,67762,2799254,Matched,Intersection,25785.0,5TH AVE NE AND NE 50TH ST,,,1,Property Damage Only Collision,Angles,4,0,0,2,0,0,0,2007-07-20T00:00:00.000Z,7/20/2007 5:50:00 AM,At Intersection (intersection related),14.0,"MOTOR VEHICLE STRUCK MOTOR VEHICLE, REAR END",,0,Clear or Partly Cloudy,Dry,Daylight,,7201046.0,,10,Entering at angle,0,0,N,322.0518477428778,223
196234,-122.3342166079813,47.551505680304295,196235,276897,277757,E776676,Matched,Block,,1ST AVE S BETWEEN S ORCAS ST AND S MEAD ST, ,,1,Property Damage Only Collision,Rear Ended,3,0,0,2,0,0,0,2018-03-01T00:00:00.000Z,3/1/2018 8:52:00 AM,Mid-Block (not related to intersection),14.0,"MOTOR VEHICLE STRUCK MOTOR VEHICLE, REAR END",,N,Clear or Partly Cloudy,Wet,Daylight,,,,14,From same direction - both going straight - one stopped - rear-end,0,0,N,852.6515810062158,202
122001,-122.31157742314562,47.59922459598135,123002,137264,137264,3476193,Matched,Intersection,30748.0,16TH AVE S AND S JACKSON ST,,,1,Property Damage Only Collision,Angles,2,0,0,2,0,0,0,2012-10-22T00:00:00.000Z,10/22/2012 3:14:00 PM,At Intersection (intersection related),11.0,"MOTOR VEHICLE STRUCK MOTOR VEHICLE, FRONT END AT ANGLE",,N,Raining,Wet,Daylight,,12296021.0,,10,Entering at angle,0,0,N,99.73515522064992,52
191219,-122.26452712236757,47.519008465695656,191220,257178,257818,3735171,Matched,Block,,S FLETCHER ST BETWEEN 54TH AVE S AND 55TH AVE S, ,,1,Property Damage Only Collision,Parked Car,2,0,0,2,0,0,0,2017-12-02T00:00:00.000Z,12/2/2017 8:00:00 PM,Mid-Block (not related to intersection),14.0,"MOTOR VEHICLE STRUCK MOTOR VEHICLE, REAR END",,N,Other,Unknown,Unknown,,,,32,One parked--one moving,0,0,Y,130.4563274286378,60
43777,-122.34974894685708,47.64875309215993,43778,58067,58067,2059016,Matched,Block,,FREMONT AVE N BETWEEN FREMONT BR AND N 34TH ST,,,1,Property Damage Only Collision,Sideswipe,2,0,0,2,0,0,0,2006-02-23T00:00:00.000Z,2/23/2006 11:15:00 AM,Mid-Block (not related to intersection),11.0,"MOTOR VEHICLE STRUCK MOTOR VEHICLE, FRONT END AT ANGLE",,0,Raining,Wet,Daylight,,6054033.0,,11,From same direction - both going straight - both moving - sideswipe,0,0,N,426.5331051643716,1014
62734,-122.33701461568614,47.61362233230418,62735,77163,77163,2793308,Matched,Intersection,29551.0,6TH AVE AND STEWART ST,,,2,Injury Collision,Angles,2,0,0,2,1,0,0,2007-02-24T00:00:00.000Z,2/24/2007 9:09:00 AM,At Intersection (intersection related),11.0,"MOTOR VEHICLE STRUCK MOTOR VEHICLE, FRONT END AT ANGLE",,0,Raining,Wet,Daylight,,7055018.0,,10,Entering at angle,0,0,N,765.1668099864036,185