,X,Y,OBJECTID,INCKEY,COLDETKEY,REPORTNO,STATUS,ADDRTYPE,INTKEY,LOCATION,EXCEPTRSNCODE,EXCEPTRSNDESC,SEVERITYCODE,SEVERITYDESC,COLLISIONTYPE,PERSONCOUNT,PEDCOUNT,PEDCYLCOUNT,VEHCOUNT,INJURIES,SERIOUSINJURIES,FATALITIES,INCDATE,INCDTTM,JUNCTIONTYPE,SDOT_COLCODE,SDOT_COLDESC,INATTENTIONIND,UNDERINFL,WEATHER,ROADCOND,LIGHTCOND,PEDROWNOTGRNT,SDOTCOLNUM,SPEEDING,ST_COLCODE,ST_COLDESC,SEGLANEKEY,CROSSWALKKEY,HITPARKEDCAR,CLOSEST_CIRCLE_DIST,CLOSEST_CIRCLE_INDEX
69932,-122.33266233680412,47.653127221889115,69933,84523,84523,2794693,Matched,Intersection,27261.0,BAGLEY AVE N AND N 38TH ST,,,1,Property Damage Only Collision,Angles,3,0,0,2,0,0,0,2008-02-06T00:00:00.000Z,2/6/2008,At Intersection (intersection related),14.0,"MOTOR VEHICLE STRUCK MOTOR VEHICLE, REAR END",,0,Overcast,Wet,Dusk,,8037005.0,,10,Entering at angle,0,0,N,89.52337832375653,559
88458,-122.32752622282379,47.60439255396943,88459,103572,103572,3274140,Matched,Block,,JAMES ST BETWEEN 6TH AVE AND 7TH AVE,,,1,Property Damage Only Collision,Rear Ended,3,0,0,3,0,0,0,2009-10-02T00:00:00.000Z,10/2/2009,Mid-Block (but intersection related),14.0,"MOTOR VEHICLE STRUCK MOTOR VEHICLE, REAR END",Y,0,Raining,Wet,Daylight,,9275027.0,,14,From same direction - both going straight - one stopped - rear-end,0,0,N,713.6468700896648,762
31716,-122.32100440462942,47.553351023694255,32717,46780,46780,1198138,Matched,Intersection,33100.0,AIRPORT WAY S AND S LUCILE ST,,,1,Property Damage Only Collision,Left Turn,2,0,0,2,0,0,0,2005-01-11T00:00:00.000Z,1/11/2005 9:44:00 AM,At Intersection (intersection related),11.0,"MOTOR VEHICLE STRUCK MOTOR VEHICLE, FRONT END AT ANGLE",,0,Overcast,Dry,Daylight,,5011030.0,,28,From opposite direction - one left turn - one straight,0,0,N,351.5570368498184,202
53355,-122.32984160504319,47.60441290865066,53356,67532,67532,2607470,Matched,Intersection,29964.0,5TH AVE AND CHERRY ST,,,2,Injury Collision,Angles,4,0,0,2,2,0,0,2007-07-04T00:00:00.000Z,7/4/2007,At Intersection (intersection related),11.0,"MOTOR VEHICLE STRUCK MOTOR VEHICLE, FRONT END AT ANGLE",,0,Clear or Partly Cloudy,Dry,Daylight,,7185020.0,,10,Entering at angle,0,0,N,781.665180614138,762
96702,-122.33905215133785,47.519174378142154,96703,110498,110498,3343036,Matched,Block,,OLSON PL SW BETWEEN 3RD AVE SW AND SW CAMBRIDGE PL,,,1,Property Damage Only Collision,Right Turn,3,0,0,2,0,0,0,2010-12-03T00:00:00.000Z,12/3/2010 8:21:00 AM,Driveway Junction,11.0,"MOTOR VEHICLE STRUCK MOTOR VEHICLE, FRONT END AT ANGLE",,N,Overcast,Dry,Daylight,,10337002.0,,16,From same direction - one right turn - one straight,0,0,N,795.291076413522,415
67163,-122.30113116708799,47.719312045235995,67164,79967,79967,2611364,Matched,Block,,NE 125TH ST BETWEEN 25TH AVE NE AND 26TH AVE NE,,,2,Injury Collision,Head On,2,0,0,2,2,0,0,2008-12-13T00:00:00.000Z,12/13/2008 2:01:00 PM,Mid-Block (not related to intersection),11.0,"MOTOR VEHICLE STRUCK MOTOR VEHICLE, FRONT END AT ANGLE",,0,Overcast,Dry,Daylight,,8348029.0,,24,From opposite direction - both moving - head-on,0,0,N,206.68939014283393,5
123171,-122.37167070846228,47.5661385080699,122172,137212,137212,3505276,Matched,Block,,SW AVALON WAY BETWEEN 30TH AVE SW AND SW GENESEE ST,,,1,Property Damage Only Collision,Parked Car,5,0,0,5,0,0,0,2012-09-28T00:00:00.000Z,9/28/2012 9:10:00 PM,Mid-Block (not related to intersection),11.0,"MOTOR VEHICLE STRUCK MOTOR VEHICLE, FRONT END AT ANGLE",Y,N,Clear or Partly Cloudy,Dry,Dark - Street Lights On,,12272023.0,,32,One parked--one moving,0,0,N,436.35690608937284,405
61839,-122.37131991732576,47.57147661645102,61840,76449,76449,2625367,Matched,Intersection,32118.0,ADMIRAL AVALON RP AND SW ADMIRAL WAY,,,1,Property Damage Only Collision,Angles,3,0,0,2,0,0,0,2007-05-11T00:00:00.000Z,5/11/2007 1:14:00 PM,At Intersection (intersection related),11.0,"MOTOR VEHICLE STRUCK MOTOR VEHICLE, FRONT END AT ANGLE",,0,Clear or Partly Cloudy,Dry,Daylight,,7131019.0,,10,Entering at angle,0,0,N,470.56578926704503,252
28216,-122.27296389492258,47.51024760913477,28217,42231,42231,1784011,Matched,Block,,S VICTOR ST BETWEEN 47TH AVE S AND BEACON AVE S,,,1,Property Damage Only Collision,Parked Car,2,0,0,2,0,0,0,2005-09-25T00:00:00.000Z,9/25/2005 2:21:00 AM,Driveway Junction,13.0,"MOTOR VEHICLE STRUCK MOTOR VEHICLE, LEFT SIDE AT ANGLE",,0,Clear or Partly Cloudy,Dry,Dark - No Street Lights,,5268019.0,,32,One parked--one moving,0,0,N,889.9618066138922,213
43661,-122.36651045030631,47.53188280609664,43662,58304,58304,1481873,Matched,Block,,SW KENYON ST BETWEEN 26TH AVE SW AND 27TH E AVE SW,,,1,Property Damage Only Collision,Other,3,0,0,2,0,0,0,2006-02-13T00:00:00.000Z,2/13/2006 7:42:00 AM,Driveway Junction,11.0,"MOTOR VEHICLE STRUCK MOTOR VEHICLE, FRONT END AT ANGLE",,0,Raining,Wet,Daylight,,6044012.0,,21,One car entering driveway access,0,0,N,150.31280059437185,548
89135,-122.35547358459023,47.70780506128873,89136,103612,103612,3198357,Matched,Block,,GREENWOOD AVE N BETWEEN N 107TH ST AND N 110TH ST,,,2,Injury Collision,Rear Ended,3,0,0,3,2,0,0,2009-08-21T00:00:00.000Z,8/21/2009 11:55:00 AM,Mid-Block (not related to intersection),14.0,"MOTOR VEHICLE STRUCK MOTOR VEHICLE, REAR END",,0,Clear or Partly Cloudy,Dry,Daylight,,9233015.0,,13,From same direction - both going straight - both moving - rear-end,0,0,N,140.84916523230868,138
157394,-122.32916365317615,47.62427870381583,157395,192681,192761,3739778,Matched,Intersection,29119.0,EASTLAKE AVE E AND MERCER ST, ,,1,Property Damage Only Collision,Angles,5,0,0,2,0,0,0,2015-05-09T00:00:00.000Z,5/9/2015 12:54:00 AM,At Intersection (intersection related),11.0,"MOTOR VEHICLE STRUCK MOTOR VEHICLE, FRONT END AT ANGLE",,N,Clear or Partly Cloudy,Dry,Dark - Street Lights On,,,,10,Entering at angle,0,0,N,386.0837505549895,717
7618,-122.36332102611065,47.69023524973426,7619,21657,21657,1782359,Matched,Block,,6TH AVE NW BETWEEN NW 84TH ST AND NW 85TH ST,,,1,Property Damage Only Collision,Angles,2,0,0,2,0,0,0,2004-05-05T00:00:00.000Z,5/5/2004,Driveway Junction,11.0,"MOTOR VEHICLE STRUCK MOTOR VEHICLE, FRONT END AT ANGLE",,0,Clear or Partly Cloudy,Dry,Daylight,,4126028.0,,10,Entering at angle,0,0,N,44.747000800134096,611
60542,-122.31567009999516,47.676581254666154,60543,74942,74942,2614186,Matched,Intersection,24500.0,12TH AVE NE AND NE 66TH ST,,,1,Property Damage Only Collision,Angles,2,0,0,2,0,0,0,2007-07-11T00:00:00.000Z,7/11/2007 7:14:00 AM,At Intersection (intersection related),11.0,"MOTOR VEHICLE STRUCK MOTOR VEHICLE, FRONT END AT ANGLE",,0,Clear or Partly Cloudy,Dry,Daylight,,7192027.0,,10,Entering at angle,0,0,N,287.5133862330958,853
97815,-122.33484538997023,47.59239745260909,97816,113007,113007,3198108,Matched,Block,,S ROYAL BROUGHAM WAY BETWEEN EAST FRONTAGE RD S AND 1ST AVE S,,,1,Property Damage Only Collision,Sideswipe,2,0,0,2,0,0,0,2010-06-16T00:00:00.000Z,6/16/2010 6:30:00 PM,Mid-Block (not related to intersection),16.0,"MOTOR VEHICLE STRUCK MOTOR VEHICLE, LEFT SIDE SIDESWIPE",,0,Clear or Partly Cloudy,Dry,Daylight,,10167021.0,,11,From same direction - both going straight - both moving - sideswipe,0,0,N,1665.0320765892975,875
155687,-122.31015032296783,47.594071944259994,156688,192426,192506,E420654,Matched,Intersection,30794.0,RAINIER AVE S AND S CHARLES S ST, ,,2,Injury Collision,Left Turn,0,0,0,2,1,0,0,2015-04-30T00:00:00.000Z,4/30/2015 1:39:00 PM,At Intersection (intersection related),11.0,"MOTOR VEHICLE STRUCK MOTOR VEHICLE, FRONT END AT ANGLE",,N,Clear or Partly Cloudy,Dry,Daylight,,,,28,From opposite direction - one left turn - one straight,0,0,N,87.17808712491923,13
103611,-122.38145646736318,47.56018176219766,103612,120540,120540,3295592,Matched,Block,,FAUNTLEROY WAY SW BETWEEN SW ALASKA ST AND SW EDMUNDS ST,,,2,Injury Collision,Rear Ended,5,0,0,3,1,0,0,2011-05-28T00:00:00.000Z,5/28/2011 10:01:00 AM,Mid-Block (but intersection related),14.0,"MOTOR VEHICLE STRUCK MOTOR VEHICLE, REAR END",Y,N,Clear or Partly Cloudy,Dry,Daylight,,11148028.0,,14,From same direction - both going straight - one stopped - rear-end,0,0,N,510.6490975896677,597
13002,-122.33774456777235,47.61483186369579,13003,27187,27187,04160044,Unmatched,Intersection,29541.0,VIRGINIA ST AND WESTLAKE AVE,,,0,Unknown,,0,0,0,0,0,0,0,2004-06-08T00:00:00.000Z,6/8/2004,At Intersection (intersection related),11.0,"MOTOR VEHICLE STRUCK MOTOR VEHICLE, FRONT END AT ANGLE",,,,,,,4160044.0,,,,0,0,N,842.6068946073336,185
82181,-122.32657328828779,47.626041792429035,83182,98766,98766,3326557,Matched,Block,,BELLEVUE AVE E BETWEEN E ROY ST AND BELLEVUE PL E,,,1,Property Damage Only Collision,Parked Car,2,0,0,2,0,0,0,2009-07-03T00:00:00.000Z,7/3/2009,Mid-Block (not related to intersection),16.0,"MOTOR VEHICLE STRUCK MOTOR VEHICLE, LEFT SIDE SIDESWIPE",,0,Unknown,Unknown,Unknown,,9184039.0,,32,One parked--one moving,0,0,N,250.80585306227005,868
28175,-122.34694402827145,47.613041751111915,28176,42484,42484,1059786,Matched,Block,,BELL ST BETWEEN WESTERN AVE AND 1ST AVE,,,1,Property Damage Only Collision,Parked Car,2,0,0,2,0,0,0,2005-07-20T00:00:00.000Z,7/20/2005 8:45:00 PM,Mid-Block (not related to intersection),11.0,"MOTOR VEHICLE STRUCK MOTOR VEHICLE, FRONT END AT ANGLE",,0,Clear or Partly Cloudy,Dry,Daylight,,5201024.0,,32,One parked--one moving,0,0,N,1492.8805923032005,422
133489,-122.35273174494844,47.70217783739319,133490,151103,151123,3501896,Matched,Intersection,37401.0,DAYTON AVE N AND N 101ST ST, ,,1,Property Damage Only Collision,Angles,2,0,0,2,0,0,0,2013-07-23T00:00:00.000Z,7/23/2013 3:43:00 PM,At Intersection (intersection related),11.0,"MOTOR VEHICLE STRUCK MOTOR VEHICLE, FRONT END AT ANGLE",,N,Clear or Partly Cloudy,Dry,Daylight,,,,10,Entering at angle,0,0,N,80.54610873934445,576
16120,-122.31427967913481,47.617619757605894,15121,29387,29387,1198559,Unmatched,Intersection,29077.0,14TH AVE AND E HOWELL ST,,,0,Unknown,,0,0,0,0,0,0,0,2004-12-07T00:00:00.000Z,12/7/2004,At Intersection (intersection related),26.0,MOTOR VEHICLE STRUCK OBJECT IN ROAD,,,,,,,4342013.0,,,,0,0,N,0.0,448
33113,-122.38759277034792,47.686802765005744,33114,47143,47143,1930906,Matched,Intersection,23872.0,24TH AVE NW AND NW 80TH ST,,,2,Injury Collision,Angles,3,0,0,2,2,0,0,2005-03-25T00:00:00.000Z,3/25/2005 10:55:00 AM,At Intersection (intersection related),11.0,"MOTOR VEHICLE STRUCK MOTOR VEHICLE, FRONT END AT ANGLE",,0,Clear or Partly Cloudy,Dry,Daylight,,5084016.0,,10,Entering at angle,0,0,N,226.3118594882197,721
172449,-122.38284721473043,47.55656129824875,169450,217487,217767,3780580,Matched,Block,,40TH AVE SW BETWEEN SW HUDSON ST AND SW DAWSON ST, ,,1,Property Damage Only Collision,Parked Car,2,0,0,2,0,0,0,2016-04-11T00:00:00.000Z,4/11/2016 1:00:00 PM,,0.0,NOT ENOUGH INFORMATION / NOT APPLICABLE,,N,Clear or Partly Cloudy,Dry,Daylight,,,,32,One parked--one moving,0,0,Y,101.5854949676274,173
36678,-122.3295684523758,47.55147701591158,34679,48858,48858,2606354,Matched,Block,,4TH AVE S BETWEEN S ORCAS ST AND S MEAD ST,,,1,Property Damage Only Collision,Parked Car,2,0,0,2,0,0,0,2006-11-01T00:00:00.000Z,11/1/2006,Mid-Block (not related to intersection),13.0,"MOTOR VEHICLE STRUCK MOTOR VEHICLE, LEFT SIDE AT ANGLE",,0,Clear or Partly Cloudy,Dry,Dark - Street Lights On,,6305033.0,,32,One parked--one moving,0,0,N,507.2964326607529,202
120848,-122.37676361284159,47.67776765738922,119849,134642,134642,3551278,Matched,Intersection,23942.0,15TH AVE NW AND NW 67TH ST,,,1,Property Damage Only Collision,Right Turn,3,0,0,2,0,0,0,2012-06-04T00:00:00.000Z,6/4/2012 5:50:00 PM,At Intersection (intersection related),11.0,"MOTOR VEHICLE STRUCK MOTOR VEHICLE, FRONT END AT ANGLE",,N,Clear or Partly Cloudy,Dry,Daylight,,12156003.0,,16,From same direction - one right turn - one straight,0,0,N,80.74793811446153,18
50672,-122.33106068748187,47.61850522786926,50673,64777,64777,2793675,Matched,Block,,DENNY WAY BETWEEN YALE AVE AND STEWART ST,,,1,Property Damage Only Collision,Rear Ended,2,0,0,2,0,0,0,2007-06-28T00:00:00.000Z,6/28/2007 10:30:00 AM,Mid-Block (but intersection related),14.0,"MOTOR VEHICLE STRUCK MOTOR VEHICLE, REAR END",,0,Clear or Partly Cloudy,Dry,Daylight,,7179052.0,,14,From same direction - both going straight - one stopped - rear-end,0,0,N,479.4924314876397,55
97769,-122.34602673831348,47.63198303538461,97770,112181,112181,3328434,Matched,Block,,TAYLOR AVE N BETWEEN TAYLOR UPPER AVE N AND GALER ST,,,1,Property Damage Only Collision,Parked Car,5,0,0,4,0,0,0,2010-01-15T00:00:00.000Z,1/15/2010 1:34:00 AM,Mid-Block (not related to intersection),16.0,"MOTOR VEHICLE STRUCK MOTOR VEHICLE, LEFT SIDE SIDESWIPE",,Y,Overcast,Wet,Dark - Street Lights On,,10015027.0,,32,One parked--one moving,0,0,N,263.52329686769923,77
32929,-122.33604760019512,47.5627597940986,30930,45275,45275,1079716,Matched,Block,,DENVER AVE S BETWEEN COLORADO AVE S AND UTAH AVE S,,,1,Property Damage Only Collision,Angles,2,0,0,2,0,0,0,2005-11-15T00:00:00.000Z,11/15/2005 2:30:00 PM,Driveway Junction,11.0,"MOTOR VEHICLE STRUCK MOTOR VEHICLE, FRONT END AT ANGLE",,0,Clear or Partly Cloudy,Unknown,Daylight,,5319004.0,,10,Entering at angle,0,0,N,1520.7912878575587,117
123434,-122.33127712112213,47.604303838446725,122435,137089,137089,3328560,Matched,Block,,4TH AVE BETWEEN CHERRY ST AND COLUMBIA ST,,,1,Property Damage Only Collision,Sideswipe,3,0,0,2,0,0,0,2012-10-05T00:00:00.000Z,10/5/2012 2:20:00 PM,Mid-Block (not related to intersection),11.0,"MOTOR VEHICLE STRUCK MOTOR VEHICLE, FRONT END AT ANGLE",,N,Clear or Partly Cloudy,Dry,Daylight,,12279023.0,,12,From same direction - both going straight - one stopped - sideswipe,0,0,N,850.3014962717656,762
108325,-122.30026239758854,47.58111956227043,108326,123860,123860,3566742,Matched,Block,,RAINIER AVE S BETWEEN 25TH AVE S AND S BAYVIEW ST,,,1,Property Damage Only Collision,Sideswipe,3,0,0,2,0,0,0,2011-04-27T00:00:00.000Z,4/27/2011 4:00:00 PM,Mid-Block (not related to intersection),11.0,"MOTOR VEHICLE STRUCK MOTOR VEHICLE, FRONT END AT ANGLE",,N,Raining,Wet,Daylight,,11117003.0,,11,From same direction - both going straight - both moving - sideswipe,0,0,N,374.78101924442285,101
84130,-122.32339798547629,47.541420802867364,84131,96801,96801,3211007,Matched,Intersection,34183.0,CORSON AVE S AND S WILLOW ST,,,2,Injury Collision,Left Turn,2,0,0,2,1,0,0,2009-07-27T00:00:00.000Z,7/27/2009 10:12:00 AM,At Intersection (intersection related),11.0,"MOTOR VEHICLE STRUCK MOTOR VEHICLE, FRONT END AT ANGLE",,0,Clear or Partly Cloudy,Dry,Daylight,,9208010.0,,28,From opposite direction - one left turn - one straight,0,0,N,98.19269843158884,789
185325,-122.3386501073326,47.60733042075539,187326,246346,246926,3753300,Matched,Block,,1ST AVE BETWEEN UNIVERSITY ST AND UNION ST, ,,1,Property Damage Only Collision,Parked Car,2,0,0,2,0,0,0,2017-07-22T00:00:00.000Z,7/22/2017 8:18:00 PM,Mid-Block (not related to intersection),14.0,"MOTOR VEHICLE STRUCK MOTOR VEHICLE, REAR END",,N,Clear or Partly Cloudy,Dry,Dusk,,,,32,One parked--one moving,0,0,N,1081.4589041323147,688
186039,-122.35554466852709,47.722324214937345,185040,242035,242495,E661647,Matched,Block,,GREENWOOD AVE N BETWEEN N 127TH ST AND N 130TH ST, ,,2,Injury Collision,Rear Ended,3,0,0,2,1,0,0,2017-04-03T00:00:00.000Z,4/3/2017 2:20:00 PM,Mid-Block (not related to intersection),14.0,"MOTOR VEHICLE STRUCK MOTOR VEHICLE, REAR END",,N,Clear or Partly Cloudy,Dry,Daylight,,,,14,From same direction - both going straight - one stopped - rear-end,0,0,N,143.83522442397918,290
137330,-122.33195417218849,47.66137795912638,137331,157534,157554,3544974,Matched,Block,,N 45TH ST BETWEEN BAGLEY AVE N AND CORLISS AVE N, ,,1,Property Damage Only Collision,Parked Car,3,0,0,3,0,0,0,2013-11-23T00:00:00.000Z,11/23/2013 11:16:00 PM,Mid-Block (not related to intersection),16.0,"MOTOR VEHICLE STRUCK MOTOR VEHICLE, LEFT SIDE SIDESWIPE",Y,N,Clear or Partly Cloudy,Dry,Dark - Street Lights On,,,,32,One parked--one moving,0,0,N,129.05036278314657,641
116817,-122.36046479838285,47.527387407152084,116818,132463,132463,3553565,Matched,Block,,DELRIDGE WAY SW BETWEEN SW THISTLE ST AND SW CLOVERDALE ST,,,1,Property Damage Only Collision,Parked Car,3,0,0,3,0,0,0,2012-05-03T00:00:00.000Z,5/3/2012 3:06:00 PM,Mid-Block (not related to intersection),11.0,"MOTOR VEHICLE STRUCK MOTOR VEHICLE, FRONT END AT ANGLE",,N,Raining,Wet,Daylight,,12124025.0,,32,One parked--one moving,0,0,N,142.82649750866088,195
125487,-122.34347178976172,47.610403676887124,125488,142092,142092,3581887,Matched,Intersection,337304.0,PIKE PL AND VIRGINIA ST,,,2,Injury Collision,Pedestrian,2,1,0,1,1,0,0,2012-12-20T00:00:00.000Z,12/20/2012 3:28:00 PM,At Intersection (intersection related),24.0,MOTOR VEHCILE STRUCK PEDESTRIAN,,N,Clear or Partly Cloudy,Wet,Daylight,,12355007.0,,0,Vehicle going straight hits pedestrian,0,0,N,1279.0572841052792,185
40559,-122.3221772822397,47.6181466601691,39560,54007,54007,1745118,Matched,Block,,HARVARD AVE BETWEEN E HOWELL ST AND E DENNY WAY,,,1,Property Damage Only Collision,Parked Car,2,0,0,2,0,0,0,2006-06-09T00:00:00.000Z,6/9/2006,Mid-Block (not related to intersection),11.0,"MOTOR VEHICLE STRUCK MOTOR VEHICLE, FRONT END AT ANGLE",,0,Unknown,Unknown,Dawn,,6160017.0,,32,One parked--one moving,0,0,N,115.90521228678195,107
165904,-122.38443827267416,47.59291073678472,165905,207297,207497,3732027,Matched,Block,,CALIFORNIA WAY SW BETWEEN CALIFORNIA AVE SW AND FERRY AVE SW, ,,1,Property Damage Only Collision,Other,1,0,0,1,0,0,0,2015-11-20T00:00:00.000Z,11/20/2015 4:50:00 PM,Mid-Block (not related to intersection),26.0,MOTOR VEHICLE STRUCK OBJECT IN ROAD,,Y,Clear or Partly Cloudy,Dry,Dark - Street Lights On,,,,50,Fixed object,0,0,N,1103.769438676006,180
76179,-122.35511451885529,47.52195278854535,76180,90699,90699,2620222,Matched,Block,,16TH AVE SW BETWEEN SW HENDERSON ST AND SW BARTON ST,,,1,Property Damage Only Collision,Parked Car,2,0,0,2,0,0,0,2008-04-01T00:00:00.000Z,4/1/2008,Mid-Block (not related to intersection),11.0,"MOTOR VEHICLE STRUCK MOTOR VEHICLE, FRONT END AT ANGLE",,0,Clear or Partly Cloudy,Dry,Dark - Street Lights On,,8092035.0,,32,One parked--one moving,0,0,N,144.55590382659508,95
128409,-122.32172455130163,47.53943318045433,126410,141150,141150,3502681,Matched,Block,,S MYRTLE ST BETWEEN EAST MARGINAL WAY S AND FLORA AVE S,,,1,Property Damage Only Collision,Other,2,0,0,2,0,0,0,2012-12-13T00:00:00.000Z,12/13/2012 10:39:00 AM,Mid-Block (but intersection related),11.0,"MOTOR VEHICLE STRUCK MOTOR VEHICLE, FRONT END AT ANGLE",,N,Overcast,Dry,Daylight,,12348023.0,,23,From same direction - all others,0,0,N,189.4948415664014,767
62092,-122.27446403680011,47.54484138746782,62093,76372,76372,C687727,Matched,Block,,RAINIER AVE S BETWEEN S EDDY ST AND S MORGAN ST,,,1,Property Damage Only Collision,Sideswipe,2,0,0,2,0,0,0,2007-06-07T00:00:00.000Z,6/7/2007,Mid-Block (not related to intersection),16.0,"MOTOR VEHICLE STRUCK MOTOR VEHICLE, LEFT SIDE SIDESWIPE",,0,Unknown,Unknown,Unknown,,7158044.0,,11,From same direction - both going straight - both moving - sideswipe,0,0,N,145.04867771404258,129
53984,-122.29011123239827,47.557862691697025,53985,68730,68730,2613110,Matched,Block,,S FERDINAND ST BETWEEN M L KING JR ER WAY S AND 35TH AVE S,,,1,Property Damage Only Collision,Parked Car,2,0,0,2,0,0,0,2007-03-28T00:00:00.000Z,3/28/2007 1:52:00 PM,Mid-Block (not related to intersection),11.0,"MOTOR VEHICLE STRUCK MOTOR VEHICLE, FRONT END AT ANGLE",,0,Clear or Partly Cloudy,Dry,Dark - Street Lights On,,7087016.0,,32,One parked--one moving,0,0,N,97.56111786655957,814
17411,-122.2715599159092,47.54069366639369,17412,31343,31343,04243035,Unmatched,Intersection,34430.0,RAINIER AVE S AND S WILLOW ST,,,0,Unknown,,0,0,0,0,0,0,0,2004-08-30T00:00:00.000Z,8/30/2004,At Intersection (intersection related),11.0,"MOTOR VEHICLE STRUCK MOTOR VEHICLE, FRONT END AT ANGLE",,,,,,,4243035.0,,,,0,0,N,348.17525119885113,326
126651,-122.33160430850334,47.604661558350756,127652,145274,145274,2618868,Unmatched,Intersection,29966.0,4TH AVE AND COLUMBIA ST, ,,1,Property Damage Only Collision,,2,0,0,0,0,0,0,2013-05-01T00:00:00.000Z,5/1/2013,At Intersection (intersection related),11.0,"MOTOR VEHICLE STRUCK MOTOR VEHICLE, FRONT END AT ANGLE",,,,,,,,, ,,0,0,N,833.4610135276824,762
98957,-122.38510094272651,47.54484518390462,98958,112003,112003,2797988,Matched,Block,,SW MORGAN ST BETWEEN 41ST AVE SW AND 42ND AVE SW,,,1,Property Damage Only Collision,Parked Car,2,0,0,2,0,0,0,2010-06-17T00:00:00.000Z,6/17/2010 3:05:00 PM,Mid-Block (not related to intersection),14.0,"MOTOR VEHICLE STRUCK MOTOR VEHICLE, REAR END",,N,Clear or Partly Cloudy,Dry,Daylight,,10168025.0,,32,One parked--one moving,0,0,N,398.62974145910744,234
75309,-122.31651251687131,47.67497944674386,74310,89916,89916,2795520,Matched,Block,,NE 64TH ST BETWEEN ROOSEVELT WAY NE AND 12TH AVE NE,,,1,Property Damage Only Collision,Parked Car,2,0,0,2,0,0,0,2008-03-15T00:00:00.000Z,3/15/2008 4:00:00 PM,Mid-Block (not related to intersection),14.0,"MOTOR VEHICLE STRUCK MOTOR VEHICLE, REAR END",,0,Unknown,Unknown,Daylight,,8075038.0,,32,One parked--one moving,0,0,N,164.50456611584116,1023
112303,-122.33754426965875,47.60612175846337,110304,127182,127182,3562390,Matched,Intersection,29611.0,1ST AVE AND SENECA ST,,,1,Property Damage Only Collision,Angles,3,0,0,2,0,0,0,2011-12-21T00:00:00.000Z,12/21/2011 3:19:00 PM,At Intersection (intersection related),11.0,"MOTOR VEHICLE STRUCK MOTOR VEHICLE, FRONT END AT ANGLE",,N,Clear or Partly Cloudy,Dry,Daylight,,11355004.0,,10,Entering at angle,0,0,N,1083.5397546243382,688
197476,-122.34608880057839,47.66212734235389,199477,300358,301558,E824209,Matched,Intersection,25692.0,GREEN LAKE WAY N AND N 46TH ST, ,,1,Property Damage Only Collision,Sideswipe,2,0,0,2,0,0,0,2018-08-02T00:00:00.000Z,8/2/2018 7:58:00 AM,At Intersection (intersection related),11.0,"MOTOR VEHICLE STRUCK MOTOR VEHICLE, FRONT END AT ANGLE",,N,Overcast,Dry,Daylight,,,,11,From same direction - both going straight - both moving - sideswipe,0,0,N,82.40207475159512,763
40883,-122.3318629527228,47.615828871801604,39884,53710,53710,2622784,Matched,Block,,HOWELL ST BETWEEN TERRY AVE AND BOREN AVE,,,2,Injury Collision,Other,2,0,0,1,2,0,0,2006-09-13T00:00:00.000Z,9/13/2006 11:37:00 PM,Mid-Block (but intersection related),28.0,MOTOR VEHICLE RAN OFF ROAD - HIT FIXED OBJECT,,1,Overcast,Dry,Dark - Street Lights On,,6256007.0,Y,50,Fixed object,0,0,N,478.5233157640674,55
161122,-122.3102582052452,47.6630663412917,163123,205107,205247,3789430,Matched,Block,,NE 47TH ST BETWEEN 16TH AVE NE AND 17TH SB AVE NE,NEI,"Not Enough Information, or Insufficient Location Information",1,Property Damage Only Collision,Parked Car,2,0,0,2,0,0,0,2015-10-17T00:00:00.000Z,10/17/2015 1:00:00 PM,,0.0,NOT ENOUGH INFORMATION / NOT APPLICABLE,,N,Unknown,Unknown,Unknown,,,,32,One parked--one moving,0,0,Y,374.89395489315257,389
200307,-122.34180780029443,47.68729387961866,198308,287945,288805,E798485,Matched,Block,,STONE AVE N BETWEEN N 80TH ST AND GREEN LAKE DR N, ,,2,Injury Collision,Rear Ended,3,0,0,3,2,0,0,2018-05-11T00:00:00.000Z,5/11/2018 5:53:00 PM,Mid-Block (not related to intersection),14.0,"MOTOR VEHICLE STRUCK MOTOR VEHICLE, REAR END",Y,N,Clear or Partly Cloudy,Dry,Daylight,,,,14,From same direction - both going straight - one stopped - rear-end,0,0,N,256.86267081856323,867
91134,-122.33326934724009,47.579810298562144,91135,106149,106149,09263033,Unmatched,Intersection,31371.0,OCCIDENTAL AVE S AND S LANDER ST,,,0,Unknown,,0,0,0,0,0,0,0,2009-09-20T00:00:00.000Z,9/20/2009,At Intersection (but not related to intersection),14.0,"MOTOR VEHICLE STRUCK MOTOR VEHICLE, REAR END",,,,,,,9263033.0,,,,0,0,N,1398.4123336122748,818