,X,Y,OBJECTID,INCKEY,COLDETKEY,REPORTNO,STATUS,ADDRTYPE,INTKEY,LOCATION,EXCEPTRSNCODE,EXCEPTRSNDESC,SEVERITYCODE,SEVERITYDESC,COLLISIONTYPE,PERSONCOUNT,PEDCOUNT,PEDCYLCOUNT,VEHCOUNT,INJURIES,SERIOUSINJURIES,FATALITIES,INCDATE,INCDTTM,JUNCTIONTYPE,SDOT_COLCODE,SDOT_COLDESC,INATTENTIONIND,UNDERINFL,WEATHER,ROADCOND,LIGHTCOND,PEDROWNOTGRNT,SDOTCOLNUM,SPEEDING,ST_COLCODE,ST_COLDESC,SEGLANEKEY,CROSSWALKKEY,HITPARKEDCAR,CLOSEST_CIRCLE_DIST,CLOSEST_CIRCLE_INDEX
47369,-122.29107291173551,47.732830956340344,47370,61589,61589,2064031,Matched,Block,,35TH AVE NE BETWEEN NE 143RD ST AND NE 145TH ST,,,1,Property Damage Only Collision,Parked Car,2,0,0,2,0,0,0,2006-05-26T00:00:00.000Z,5/26/2006 4:00:00 PM,Mid-Block (not related to intersection),11.0,"MOTOR VEHICLE STRUCK MOTOR VEHICLE, FRONT END AT ANGLE",,0,Unknown,Unknown,Daylight,,6146014.0,,32,One parked--one moving,0,0,N,303.37530083250533,874
67155,-122.30494951080604,47.6129212902877,67156,80103,80103,3287376,Matched,Intersection,30147.0,21ST AVE AND E UNION ST,,,2,Injury Collision,Cycles,2,0,1,1,1,0,0,2008-11-20T00:00:00.000Z,11/20/2008 4:31:00 PM,At Intersection (intersection related),51.0,PEDALCYCLIST STRUCK MOTOR VEHICLE FRONT END AT ANGLE,,0,Overcast,Wet,Dark - Street Lights On,Y,8325003.0,,45,Vehicle - Pedalcyclist,9353,0,N,263.33918346142605,687
142885,-122.33154380471072,47.7250069022909,143886,168845,168865,3703376,Matched,Intersection,35957.0,CORLISS AVE N AND N 133RD ST, ,,1,Property Damage Only Collision,Angles,3,0,0,2,0,0,0,2014-06-02T00:00:00.000Z,6/2/2014 2:44:00 PM,At Intersection (intersection related),11.0,"MOTOR VEHICLE STRUCK MOTOR VEHICLE, FRONT END AT ANGLE",,N,Clear or Partly Cloudy,Dry,Daylight,,,,10,Entering at angle,0,0,N,202.48369722318347,669
137725,-122.32028043547771,47.67417167526289,137726,157192,157212,3206168,Matched,Intersection,25706.0,NE 63RD ST AND NE RAVENNA WB BV, ,,2,Injury Collision,Cycles,2,0,1,1,1,0,0,2013-11-18T00:00:00.000Z,11/18/2013 6:00:00 PM,At Intersection (intersection related),18.0,"MOTOR VEHICLE STRUCK PEDALCYCLIST, FRONT END AT ANGLE",,N,Raining,Wet,Dark - Street Lights On,Y,,,45,Vehicle - Pedalcyclist,28777,0,N,118.32115248122125,790
199934,-122.38676422780365,47.572600188331926,200935,305506,306786,3745650,Unmatched,Block,,CALIFORNIA AVE SW BETWEEN SW HINDS S ST AND SW SPOKANE ST, ,,1,Property Damage Only Collision,,2,0,0,0,0,0,0,2018-10-04T00:00:00.000Z,10/4/2018,Mid-Block (not related to intersection),11.0,"MOTOR VEHICLE STRUCK MOTOR VEHICLE, FRONT END AT ANGLE",,,,,,,,, ,,0,0,Y,104.17673798066932,176
132145,-122.3326553754476,47.708654515714905,130146,148321,148341,3646452,Matched,Block,,N NORTHGATE WAY BETWEEN MERIDIAN AVE N AND CORLISS AVE N, ,,2,Injury Collision,Rear Ended,2,0,0,2,1,0,0,2013-06-18T00:00:00.000Z,6/18/2013 3:53:00 PM,Mid-Block (not related to intersection),14.0,"MOTOR VEHICLE STRUCK MOTOR VEHICLE, REAR END",Y,N,Clear or Partly Cloudy,Dry,Daylight,,,,14,From same direction - both going straight - one stopped - rear-end,0,0,N,413.79738956931556,265
3140,-122.30838142236641,47.661258786313276,4141,18141,18141,1794648,Unmatched,Intersection,26077.0,18TH AVE NE AND NE 45TH ST,,,0,Unknown,,0,0,0,0,0,0,0,2004-12-17T00:00:00.000Z,12/17/2004,At Intersection (intersection related),11.0,"MOTOR VEHICLE STRUCK MOTOR VEHICLE, FRONT END AT ANGLE",,,,,,,4352038.0,,,,0,0,N,571.8964616177865,317
37713,-122.30798255424592,47.624422578383,37714,51853,51853,2615085,Matched,Block,,E MERCER ST BETWEEN 18TH AVE E AND 19TH AVE E,,,1,Property Damage Only Collision,Parked Car,2,0,0,2,0,0,0,2006-09-26T00:00:00.000Z,9/26/2006 10:30:00 AM,Mid-Block (but intersection related),15.0,"MOTOR VEHICLE STRUCK MOTOR VEHICLE, RIGHT SIDE SIDESWIPE",,0,Clear or Partly Cloudy,Dry,Daylight,,6269013.0,,32,One parked--one moving,0,0,N,104.37423955866387,456
40645,-122.30880441029863,47.57606733004357,39646,54032,54032,2615432,Matched,Block,,18TH AVE S BETWEEN S STEVENS ST AND S HANFORD ST,,,1,Property Damage Only Collision,Parked Car,3,0,0,3,0,0,0,2006-10-19T00:00:00.000Z,10/19/2006 8:00:00 PM,Mid-Block (not related to intersection),16.0,"MOTOR VEHICLE STRUCK MOTOR VEHICLE, LEFT SIDE SIDESWIPE",,0,Overcast,Wet,Dark - No Street Lights,,6292035.0,,32,One parked--one moving,0,0,N,253.81302062264578,300
76872,-122.32595485414413,47.70861145326918,76873,91141,91141,2892315,Matched,Intersection,36587.0,3RD AVE NE AND NE NORTHGATE WAY,,,1,Property Damage Only Collision,Head On,6,0,0,2,0,0,0,2008-08-23T00:00:00.000Z,8/23/2008 9:25:00 PM,At Intersection (intersection related),11.0,"MOTOR VEHICLE STRUCK MOTOR VEHICLE, FRONT END AT ANGLE",,0,Clear or Partly Cloudy,Dry,Dark - Street Lights On,,8236009.0,,30,From opposite direction - all others,0,0,N,565.1376332592522,662
117763,-122.35545274592478,47.70508354117376,117764,133096,133096,3559421,Matched,Intersection,36419.0,GREENWOOD AVE N AND HOLMAN RD N,,,2,Injury Collision,Angles,2,0,0,2,2,0,0,2012-03-19T00:00:00.000Z,3/19/2012 3:41:00 AM,At Intersection (intersection related),11.0,"MOTOR VEHICLE STRUCK MOTOR VEHICLE, FRONT END AT ANGLE",,N,Overcast,Dry,Dark - Street Lights On,,12079004.0,,10,Entering at angle,0,0,N,218.21297516001468,294
110496,-122.31675618733473,47.61222458831647,112497,128989,128989,3566004,Matched,Block,,12TH AVE BETWEEN E SPRING ST AND E MADISON ST,,,2b,Serious Injury Collision,Other,1,0,0,1,1,1,0,2011-05-24T00:00:00.000Z,5/24/2011 8:19:00 AM,Mid-Block (but intersection related),26.0,MOTOR VEHICLE STRUCK OBJECT IN ROAD,,N,Clear or Partly Cloudy,Dry,Daylight,,11144007.0,,52,Vehicle overturned,0,0,N,124.09392517419808,837
51245,-122.30211546944108,47.60901773404704,51246,65445,65445,07243036,Unmatched,Block,,E COLUMBIA ST BETWEEN 23RD AVE AND 24TH AVE,,,0,Unknown,,0,0,0,0,0,0,0,2007-08-31T00:00:00.000Z,8/31/2007,Driveway Junction,13.0,"MOTOR VEHICLE STRUCK MOTOR VEHICLE, LEFT SIDE AT ANGLE",,,,,,,7243036.0,,,,0,0,N,48.99143167788847,368
164160,-122.3113996469704,47.73393649650034,164161,203987,204127,E457931,Matched,Block,,NE 145TH ST BETWEEN 15TH AVE NE AND 17TH AVE NE, ,,2,Injury Collision,Angles,2,0,0,2,1,0,0,2015-08-24T00:00:00.000Z,8/24/2015 1:13:00 PM,Mid-Block (not related to intersection),14.0,"MOTOR VEHICLE STRUCK MOTOR VEHICLE, REAR END",,N,Clear or Partly Cloudy,Dry,Daylight,,,,10,Entering at angle,0,0,N,228.97308299997536,111
101674,-122.32636052429419,47.599192755772975,101675,117502,117502,3334811,Matched,Intersection,30511.0,6TH AVE S AND S JACKSON ST,,,2,Injury Collision,Left Turn,2,0,0,2,1,0,0,2010-02-23T00:00:00.000Z,2/23/2010 1:22:00 PM,At Intersection (intersection related),11.0,"MOTOR VEHICLE STRUCK MOTOR VEHICLE, FRONT END AT ANGLE",,N,Raining,Wet,Daylight,,10054013.0,,28,From opposite direction - one left turn - one straight,0,0,N,1085.7425143551459,627
197672,-122.33249479267565,47.64829499911149,199673,297638,298768,3751356,Matched,Block,,N NORTHLAKE WAY BETWEEN MERIDIAN AVE N AND CORLISS AVE N, ,,1,Property Damage Only Collision,Angles,2,0,0,2,0,0,0,2018-07-17T00:00:00.000Z,7/17/2018 1:20:00 PM,Mid-Block (not related to intersection),11.0,"MOTOR VEHICLE STRUCK MOTOR VEHICLE, FRONT END AT ANGLE",,N,Clear or Partly Cloudy,Dry,Daylight,,,,10,Entering at angle,0,0,N,144.57680193033886,733
134294,-122.31785220926248,47.70856098703935,134295,150065,150085,C765289,Unmatched,Intersection,36501.0,ROOSEVELT WAY NE AND NE NORTHGATE WAY, ,,1,Property Damage Only Collision,,2,0,0,0,0,0,0,2012-05-31T00:00:00.000Z,5/31/2012,At Intersection (intersection related),11.0,"MOTOR VEHICLE STRUCK MOTOR VEHICLE, FRONT END AT ANGLE",,,,,,,,, ,,0,0,N,364.05067354740896,287
63925,-122.33550187647087,47.59962177799056,63926,79418,79418,2908640,Matched,Block,,ALASKAN WY VI NB BETWEEN S ROYAL BROUGHAM WAY ON RP AND SENECA ST OFF RP,,,1,Property Damage Only Collision,Sideswipe,2,0,0,2,0,0,0,2008-05-16T00:00:00.000Z,5/16/2008 9:15:00 AM,Mid-Block (but intersection related),14.0,"MOTOR VEHICLE STRUCK MOTOR VEHICLE, REAR END",,0,Clear or Partly Cloudy,Dry,Daylight,,8137034.0,,11,From same direction - both going straight - both moving - sideswipe,0,0,N,1459.1586072290231,762
174226,-122.32100440462942,47.553351023694255,175227,223343,223623,C810933,Unmatched,Intersection,33100.0,AIRPORT WAY S AND S LUCILE ST, ,,0,Unknown,,0,0,0,0,0,0,0,2016-02-29T00:00:00.000Z,2/29/2016,At Intersection (intersection related),11.0,"MOTOR VEHICLE STRUCK MOTOR VEHICLE, FRONT END AT ANGLE",,,,,,,,, ,,0,0,N,351.5570368498184,202
80160,-122.31785220926248,47.70856098703935,80161,95758,95758,09285033,Unmatched,Intersection,36501.0,ROOSEVELT WAY NE AND NE NORTHGATE WAY,,,0,Unknown,,0,0,0,0,0,0,0,2009-10-12T00:00:00.000Z,10/12/2009,At Intersection (intersection related),14.0,"MOTOR VEHICLE STRUCK MOTOR VEHICLE, REAR END",,,,,,,9285033.0,,,,0,0,N,364.05067354740896,287
93720,-122.37928496688265,47.53526858705771,93721,109205,109205,3330330,Matched,Block,,37TH AVE SW BETWEEN SW WEBSTER ST AND SW AUSTIN ST,,,1,Property Damage Only Collision,Parked Car,2,0,0,2,0,0,0,2010-08-17T00:00:00.000Z,8/17/2010 10:00:00 PM,,0.0,NOT ENOUGH INFORMATION / NOT APPLICABLE,,N,Unknown,Unknown,Unknown,,10229029.0,,32,One parked--one moving,0,0,N,206.9080257067132,51
74334,-122.26202817448211,47.51601143898434,75335,89850,89850,3280482,Matched,Block,,57TH AVE S BETWEEN S ROXBURY W ST AND S PILGRIM ST,,,1,Property Damage Only Collision,Parked Car,2,0,0,2,0,0,0,2008-09-26T00:00:00.000Z,9/26/2008 11:00:00 PM,Mid-Block (not related to intersection),16.0,"MOTOR VEHICLE STRUCK MOTOR VEHICLE, LEFT SIDE SIDESWIPE",,0,Clear or Partly Cloudy,Dry,Unknown,,8270036.0,,32,One parked--one moving,0,0,N,299.9117911435422,213
17427,-122.27931495445819,47.52291799719982,17428,31339,31339,1793009,Matched,Block,,M L KING JR WR WAY S BETWEEN S HENDERSON ST AND S FAIRBANKS ST,,,2,Injury Collision,Rear Ended,11,0,0,3,5,0,0,2004-07-10T00:00:00.000Z,7/10/2004 5:13:00 PM,Mid-Block (not related to intersection),14.0,"MOTOR VEHICLE STRUCK MOTOR VEHICLE, REAR END",,0,Raining,Wet,Daylight,,4192029.0,,14,From same direction - both going straight - one stopped - rear-end,0,0,N,744.5778079719083,401
97856,-122.32505520844575,47.59919075733861,97857,113278,113278,3335280,Matched,Intersection,30512.0,MAYNARD AVE S AND S JACKSON ST, ,,2,Injury Collision,Pedestrian,3,1,0,1,1,0,0,2010-04-14T00:00:00.000Z,4/14/2010 9:47:00 AM,At Intersection (intersection related),24.0,MOTOR VEHCILE STRUCK PEDESTRIAN,,N,Clear or Partly Cloudy,Dry,Daylight,Y,10104001.0,,2,Vehicle turning left hits pedestrian,0,524979,N,994.7560431524437,627
126903,-122.33867743077681,47.556591368817294,127904,145291,145291,3467232,Unmatched,Block,,EAST MARGINAL WAY S BETWEEN S HUDSON ST AND S DAWSON ST, ,,2,Injury Collision,,4,0,0,0,4,0,0,2013-05-01T00:00:00.000Z,5/1/2013,Mid-Block (but intersection related),14.0,"MOTOR VEHICLE STRUCK MOTOR VEHICLE, REAR END",,,,,,,,, ,,0,0,N,1361.890372805594,202
84333,-122.38262015734956,47.668259813977215,84334,100203,100203,3341937,Matched,Block,,RUSSELL AVE NW BETWEEN 20TH AVE NW AND NW MARKET ST,,,1,Property Damage Only Collision,Parked Car,2,0,0,2,0,0,0,2009-12-21T00:00:00.000Z,12/21/2009 5:00:00 PM,,0.0,NOT ENOUGH INFORMATION / NOT APPLICABLE,,0,Unknown,Unknown,Unknown,,9355034.0,,32,One parked--one moving,0,0,N,335.22068052866774,212
169792,-122.27280766193053,47.54247599438079,170793,216174,216454,E524484,Matched,Intersection,34420.0,RAINIER AVE S AND S HOLLY ST, ,,1,Property Damage Only Collision,Angles,2,0,0,2,0,0,0,2016-03-13T00:00:00.000Z,3/13/2016 6:05:00 PM,At Intersection (but not related to intersection),11.0,"MOTOR VEHICLE STRUCK MOTOR VEHICLE, FRONT END AT ANGLE",,N,Raining,Wet,Daylight,,,,10,Entering at angle,0,0,N,193.22945146859422,326
169604,-122.32958081125898,47.54925641369733,170605,216163,216443,3735436,Matched,Block,,4TH AVE S BETWEEN S FIDALGO ST AND S FRONT ST, ,,2,Injury Collision,Rear Ended,3,0,0,2,1,0,0,2016-03-22T00:00:00.000Z,3/22/2016 1:33:00 PM,Mid-Block (but intersection related),14.0,"MOTOR VEHICLE STRUCK MOTOR VEHICLE, REAR END",,N,Clear or Partly Cloudy,Dry,Daylight,,,,14,From same direction - both going straight - one stopped - rear-end,0,0,N,514.7565160967441,202
49023,-122.30635762382904,47.599024660685956,49024,63584,63584,2622187,Matched,Block,,20TH AVE S BETWEEN S JACKSON ST AND S JACKSON PL,,,1,Property Damage Only Collision,Parked Car,2,0,0,2,0,0,0,2006-10-28T00:00:00.000Z,10/28/2006 8:12:00 PM,Mid-Block (not related to intersection),13.0,"MOTOR VEHICLE STRUCK MOTOR VEHICLE, LEFT SIDE AT ANGLE",,0,Clear or Partly Cloudy,Dry,Dark - Street Lights On,,6301025.0,,32,One parked--one moving,0,0,N,211.37320210229478,884
95057,-122.33419497846964,47.59135530965445,94058,108136,108136,3330262,Matched,Block,,1ST AVE S BETWEEN S ROYAL BROUGHAM WAY AND S ATLANTIC ST,,,1,Property Damage Only Collision,Rear Ended,2,0,0,2,0,0,0,2010-04-26T00:00:00.000Z,4/26/2010 4:20:00 PM,Mid-Block (not related to intersection),14.0,"MOTOR VEHICLE STRUCK MOTOR VEHICLE, REAR END",,N,Unknown,Unknown,Unknown,,10116024.0,,14,From same direction - both going straight - one stopped - rear-end,0,0,N,1564.3842250783641,875
148752,-122.3498845298686,47.65088855096808,148753,175526,175546,3695977,Matched,Block,,FREMONT AVE N BETWEEN FREMONT PL N AND N 36TH ST, ,,1,Property Damage Only Collision,Parked Car,2,0,0,2,0,0,0,2014-09-03T00:00:00.000Z,9/3/2014 8:26:00 PM,Mid-Block (not related to intersection),14.0,"MOTOR VEHICLE STRUCK MOTOR VEHICLE, REAR END",,N,Clear or Partly Cloudy,Dry,Dark - Street Lights On,,,,32,One parked--one moving,0,0,N,387.67814978535995,1014
156692,-122.34729431770184,47.64717111937132,155693,188259,188339,3591064,Matched,Block,,AURORA BR BETWEEN RAYE ST AND BRIDGE WAY N, ,,2,Injury Collision,Sideswipe,6,0,0,3,1,0,0,2015-03-24T00:00:00.000Z,3/24/2015 5:00:00 PM,Mid-Block (not related to intersection),11.0,"MOTOR VEHICLE STRUCK MOTOR VEHICLE, FRONT END AT ANGLE",,N,Overcast,Wet,Daylight,,,,11,From same direction - both going straight - both moving - sideswipe,0,0,N,398.52882747946904,962
140741,-122.36147874655657,47.680727575501024,139742,159273,159293,C778934,Unmatched,Intersection,24090.0,4TH AVE NW AND NW 72ND ST, ,,0,Unknown,,0,0,0,0,0,0,0,2013-06-19T00:00:00.000Z,6/19/2013,At Intersection (intersection related),11.0,"MOTOR VEHICLE STRUCK MOTOR VEHICLE, FRONT END AT ANGLE",,,,,,,,, ,,0,0,N,129.98060850786945,1040
163163,-122.36496207383469,47.638676225584405,161164,199310,199450,3732555,Matched,Block,,6TH AVE W BETWEEN W CROCKETT ST AND W MCGRAW ST, ,,1,Property Damage Only Collision,Parked Car,3,0,0,3,0,0,0,2015-08-05T00:00:00.000Z,8/5/2015 1:14:00 AM,Mid-Block (not related to intersection),13.0,"MOTOR VEHICLE STRUCK MOTOR VEHICLE, LEFT SIDE AT ANGLE",,N,Clear or Partly Cloudy,Dry,Dark - Street Lights On,,,,32,One parked--one moving,0,0,N,425.64978859148636,374
73324,-122.27746119629921,47.550804023500916,73325,88094,88094,3279756,Matched,Block,,RAINIER AVE S BETWEEN S ORCAS ST AND S MEAD ST,,,1,Property Damage Only Collision,Rear Ended,5,0,0,4,0,0,0,2008-08-05T00:00:00.000Z,8/5/2008,Mid-Block (but intersection related),14.0,"MOTOR VEHICLE STRUCK MOTOR VEHICLE, REAR END",,0,Clear or Partly Cloudy,Dry,Daylight,,8218021.0,,14,From same direction - both going straight - one stopped - rear-end,0,0,N,162.12432131774352,1005
89243,-122.31366274594356,47.62112746794138,89244,103616,103616,3283587,Matched,Intersection,29036.0,MALDEN AVE E AND E THOMAS ST,,,2,Injury Collision,Pedestrian,2,1,0,1,1,0,0,2009-06-25T00:00:00.000Z,6/25/2009 5:17:00 PM,At Intersection (intersection related),24.0,MOTOR VEHCILE STRUCK PEDESTRIAN,,0,Overcast,Dry,Daylight,Y,9176002.0,,2,Vehicle turning left hits pedestrian,0,0,N,76.90968106956629,827
120491,-122.32768064879758,47.596656745123475,119492,134183,134183,3380819,Matched,Block,,5TH AVE S BETWEEN S WELLER ST AND S DEARBORN ST, ,,2,Injury Collision,Pedestrian,2,1,0,1,1,0,0,2012-07-13T00:00:00.000Z,7/13/2012 5:30:00 PM,Mid-Block (not related to intersection),24.0,MOTOR VEHCILE STRUCK PEDESTRIAN,,N,Clear or Partly Cloudy,Dry,Daylight,Y,12195030.0,,0,Vehicle going straight hits pedestrian,0,522009,N,1214.1214982021902,956
73756,-122.31810011242322,47.61227775556286,73757,89485,89485,2882284,Unmatched,Intersection,29764.0,11TH AVE AND E MADISON ST,,,0,Unknown,,0,0,0,0,0,0,0,2008-06-10T00:00:00.000Z,6/10/2008,At Intersection (intersection related),26.0,MOTOR VEHICLE STRUCK OBJECT IN ROAD,,,,,,,8162003.0,,,,0,0,N,215.92902512439724,837
3655,-122.32791541728706,47.61457623127036,4656,18410,18410,1789957,Matched,Block,,MELROSE AVE BETWEEN PIKE ST AND PINE ST,,,1,Property Damage Only Collision,Parked Car,2,0,0,2,0,0,0,2004-08-13T00:00:00.000Z,8/13/2004 5:15:00 PM,Mid-Block (not related to intersection),11.0,"MOTOR VEHICLE STRUCK MOTOR VEHICLE, FRONT END AT ANGLE",,0,Clear or Partly Cloudy,Dry,Daylight,,4226023.0,,32,One parked--one moving,0,0,N,195.79563122727623,185
10319,-122.31496067475511,47.52346849975576,10320,24406,24406,1781226,Matched,Block,,14TH AVE S BETWEEN S CONCORD ST AND S HENDERSON ST,,,1,Property Damage Only Collision,Other,1,0,0,1,0,0,0,2004-01-24T00:00:00.000Z,1/24/2004 12:43:00 PM,Mid-Block (not related to intersection),28.0,MOTOR VEHICLE RAN OFF ROAD - HIT FIXED OBJECT,,0,Clear or Partly Cloudy,Sand/Mud/Dirt,Daylight,,4024007.0,,50,Fixed object,0,0,N,309.09385415790706,791
10202,-122.3290596721254,47.57404264952782,10203,24101,24101,1785106,Matched,Block,,4TH AVE S BETWEEN S HORTON ST AND S HINDS ST,,,1,Property Damage Only Collision,Other,1,0,0,1,0,0,0,2004-10-23T00:00:00.000Z,10/23/2004 3:56:00 AM,Mid-Block (but intersection related),28.0,MOTOR VEHICLE RAN OFF ROAD - HIT FIXED OBJECT,,0,Clear or Partly Cloudy,Dry,Dark - Street Lights On,,4297006.0,,50,Fixed object,0,0,N,1081.196613960292,178
27512,-122.31236367597435,47.7035199564639,27513,41272,41272,1796708,Matched,Block,,15TH AVE NE BETWEEN NE 103RD ST AND NE 104TH ST,,,2,Injury Collision,Rear Ended,2,0,0,2,1,0,0,2005-06-22T00:00:00.000Z,6/22/2005 2:18:00 PM,Mid-Block (not related to intersection),14.0,"MOTOR VEHICLE STRUCK MOTOR VEHICLE, REAR END",,0,Raining,Wet,Daylight,,5173048.0,,14,From same direction - both going straight - one stopped - rear-end,0,0,N,210.49434544786772,510
39273,-122.2910133420095,47.56884027863335,38274,52390,52390,2279693,Matched,Block,,LETITIA AVE S BETWEEN S CHARLESTOWN ST AND 34TH AVE S,,,1,Property Damage Only Collision,Parked Car,2,0,0,2,0,0,0,2006-04-26T00:00:00.000Z,4/26/2006 4:00:00 PM,Mid-Block (not related to intersection),12.0,"MOTOR VEHICLE STRUCK MOTOR VEHICLE, RIGHT SIDE AT ANGLE",,0,Unknown,Unknown,Daylight,,6116034.0,,32,One parked--one moving,0,0,N,380.1548634838501,485
87961,-122.33876149147996,47.56264447021489,86962,101455,101455,3279574,Matched,Block,,DIAGONAL AVE S BETWEEN OHIO AVE S AND EAST MARGINAL WAY S,,,1,Property Damage Only Collision,Other,2,0,0,2,0,0,0,2009-07-25T00:00:00.000Z,7/25/2009 1:48:00 PM,Mid-Block (not related to intersection),11.0,"MOTOR VEHICLE STRUCK MOTOR VEHICLE, FRONT END AT ANGLE",,0,Clear or Partly Cloudy,Dry,Daylight,,9206026.0,,23,From same direction - all others,0,0,N,1699.0004498544747,756
181028,-122.3359757939518,47.60776317694084,181029,235199,235630,3746129,Matched,Intersection,29601.0,3RD AVE AND UNIVERSITY ST, ,,2,Injury Collision,Pedestrian,2,1,0,1,1,0,0,2017-01-26T00:00:00.000Z,1/26/2017 4:17:00 PM,At Intersection (intersection related),24.0,MOTOR VEHCILE STRUCK PEDESTRIAN,,N,Clear or Partly Cloudy,Dry,Daylight,,,,0,Vehicle going straight hits pedestrian,0,521569,N,883.2062532779026,688
31452,-122.3130741604038,47.664900723928135,32453,46711,46711,1796578,Matched,Intersection,25793.0,UNIVERSITY WAY NE AND NE 50TH ST,,,2,Injury Collision,Cycles,2,0,1,1,1,0,0,2005-03-22T00:00:00.000Z,3/22/2005 9:50:00 AM,At Intersection (intersection related),51.0,PEDALCYCLIST STRUCK MOTOR VEHICLE FRONT END AT ANGLE,,0,Clear or Partly Cloudy,Dry,Daylight,,5081004.0,,45,Vehicle - Pedalcyclist,0,0,N,235.4369635621567,268
189676,-122.34200043831821,47.60953241312666,189677,249843,250443,E670957,Unmatched,Block,,PIKE PL BETWEEN PINE ST AND STEWART ST,NEI,"Not Enough Information, or Insufficient Location Information",0,Unknown,,2,0,0,0,0,0,0,2017-05-08T00:00:00.000Z,5/8/2017,Mid-Block (not related to intersection),0.0,NOT ENOUGH INFORMATION / NOT APPLICABLE,,,,,,,,, ,,0,0,N,1198.6499411450313,185
97049,-122.29676404227257,47.60265590157203,97050,114001,114001,3199608,Matched,Intersection,30572.0,M L KING JR WAY AND E FIR ST,,,1,Property Damage Only Collision,Angles,2,0,0,2,0,0,0,2010-03-17T00:00:00.000Z,3/17/2010 3:51:00 PM,At Intersection (intersection related),11.0,"MOTOR VEHICLE STRUCK MOTOR VEHICLE, FRONT END AT ANGLE",,N,Clear or Partly Cloudy,Dry,Daylight,,10076006.0,,10,Entering at angle,0,0,N,82.27931277252088,421
126265,-122.38343219121593,47.673828358511756,127266,141919,141919,3551034,Matched,Block,,NW 62ND ST BETWEEN 20TH AVE NW AND 22ND AVE NW,,,1,Property Damage Only Collision,Parked Car,4,0,0,4,0,0,0,2012-06-01T00:00:00.000Z,6/1/2012 11:41:00 PM,Mid-Block (but intersection related),14.0,"MOTOR VEHICLE STRUCK MOTOR VEHICLE, REAR END",,N,Raining,Wet,Dark - Street Lights On,,12153025.0,,32,One parked--one moving,0,0,N,98.29377823885505,355
19169,-122.34009165149706,47.60554374787735,19170,32989,32989,2071910,Matched,Block,,ALASKAN WAY BETWEEN SENECA ST AND UNIVERSITY ST,,,1,Property Damage Only Collision,Other,3,0,0,2,0,0,0,2005-12-09T00:00:00.000Z,12/9/2005,Driveway Junction,11.0,"MOTOR VEHICLE STRUCK MOTOR VEHICLE, FRONT END AT ANGLE",,0,Clear or Partly Cloudy,Dry,Dark - Street Lights On,,5343005.0,,21,One car entering driveway access,0,0,N,1277.0860002219947,688
6481,-122.29047889292364,47.68304823512097,6482,20415,20415,1774260,Matched,Intersection,24933.0,35TH AVE NE AND NE 75TH ST,,,1,Property Damage Only Collision,Angles,4,0,0,2,0,0,0,2004-07-19T00:00:00.000Z,7/19/2004 4:00:00 PM,At Intersection (intersection related),11.0,"MOTOR VEHICLE STRUCK MOTOR VEHICLE, FRONT END AT ANGLE",,0,Clear or Partly Cloudy,Dry,Daylight,,4201014.0,,10,Entering at angle,0,0,N,214.51375720255635,540
28282,-122.33917357123379,47.61372706928747,28283,42367,42367,1777194,Matched,Intersection,29549.0,5TH AVE AND VIRGINIA ST,,,1,Property Damage Only Collision,Left Turn,2,0,0,2,0,0,0,2005-04-12T00:00:00.000Z,4/12/2005 4:52:00 PM,At Intersection (intersection related),11.0,"MOTOR VEHICLE STRUCK MOTOR VEHICLE, FRONT END AT ANGLE",,0,Clear or Partly Cloudy,Dry,Daylight,,5102003.0,,15,From same direction - one left turn - one straight,0,0,N,927.8546448033271,185
46828,-122.35497845233259,47.65415267596368,46829,61492,61492,2025598,Matched,Block,,N 39TH ST BETWEEN GREENWOOD AVE N AND PHINNEY AVE N,,,1,Property Damage Only Collision,Sideswipe,2,0,0,2,0,0,0,2006-06-08T00:00:00.000Z,6/8/2006,Mid-Block (not related to intersection),16.0,"MOTOR VEHICLE STRUCK MOTOR VEHICLE, LEFT SIDE SIDESWIPE",,0,Overcast,Wet,Dark - Street Lights On,,6159033.0,,26,From opposite direction - both going straight - sideswipe,0,0,N,401.6913574242686,570
60428,-122.34506031416984,47.61614381099193,60429,75034,75034,2805632,Matched,Block,,BATTERY ST TUNNEL NB BETWEEN ALASKAN WY VI NB AND AURORA AVE N,,,1,Property Damage Only Collision,Other,1,0,0,1,0,0,0,2007-04-13T00:00:00.000Z,4/13/2007 12:37:00 AM,Mid-Block (not related to intersection),26.0,MOTOR VEHICLE STRUCK OBJECT IN ROAD,,0,Clear or Partly Cloudy,Dry,Dark - Street Lights On,,7103007.0,,50,Fixed object,0,0,N,1191.7217315781543,422
30881,-122.34067643596701,47.66031507141269,31882,45916,45916,2025182,Matched,Block,,INTERLAKE AVE N BETWEEN N 44TH ST AND N ALLEN PL,,,1,Property Damage Only Collision,Parked Car,2,0,0,2,0,0,0,2005-06-03T00:00:00.000Z,6/3/2005,Mid-Block (not related to intersection),16.0,"MOTOR VEHICLE STRUCK MOTOR VEHICLE, LEFT SIDE SIDESWIPE",,0,Clear or Partly Cloudy,Dry,Daylight,,5154013.0,,20,One car leaving parked position,0,0,N,126.71921967373862,650
94903,-122.29579224387709,47.56241993822186,95904,111669,111669,3384214,Matched,Intersection,32488.0,29TH AVE S AND S COLUMBIAN WAY,,,2,Injury Collision,Angles,5,0,0,2,1,0,0,2010-06-01T00:00:00.000Z,6/1/2010 8:52:00 AM,At Intersection (intersection related),14.0,"MOTOR VEHICLE STRUCK MOTOR VEHICLE, REAR END",,N,Clear or Partly Cloudy,Dry,Daylight,,10152013.0,,10,Entering at angle,0,0,N,296.64149230791736,896