,X,Y,OBJECTID,INCKEY,COLDETKEY,REPORTNO,STATUS,ADDRTYPE,INTKEY,LOCATION,EXCEPTRSNCODE,EXCEPTRSNDESC,SEVERITYCODE,SEVERITYDESC,COLLISIONTYPE,PERSONCOUNT,PEDCOUNT,PEDCYLCOUNT,VEHCOUNT,INJURIES,SERIOUSINJURIES,FATALITIES,INCDATE,INCDTTM,JUNCTIONTYPE,SDOT_COLCODE,SDOT_COLDESC,INATTENTIONIND,UNDERINFL,WEATHER,ROADCOND,LIGHTCOND,PEDROWNOTGRNT,SDOTCOLNUM,SPEEDING,ST_COLCODE,ST_COLDESC,SEGLANEKEY,CROSSWALKKEY,HITPARKEDCAR,CLOSEST_CIRCLE_DIST,CLOSEST_CIRCLE_INDEX
67114,-122.30106063216387,47.59928514940186,67115,81562,81562,2898082,Matched,Block,,S JACKSON ST BETWEEN 23RD AVE S AND 25TH AVE S,,,1,Property Damage Only Collision,Other,2,0,0,2,0,0,0,2008-06-26T00:00:00.000Z,6/26/2008 3:46:00 PM,Driveway Junction,11.0,"MOTOR VEHICLE STRUCK MOTOR VEHICLE, FRONT END AT ANGLE",,0,Clear or Partly Cloudy,Dry,Daylight,,8178028.0,,22,One car leaving driveway access,0,0,N,157.59387787006787,319
46316,-122.28914022851316,47.533059442170774,46317,60948,60948,2610822,Matched,Intersection,34584.0,BEACON WR AVE S AND S PORTLAND ST,,,1,Property Damage Only Collision,Other,1,0,0,1,0,0,0,2006-11-03T00:00:00.000Z,11/3/2006,At Intersection (intersection related),28.0,MOTOR VEHICLE RAN OFF ROAD - HIT FIXED OBJECT,,0,Raining,Wet,Dark - Street Lights On,,6307001.0,,50,Fixed object,0,0,N,292.51834885657865,994
200201,-122.36069501562177,47.675996454063714,198202,290461,291341,E804114,Matched,Intersection,25243.0,3RD AVE NW AND NW 65TH ST, ,,1,Property Damage Only Collision,Angles,2,0,0,2,0,0,0,2018-06-02T00:00:00.000Z,6/2/2018 10:44:00 AM,At Intersection (intersection related),11.0,"MOTOR VEHICLE STRUCK MOTOR VEHICLE, FRONT END AT ANGLE",,N,Clear or Partly Cloudy,Dry,Daylight,,,,10,Entering at angle,0,0,N,206.7004457802195,832
105781,-122.3259766746081,47.579809325300246,105782,121893,121893,2570379,Unmatched,Intersection,31368.0,6TH AVE S AND S LANDER ST,,,0,Unknown,,0,0,0,0,0,0,0,2011-09-14T00:00:00.000Z,9/14/2011,,0.0,NOT ENOUGH INFORMATION / NOT APPLICABLE,,,,,,,11257037.0,,,,0,0,N,850.0978104297212,818
30172,-122.32904689956757,47.59538834052639,31173,45089,45089,2026926,Matched,Block,,4TH AVE S BETWEEN SEATTLE BLVD S AND I90 WB 4TH AV OFF RP,,,1,Property Damage Only Collision,Rear Ended,3,0,0,2,0,0,0,2005-07-25T00:00:00.000Z,7/25/2005 6:00:00 PM,Mid-Block (but intersection related),14.0,"MOTOR VEHICLE STRUCK MOTOR VEHICLE, REAR END",,0,Clear or Partly Cloudy,Dry,Daylight,,5206007.0,,14,From same direction - both going straight - one stopped - rear-end,0,0,N,1323.3422607707141,900
47318,-122.33418494107828,47.60004422739966,47319,61982,61982,2607254,Matched,Intersection,30364.0,1ST AVE S AND S MAIN ST,,,1,Property Damage Only Collision,Sideswipe,2,0,0,2,0,0,0,2006-07-07T00:00:00.000Z,7/7/2006,At Intersection (intersection related),11.0,"MOTOR VEHICLE STRUCK MOTOR VEHICLE, FRONT END AT ANGLE",,0,Clear or Partly Cloudy,Dry,Daylight,,6188045.0,,71,Same direction -- both turning right -- both moving -- sideswipe,0,0,N,1366.1005279711092,762
50522,-122.34507706607742,47.732309660339645,50523,65136,65136,2795724,Matched,Intersection,35721.0,AURORA AVE N AND N 143RD ST,,,1,Property Damage Only Collision,Sideswipe,4,0,0,2,0,0,0,2007-11-16T00:00:00.000Z,11/16/2007 7:11:00 PM,At Intersection (intersection related),11.0,"MOTOR VEHICLE STRUCK MOTOR VEHICLE, FRONT END AT ANGLE",,0,Overcast,Wet,Dark - Street Lights On,,7320037.0,,71,Same direction -- both turning right -- both moving -- sideswipe,0,0,N,405.7218717957406,337
202458,-122.35986817664728,47.51736246464586,202269,305612,306892,3591223,Unmatched,Block,,SW ROXBURY ST BETWEEN 20TH AVE SW AND 21ST AVE SW, ,,2,Injury Collision,,4,0,0,0,4,0,0,2018-10-13T00:00:00.000Z,10/13/2018,Mid-Block (not related to intersection),14.0,"MOTOR VEHICLE STRUCK MOTOR VEHICLE, REAR END",,,,,,,,, ,,0,0,N,210.2365135253547,78
133732,-122.30360492036249,47.614116233106,133733,150394,150414,C777617,Unmatched,Block,,22ND AVE BETWEEN E UNION ST AND E PINE ST, ,,0,Unknown,,0,0,0,0,0,0,0,2013-05-12T00:00:00.000Z,5/12/2013,Mid-Block (not related to intersection),0.0,NOT ENOUGH INFORMATION / NOT APPLICABLE,,,,,,,,, ,,0,0,N,131.86803203222328,710
175196,-122.28347867534218,47.66850834676453,176197,226872,227212,3769882,Matched,Block,,NE 55TH ST BETWEEN 40TH AVE NE AND 43RD AVE NE, ,,2,Injury Collision,Angles,4,0,0,3,1,0,0,2016-08-16T00:00:00.000Z,8/16/2016 5:51:00 PM,Driveway Junction,11.0,"MOTOR VEHICLE STRUCK MOTOR VEHICLE, FRONT END AT ANGLE",,N,Clear or Partly Cloudy,Dry,Daylight,,,,10,Entering at angle,0,0,N,391.99427685185896,152
102759,-122.31936882298204,47.612177378335325,102760,117431,117431,3207746,Matched,Intersection,29766.0,10TH AVE AND E SENECA ST,,,2,Injury Collision,Angles,7,0,0,2,1,0,0,2010-03-28T00:00:00.000Z,3/28/2010 2:30:00 AM,At Intersection (intersection related),11.0,"MOTOR VEHICLE STRUCK MOTOR VEHICLE, FRONT END AT ANGLE",,Y,Raining,Wet,Dark - Street Lights On,,10087003.0,,10,Entering at angle,0,0,N,303.8364716289439,837
187685,-122.30605608272526,47.619943729476184,186686,246763,247343,3773976,Matched,Block,,20TH AVE E BETWEEN E JOHN S ST AND E JOHN SR ST, ,,2,Injury Collision,Pedestrian,0,1,0,1,1,0,0,2017-08-18T00:00:00.000Z,8/18/2017 3:13:00 PM,Mid-Block (not related to intersection),24.0,MOTOR VEHCILE STRUCK PEDESTRIAN,,N,Clear or Partly Cloudy,Dry,Daylight,,,,0,Vehicle going straight hits pedestrian,0,0,N,244.22341513419192,580
180979,-122.35530634648184,47.69150543506142,180980,233538,233938,3767571,Matched,Block,,GREENWOOD AVE N BETWEEN N 85TH ST AND N 87TH ST, ,,2,Injury Collision,Pedestrian,3,1,0,1,1,0,0,2017-01-07T00:00:00.000Z,1/7/2017 5:14:00 PM,Mid-Block (not related to intersection),24.0,MOTOR VEHCILE STRUCK PEDESTRIAN,,N,Clear or Partly Cloudy,Dry,Dusk,,,,0,Vehicle going straight hits pedestrian,0,0,N,144.28529476061772,398
136099,-122.34398387259355,47.73231008191894,135100,153142,153162,3572932,Matched,Intersection,35720.0,MIDVALE AVE N AND N 143RD ST, ,,1,Property Damage Only Collision,Angles,5,0,0,2,0,0,0,2013-09-01T00:00:00.000Z,9/1/2013 7:18:00 PM,At Intersection (intersection related),11.0,"MOTOR VEHICLE STRUCK MOTOR VEHICLE, FRONT END AT ANGLE",,N,Clear or Partly Cloudy,Dry,Daylight,,,,10,Entering at angle,0,0,N,323.720773467529,337
169689,-122.30171927142406,47.601666112723905,170690,216584,216864,3737949,Matched,Block,,E YESLER WAY BETWEEN 23RD AVE AND 24TH AVE, ,,1,Property Damage Only Collision,Sideswipe,2,0,0,2,0,0,0,2016-03-28T00:00:00.000Z,3/28/2016 4:21:00 PM,Mid-Block (not related to intersection),14.0,"MOTOR VEHICLE STRUCK MOTOR VEHICLE, REAR END",,N,Clear or Partly Cloudy,Dry,Daylight,,,,11,From same direction - both going straight - both moving - sideswipe,0,0,N,120.91855508202168,124
1219,-122.32080786644516,47.61581794679922,2220,169200,169220,3701739,Matched,Block,,BROADWAY BETWEEN E PINE ST AND XW E OLIVE ST, ,,2,Injury Collision,Cycles,1,0,1,0,1,0,0,2014-06-04T00:00:00.000Z,6/4/2014 8:45:00 AM,Mid-Block (not related to intersection),69.0,PEDALCYCLIST OVERTURNED IN ROAD,,N,Clear or Partly Cloudy,Dry,Daylight,,,,45,Vehicle - Pedalcyclist,6853,0,N,276.78519370700803,107
76676,-122.3405191628994,47.63727077554583,76677,91918,91918,2906886,Matched,Block,,WESTLAKE AVE N BETWEEN NEWTON ST AND CROCKETT ST,,,2,Injury Collision,Other,3,0,0,2,1,0,0,2008-02-02T00:00:00.000Z,2/2/2008,Mid-Block (not related to intersection),14.0,"MOTOR VEHICLE STRUCK MOTOR VEHICLE, REAR END",Y,0,Overcast,Dry,Daylight,,8033014.0,,21,One car entering driveway access,0,0,N,745.336194743929,607
149931,-122.31741844299921,47.61258274269893,149932,177662,177682,3476459,Matched,Block,,E MADISON ST BETWEEN 11TH AVE AND 12TH AVE, ,,1,Property Damage Only Collision,Rear Ended,3,0,0,3,0,0,0,2014-10-17T00:00:00.000Z,10/17/2014 7:24:00 PM,Mid-Block (but intersection related),14.0,"MOTOR VEHICLE STRUCK MOTOR VEHICLE, REAR END",Y,N,Raining,Wet,Dark - Street Lights On,,,,14,From same direction - both going straight - one stopped - rear-end,0,0,N,187.82485927648776,837
107336,-122.33373130009994,47.59031234791596,107337,122753,122753,3562640,Matched,Block,,EDGAR MARTINEZ DR S BETWEEN 1ST AVE S AND OCCIDENTAL AVE S,,,1,Property Damage Only Collision,Right Turn,2,0,0,2,0,0,0,2011-07-14T00:00:00.000Z,7/14/2011 4:34:00 PM,Mid-Block (not related to intersection),14.0,"MOTOR VEHICLE STRUCK MOTOR VEHICLE, REAR END",,N,Clear or Partly Cloudy,Dry,Daylight,,11195017.0,,16,From same direction - one right turn - one straight,0,0,N,1480.2270401461715,875
47792,-122.33421214998212,47.54937951385586,47793,62352,62352,2060159,Matched,Block,,1ST AVE S BETWEEN S FIDALGO ST AND EAST MARGINAL WAY S,,,1,Property Damage Only Collision,Other,2,0,0,2,0,0,0,2006-05-19T00:00:00.000Z,5/19/2006 5:02:00 PM,Driveway Junction,11.0,"MOTOR VEHICLE STRUCK MOTOR VEHICLE, FRONT END AT ANGLE",Y,0,Raining,Wet,Daylight,,6139029.0,,22,One car leaving driveway access,0,0,N,853.7535544969843,202
95395,-122.35440495238127,47.62893840391922,94396,108694,108694,3328663,Matched,Block,,PROSPECT ST BETWEEN PROSPECT NR ST AND WARREN AVE N,,,1,Property Damage Only Collision,Parked Car,2,0,0,2,0,0,0,2010-05-19T00:00:00.000Z,5/19/2010 7:43:00 PM,Mid-Block (not related to intersection),14.0,"MOTOR VEHICLE STRUCK MOTOR VEHICLE, REAR END",,N,Raining,Wet,Daylight,,10139003.0,,32,One parked--one moving,0,0,N,367.2451020618303,663
87750,-122.334190237251,47.7250299584291,86751,102119,102119,3277116,Matched,Intersection,35953.0,MERIDIAN AVE N AND N 133RD ST,,,1,Property Damage Only Collision,Angles,3,0,0,2,0,0,0,2009-11-13T00:00:00.000Z,11/13/2009 8:10:00 PM,At Intersection (intersection related),11.0,"MOTOR VEHICLE STRUCK MOTOR VEHICLE, FRONT END AT ANGLE",,0,Overcast,Wet,Dark - Street Lights On,,9317036.0,,10,Entering at angle,0,0,N,282.33251823526876,669
150369,-122.32586613860953,47.61633981793814,151370,178839,178879,3588565,Matched,Block,,E OLIVE ST BETWEEN CRAWFORD PL AND SUMMIT AVE,NEI,"Not Enough Information, or Insufficient Location Information",1,Property Damage Only Collision,Parked Car,2,0,0,2,0,0,0,2014-10-24T00:00:00.000Z,10/24/2014 6:00:00 PM,,0.0,NOT ENOUGH INFORMATION / NOT APPLICABLE,,N,Unknown,Unknown,Unknown,,,,32,One parked--one moving,0,0,N,24.290159268176627,55
85989,-122.35542417091163,47.62210319148078,85990,99085,99085,3326904,Matched,Intersection,28924.0,1ST AVE N AND HARRISON ST,,,1,Property Damage Only Collision,Left Turn,4,0,0,2,0,0,0,2009-07-10T00:00:00.000Z,7/10/2009 10:04:00 PM,At Intersection (intersection related),11.0,"MOTOR VEHICLE STRUCK MOTOR VEHICLE, FRONT END AT ANGLE",,0,Clear or Partly Cloudy,Dry,Dark - Street Lights On,,9191033.0,,15,From same direction - one left turn - one straight,0,0,N,552.7027869785975,663
144641,-122.28963871477272,47.668511426643114,142642,162522,162542,3587052,Matched,Block,,NE 55TH ST BETWEEN 35TH AVE NE AND 36TH AVE NE, ,,1,Property Damage Only Collision,Parked Car,2,0,0,2,0,0,0,2014-02-14T00:00:00.000Z,2/14/2014 3:11:00 PM,Mid-Block (not related to intersection),14.0,"MOTOR VEHICLE STRUCK MOTOR VEHICLE, REAR END",,N,Clear or Partly Cloudy,Dry,Daylight,,,,32,One parked--one moving,0,0,N,238.51828330760088,152
62606,-122.32618522165113,47.70861294129789,62607,77008,77008,2802743,Matched,Block,,NE NORTHGATE WAY BETWEEN NE NORTHGATE DR AND 3RD AVE NE,,,2,Injury Collision,Rear Ended,2,0,0,2,1,0,0,2007-07-20T00:00:00.000Z,7/20/2007 11:54:00 AM,Mid-Block (but intersection related),14.0,"MOTOR VEHICLE STRUCK MOTOR VEHICLE, REAR END",Y,0,Raining,Wet,Daylight,,7201033.0,,14,From same direction - both going straight - one stopped - rear-end,0,0,N,564.21559957269,265
197456,-122.29192339445372,47.57743224401322,199457,300364,301564,E824385,Matched,Block,,32ND AVE S BETWEEN S MCCLELLAN ST AND S MOUNT BAKER WB BV, ,,2,Injury Collision,Parked Car,2,0,0,2,1,0,0,2018-07-29T00:00:00.000Z,7/29/2018 5:00:00 PM,Mid-Block (not related to intersection),14.0,"MOTOR VEHICLE STRUCK MOTOR VEHICLE, REAR END",,N,Clear or Partly Cloudy,Dry,Daylight,,,,32,One parked--one moving,0,0,Y,301.1752458563099,434
141238,-122.34272951415736,47.540680044812746,141239,164782,164802,3571328,Matched,Block,,WEST MARGINAL WAY SW BETWEEN SW FRONT ST AND HIGHLAND PARK WAY SW, ,,2,Injury Collision,Other,1,0,0,1,1,0,0,2014-03-21T00:00:00.000Z,3/21/2014 3:19:00 PM,Mid-Block (not related to intersection),28.0,MOTOR VEHICLE RAN OFF ROAD - HIT FIXED OBJECT,,N,Unknown,Dry,Daylight,,,,51,Other object,0,0,N,692.9167262613587,541
120116,-122.29282987131462,47.57332856475954,119117,134163,134163,3551878,Matched,Intersection,32415.0,WETMORE AVE S AND S WALDEN ST,,,1,Property Damage Only Collision,Angles,2,0,0,2,0,0,0,2012-02-24T00:00:00.000Z,2/24/2012 2:00:00 PM,At Intersection (intersection related),11.0,"MOTOR VEHICLE STRUCK MOTOR VEHICLE, FRONT END AT ANGLE",,N,Unknown,Unknown,Daylight,,12055039.0,,10,Entering at angle,0,0,N,128.14178723970005,977
42008,-122.29615557082927,47.616454639876004,42009,56201,56201,2620420,Matched,Intersection,29994.0,M L KING JR WAY AND E OLIVE ST,,,1,Property Damage Only Collision,Angles,3,0,0,2,0,0,0,2006-08-03T00:00:00.000Z,8/3/2006,At Intersection (intersection related),11.0,"MOTOR VEHICLE STRUCK MOTOR VEHICLE, FRONT END AT ANGLE",,0,Clear or Partly Cloudy,Dry,Daylight,,6215011.0,,10,Entering at angle,0,0,N,162.95464410655853,645
201301,-122.31197952257645,47.66217143257346,201112,306204,307484,3695673,Unmatched,Block,,15TH AVE NE BETWEEN NE 45TH ST AND NE 47TH ST, ,,1,Property Damage Only Collision,,2,0,0,0,0,0,0,2018-10-29T00:00:00.000Z,10/29/2018,Mid-Block (not related to intersection),14.0,"MOTOR VEHICLE STRUCK MOTOR VEHICLE, REAR END",,,,,,,,, ,,0,0,Y,480.89943044396733,389
91538,-122.32636549333736,47.59793585436032,91539,106314,106314,3208103,Matched,Block,,6TH AVE S BETWEEN S KING ST AND S WELLER ST,,,1,Property Damage Only Collision,Rear Ended,3,0,0,2,0,0,0,2009-02-12T00:00:00.000Z,2/12/2009 5:35:00 PM,Mid-Block (but intersection related),14.0,"MOTOR VEHICLE STRUCK MOTOR VEHICLE, REAR END",,0,Clear or Partly Cloudy,Dry,Dusk,,9043025.0,,14,From same direction - both going straight - one stopped - rear-end,0,0,N,1112.73132088892,52
95783,-122.2892206200343,47.661150502648155,94784,108854,108854,10016023,Unmatched,Intersection,27400.0,36TH AVE NE AND NE 45TH ST,,,0,Unknown,,0,0,0,0,0,0,0,2010-01-16T00:00:00.000Z,1/16/2010,At Intersection (intersection related),14.0,"MOTOR VEHICLE STRUCK MOTOR VEHICLE, REAR END",,,,,,,10016023.0,,,,0,0,N,102.71543320179376,310
71058,-122.393705442009,47.68676752208962,70059,85713,85713,3276878,Matched,Block,,NW 80TH ST BETWEEN LOYAL WAY NW AND 29TH AVE NW,,,2,Injury Collision,Parked Car,2,0,0,2,1,0,0,2008-07-23T00:00:00.000Z,7/23/2008 8:53:00 PM,Mid-Block (not related to intersection),14.0,"MOTOR VEHICLE STRUCK MOTOR VEHICLE, REAR END",Y,1,Clear or Partly Cloudy,Dry,Dusk,,8205023.0,,32,One parked--one moving,0,0,N,210.11533994530782,324
89061,-122.30556231313169,47.58295569262807,89062,104416,104416,3282182,Matched,Intersection,31577.0,21ST AVE S AND S COLLEGE ST,,,2,Injury Collision,Cycles,2,0,1,1,1,0,0,2009-01-06T00:00:00.000Z,1/6/2009,At Intersection (intersection related),18.0,"MOTOR VEHICLE STRUCK PEDALCYCLIST, FRONT END AT ANGLE",,0,Raining,Wet,Daylight,Y,9006018.0,Y,45,Vehicle - Pedalcyclist,38190,0,N,79.07842759042045,476
176611,-122.32139274388992,47.586298631517856,174612,225001,225301,E3564683,Unmatched,Block,,AIRPORT WAY S BETWEEN S HOLGATE N ST AND S HOLGATE S ST,NEI,"Not Enough Information, or Insufficient Location Information",0,Unknown,,0,0,0,0,0,0,0,2016-07-14T00:00:00.000Z,7/14/2016,Mid-Block (not related to intersection),11.0,"MOTOR VEHICLE STRUCK MOTOR VEHICLE, FRONT END AT ANGLE",,,,,,,,, ,,0,0,Y,450.44261709467224,875
197438,-122.37343100187731,47.69062367139858,199439,291138,292018,3751211,Matched,Block,,NW 85TH ST BETWEEN 13TH AVE NW AND 14TH AVE NW, ,,1,Property Damage Only Collision,Parked Car,2,0,0,2,0,0,0,2018-06-06T00:00:00.000Z,6/6/2018 7:26:00 AM,Mid-Block (not related to intersection),11.0,"MOTOR VEHICLE STRUCK MOTOR VEHICLE, FRONT END AT ANGLE",,N,Clear or Partly Cloudy,Dry,Daylight,,,,20,One car leaving parked position,0,0,N,216.13141907544093,341
90430,-122.31678184867359,47.602188270464296,90431,103293,103293,3199032,Matched,Block,,12TH AVE BETWEEN E YESLER WAY AND E FIR ST,,,1,Property Damage Only Collision,Sideswipe,2,0,0,2,0,0,0,2009-08-11T00:00:00.000Z,8/11/2009 4:20:00 PM,Mid-Block (not related to intersection),11.0,"MOTOR VEHICLE STRUCK MOTOR VEHICLE, FRONT END AT ANGLE",Y,0,Clear or Partly Cloudy,Dry,Daylight,,9223015.0,,12,From same direction - both going straight - one stopped - sideswipe,0,0,N,298.9045369893489,627
145068,-122.27002091736999,47.51715140586948,145069,168623,168643,3581303,Matched,Intersection,35485.0,51ST AVE S AND RENTON AVE S, ,,1,Property Damage Only Collision,Angles,3,0,0,2,0,0,0,2014-05-31T00:00:00.000Z,5/31/2014 1:38:00 PM,At Intersection (intersection related),11.0,"MOTOR VEHICLE STRUCK MOTOR VEHICLE, FRONT END AT ANGLE",Y,N,Clear or Partly Cloudy,Dry,Daylight,,,,10,Entering at angle,0,0,N,581.7266910494184,60
179614,-122.32752696231914,47.70862159176301,177615,229440,229800,E595292,Matched,Block,,NE NORTHGATE WAY BETWEEN 1ST AVE NE AND NE NORTHGATE DR, ,,1,Property Damage Only Collision,Sideswipe,2,0,0,2,0,0,0,2016-10-08T00:00:00.000Z,10/8/2016 5:18:00 PM,Mid-Block (not related to intersection),11.0,"MOTOR VEHICLE STRUCK MOTOR VEHICLE, FRONT END AT ANGLE",Y,N,Raining,Wet,Daylight,,,,11,From same direction - both going straight - both moving - sideswipe,0,0,N,499.0763071916035,265
184063,-122.40813270293579,47.567086341800305,184064,237233,237673,E585188,Unmatched,Block,,CHILBERG AVE SW BETWEEN SW CARROLL ST AND 58TH PL SW,NEI,"Not Enough Information, or Insufficient Location Information",0,Unknown,,0,0,0,0,0,0,0,2016-09-10T00:00:00.000Z,9/10/2016,,0.0,NOT ENOUGH INFORMATION / NOT APPLICABLE,,,,,,,,, ,,0,0,Y,805.1829902352613,709
66612,-122.33287520711164,47.6013025275984,66613,81660,81660,3288635,Matched,Block,,OCCIDENTAL AVE S BETWEEN YESLER WAY AND S WASHINGTON ST,,,1,Property Damage Only Collision,Other,2,0,0,2,0,0,0,2008-10-26T00:00:00.000Z,10/26/2008 1:58:00 AM,Driveway Junction,14.0,"MOTOR VEHICLE STRUCK MOTOR VEHICLE, REAR END",Y,0,Clear or Partly Cloudy,Dry,Dark - Street Lights On,,8300014.0,,22,One car leaving driveway access,0,0,N,1195.3953173790183,762
173869,-122.33844845839597,47.60878749220817,173870,223815,224095,E561472,Unmatched,Block,,2ND AVE BETWEEN UNION ST AND PIKE ST,NEI,"Not Enough Information, or Insufficient Location Information",1,Property Damage Only Collision,,2,0,0,0,0,0,0,2016-07-02T00:00:00.000Z,7/2/2016,Mid-Block (not related to intersection),0.0,NOT ENOUGH INFORMATION / NOT APPLICABLE,,,,,,,,, ,,0,0,N,985.4194341872585,185
82819,-122.27265633066268,47.53209338292349,83820,98401,98401,C721755,Matched,Block,,48TH AVE S BETWEEN S CHICAGO ST AND S KENYON ST,,,1,Property Damage Only Collision,Angles,2,0,0,2,0,0,0,2009-06-06T00:00:00.000Z,6/6/2009,Mid-Block (not related to intersection),11.0,"MOTOR VEHICLE STRUCK MOTOR VEHICLE, FRONT END AT ANGLE",,0,Clear or Partly Cloudy,Dry,Daylight,,9157035.0,,10,Entering at angle,0,0,N,58.91733398577398,748
147633,-122.37677695909755,47.682308411960314,146634,170580,170600,3587657,Matched,Block,,15TH AVE NW BETWEEN NW 73RD ST AND NW 75TH ST, ,,2,Injury Collision,Cycles,3,0,1,1,1,0,0,2014-06-25T00:00:00.000Z,6/25/2014 5:01:00 PM,Driveway Junction,18.0,"MOTOR VEHICLE STRUCK PEDALCYCLIST, FRONT END AT ANGLE",Y,N,Clear or Partly Cloudy,Dry,Daylight,,,,45,Vehicle - Pedalcyclist,18388,0,N,130.46100538437642,141
105454,-122.33119572117634,47.618389945221786,105455,119266,119266,C748463,Unmatched,Block,,YALE AVE BETWEEN STEWART ST AND DENNY WAY,,,0,Unknown,,0,0,0,0,0,0,0,2011-03-05T00:00:00.000Z,3/5/2011,Mid-Block (not related to intersection),14.0,"MOTOR VEHICLE STRUCK MOTOR VEHICLE, REAR END",,,,,,,11064023.0,,,,0,0,N,482.1158240854731,55
3116,-122.37276283282108,47.69062654292201,4117,17997,17997,1079620,Matched,Intersection,37268.0,13TH AVE NW AND NW 85TH ST,,,1,Property Damage Only Collision,Angles,4,0,0,2,0,0,0,2004-09-29T00:00:00.000Z,9/29/2004 5:10:00 PM,At Intersection (intersection related),11.0,"MOTOR VEHICLE STRUCK MOTOR VEHICLE, FRONT END AT ANGLE",,0,Clear or Partly Cloudy,Dry,Daylight,,4273005.0,,10,Entering at angle,0,0,N,231.94771954470022,408
184964,-122.33847999955081,47.619118504497465,184965,244083,244643,E646870,Unmatched,Block,,WESTLAKE AVE N BETWEEN DENNY WAY AND JOHN ST,NEI,"Not Enough Information, or Insufficient Location Information",1,Property Damage Only Collision,,2,0,0,0,0,0,0,2017-02-27T00:00:00.000Z,2/27/2017,Mid-Block (not related to intersection),0.0,NOT ENOUGH INFORMATION / NOT APPLICABLE,,,,,,,,, ,,0,0,N,1020.3621333173032,55
157280,-122.33648396621885,47.611672009747465,157281,193121,193201,E423274,Matched,Intersection,29577.0,5TH AVE AND PINE ST, ,,1,Property Damage Only Collision,Angles,0,0,0,2,0,0,0,2015-05-07T00:00:00.000Z,5/7/2015 8:33:00 AM,At Intersection (intersection related),11.0,"MOTOR VEHICLE STRUCK MOTOR VEHICLE, FRONT END AT ANGLE",,N,Clear or Partly Cloudy,Dry,Daylight,,,,10,Entering at angle,0,0,N,735.7737677094929,185
37857,-122.31920878354694,47.708569219474185,37858,51746,51746,2592607,Matched,Block,,NE NORTHGATE WAY BETWEEN 8TH AVE NE AND ROOSEVELT WAY NE,,,1,Property Damage Only Collision,Other,1,0,0,1,0,0,0,2006-07-09T00:00:00.000Z,7/9/2006,Mid-Block (not related to intersection),28.0,MOTOR VEHICLE RAN OFF ROAD - HIT FIXED OBJECT,,1,Clear or Partly Cloudy,Dry,Dark - Street Lights On,,6190033.0,,50,Fixed object,0,0,N,419.54104296169965,662
75430,-122.36046479838285,47.527387407152084,74431,89659,89659,2609654,Matched,Block,,DELRIDGE WAY SW BETWEEN SW THISTLE ST AND SW CLOVERDALE ST,,,1,Property Damage Only Collision,Rear Ended,2,0,0,2,0,0,0,2008-03-23T00:00:00.000Z,3/23/2008 2:41:00 PM,Mid-Block (not related to intersection),14.0,"MOTOR VEHICLE STRUCK MOTOR VEHICLE, REAR END",,0,Raining,Wet,Daylight,,8083010.0,,14,From same direction - both going straight - one stopped - rear-end,0,0,N,142.82649750866088,195
78703,-122.31678180366168,47.60268590720001,79704,92505,92505,2906528,Matched,Intersection,30403.0,12TH AVE AND E FIR ST,,,1,Property Damage Only Collision,Angles,2,0,0,2,0,0,0,2008-01-30T00:00:00.000Z,1/30/2008 7:31:00 PM,At Intersection (intersection related),11.0,"MOTOR VEHICLE STRUCK MOTOR VEHICLE, FRONT END AT ANGLE",,0,Raining,Wet,Dark - Street Lights On,,8030014.0,,10,Entering at angle,0,0,N,293.8802433728198,627
148381,-122.33299652247278,47.62254338988533,148382,176407,176427,3589052,Matched,Block,,MINOR AVE N BETWEEN HARRISON ST AND REPUBLICAN ST, ,,2b,Serious Injury Collision,Pedestrian,2,1,0,1,1,1,0,2014-09-23T00:00:00.000Z,9/23/2014 3:12:00 PM,Mid-Block (not related to intersection),24.0,MOTOR VEHCILE STRUCK PEDESTRIAN,,N,Overcast,Dry,Daylight,,,,0,Vehicle going straight hits pedestrian,0,0,N,581.3973849987774,717
150814,-122.31154547969685,47.68304611360246,151815,183863,183943,3707922,Matched,Block,,NE 75TH ST BETWEEN 15TH AVE NE AND 16TH AVE NE, ,,1,Property Damage Only Collision,Sideswipe,2,0,0,2,0,0,0,2015-01-11T00:00:00.000Z,1/11/2015 5:41:00 PM,Mid-Block (but intersection related),11.0,"MOTOR VEHICLE STRUCK MOTOR VEHICLE, FRONT END AT ANGLE",,N,Overcast,Wet,Dark - Street Lights On,,,,11,From same direction - both going straight - both moving - sideswipe,0,0,N,241.20293586019125,940
148695,-122.31624815168593,47.526444727237845,148696,176899,176919,3380522,Matched,Block,,S CLOVERDALE ST BETWEEN 12TH AVE S AND 14TH AVE S, ,,1,Property Damage Only Collision,Parked Car,2,0,0,2,0,0,0,2014-10-05T00:00:00.000Z,10/5/2014 1:51:00 PM,Mid-Block (not related to intersection),13.0,"MOTOR VEHICLE STRUCK MOTOR VEHICLE, LEFT SIDE AT ANGLE",,N,Clear or Partly Cloudy,Dry,Daylight,,,,19,One car entering parked position,0,0,N,137.51370102868896,745