,X,Y,OBJECTID,INCKEY,COLDETKEY,REPORTNO,STATUS,ADDRTYPE,INTKEY,LOCATION,EXCEPTRSNCODE,EXCEPTRSNDESC,SEVERITYCODE,SEVERITYDESC,COLLISIONTYPE,PERSONCOUNT,PEDCOUNT,PEDCYLCOUNT,VEHCOUNT,INJURIES,SERIOUSINJURIES,FATALITIES,INCDATE,INCDTTM,JUNCTIONTYPE,SDOT_COLCODE,SDOT_COLDESC,INATTENTIONIND,UNDERINFL,WEATHER,ROADCOND,LIGHTCOND,PEDROWNOTGRNT,SDOTCOLNUM,SPEEDING,ST_COLCODE,ST_COLDESC,SEGLANEKEY,CROSSWALKKEY,HITPARKEDCAR,CLOSEST_CIRCLE_DIST,CLOSEST_CIRCLE_INDEX
115284,-122.33943909616644,47.5613228495322,115285,129714,129714,3374096,Matched,Block,,EAST MARGINAL WAY S BETWEEN DIAGONAL AVE S AND S ALASKA ST,,,1,Property Damage Only Collision,Other,1,0,0,1,0,0,0,2011-06-05T00:00:00.000Z,6/5/2011 8:12:00 PM,Mid-Block (not related to intersection),26.0,MOTOR VEHICLE STRUCK OBJECT IN ROAD,,N,Clear or Partly Cloudy,Dry,Dusk,,11156007.0,,50,Fixed object,0,0,N,1574.1971276818958,756
186820,-122.29353212305193,47.617608598098116,185821,241422,241862,E673584,Matched,Intersection,29981.0,30TH AVE AND E HOWELL ST, ,,2,Injury Collision,Angles,4,0,0,2,2,0,0,2017-05-22T00:00:00.000Z,5/22/2017 8:03:00 PM,At Intersection (intersection related),14.0,"MOTOR VEHICLE STRUCK MOTOR VEHICLE, REAR END",Y,N,Clear or Partly Cloudy,Dry,Dusk,,,,10,Entering at angle,0,0,N,168.68438519210702,973
116110,-122.32344286674879,47.604126909423634,116111,129764,129764,3505628,Matched,Block,,9TH AVE BETWEEN ALDER ST AND JEFFERSON ST,,,1,Property Damage Only Collision,Other,2,0,0,2,0,0,0,2011-12-16T00:00:00.000Z,12/16/2011 3:30:00 PM,Mid-Block (but intersection related),11.0,"MOTOR VEHICLE STRUCK MOTOR VEHICLE, FRONT END AT ANGLE",,N,Clear or Partly Cloudy,Dry,Daylight,,11350017.0,,23,From same direction - all others,0,0,N,716.4502167045413,762
192509,-122.29815071351207,47.5783500437791,192510,251992,252592,3783179,Matched,Intersection,31482.0,RAINIER AVE S AND S MCCLELLAN ST, ,,1,Property Damage Only Collision,Angles,4,0,0,2,0,0,0,2017-10-29T00:00:00.000Z,10/29/2017 1:31:00 PM,At Intersection (intersection related),11.0,"MOTOR VEHICLE STRUCK MOTOR VEHICLE, FRONT END AT ANGLE",Y,N,Clear or Partly Cloudy,Dry,Daylight,,,,10,Entering at angle,0,0,N,418.3605884759167,888
31851,-122.30715029133465,47.66746291130443,32852,47205,47205,2025770,Matched,Block,,19TH AVE NE BETWEEN NE 52ND ST AND NE 55TH ST,,,1,Property Damage Only Collision,Parked Car,2,0,0,2,0,0,0,2005-09-19T00:00:00.000Z,9/19/2005 3:00:00 AM,Mid-Block (not related to intersection),16.0,"MOTOR VEHICLE STRUCK MOTOR VEHICLE, LEFT SIDE SIDESWIPE",,0,Clear or Partly Cloudy,Dry,Dark - Street Lights On,,5262024.0,,32,One parked--one moving,0,0,N,118.80318562657098,616
114867,-122.33382457188871,47.603732792609094,114868,129688,129688,3560354,Matched,Intersection,29969.0,2ND AVE AND COLUMBIA ST,,,2,Injury Collision,Angles,2,0,0,2,1,0,0,2011-05-30T00:00:00.000Z,5/30/2011 12:11:00 PM,At Intersection (intersection related),11.0,"MOTOR VEHICLE STRUCK MOTOR VEHICLE, FRONT END AT ANGLE",,N,Overcast,Dry,Daylight,,11150005.0,,10,Entering at angle,0,0,N,1020.5025909974665,762
128739,-122.34093904040242,47.724165032574774,126740,142306,142306,3554187,Matched,Block,,N 131ST ST BETWEEN STONE AVE N AND ASHWORTH AVE N,,,2,Injury Collision,Other,1,0,0,1,1,0,0,2012-10-28T00:00:00.000Z,10/28/2012 1:51:00 PM,Mid-Block (not related to intersection),28.0,MOTOR VEHICLE RAN OFF ROAD - HIT FIXED OBJECT,,N,Overcast,Dry,Daylight,,12302012.0,,51,Other object,0,0,N,257.1207660759431,67
189037,-122.28504186150768,47.557848625054476,189038,248543,249123,E711121,Matched,Intersection,33571.0,RAINIER AVE S AND S FERDINAND ST, ,,1,Property Damage Only Collision,Rear Ended,0,0,0,3,0,0,0,2017-09-02T00:00:00.000Z,9/2/2017 2:03:00 PM,At Intersection (but not related to intersection),14.0,"MOTOR VEHICLE STRUCK MOTOR VEHICLE, REAR END",,N,Clear or Partly Cloudy,Dry,Daylight,,,,13,From same direction - both going straight - both moving - rear-end,0,0,N,82.71148484933924,413
34063,-122.33618658042073,47.66086041265596,35064,49347,49347,2184999,Matched,Block,,WALLINGFORD AVE N BETWEEN N 44TH ST AND N 45TH ST,,,1,Property Damage Only Collision,Parked Car,2,0,0,2,0,0,0,2006-04-28T00:00:00.000Z,4/28/2006 7:30:00 PM,Mid-Block (not related to intersection),16.0,"MOTOR VEHICLE STRUCK MOTOR VEHICLE, LEFT SIDE SIDESWIPE",,0,Clear or Partly Cloudy,Dry,Daylight,,6118037.0,,32,One parked--one moving,0,0,N,108.43212072628168,677
72120,-122.31211719681299,47.61477105823665,72121,87551,87551,8002040,Unmatched,Block,,E MADISON ST BETWEEN 15TH AVE AND 16TH AVE,,,0,Unknown,,0,0,0,0,0,0,0,2008-01-02T00:00:00.000Z,1/2/2008,Driveway Junction,11.0,"MOTOR VEHICLE STRUCK MOTOR VEHICLE, FRONT END AT ANGLE",,,,,,,8002040.0,,,,0,0,N,88.28125937045174,79
81242,-122.33097835916084,47.651062537211615,81243,95012,95012,2894947,Matched,Block,,N PACIFIC ST BETWEEN N 36TH ST AND SUNNYSIDE AVE N,,,1,Property Damage Only Collision,Rear Ended,2,0,0,2,0,0,0,2009-02-02T00:00:00.000Z,2/2/2009,Mid-Block (not related to intersection),14.0,"MOTOR VEHICLE STRUCK MOTOR VEHICLE, REAR END",Y,0,Clear or Partly Cloudy,Dry,Daylight,,9033008.0,,14,From same direction - both going straight - one stopped - rear-end,0,0,N,106.07469935498486,862
94099,-122.33612227328062,47.60118905259915,95100,109988,109988,3345214,Matched,Block,,ALASKAN WAY S BETWEEN YESLER WAY AND PIER 48 ACCESS RD,,,1,Property Damage Only Collision,Other,2,0,0,1,0,0,0,2010-10-24T00:00:00.000Z,10/24/2010 5:54:00 AM,Mid-Block (not related to intersection),28.0,MOTOR VEHICLE RAN OFF ROAD - HIT FIXED OBJECT,,N,Raining,Wet,Dark - Street Lights On,,10297043.0,,50,Fixed object,0,0,N,1347.3820642453725,762
65184,-122.30843073001526,47.572508868310024,65185,78799,78799,C687196,Matched,Block,,BEACON AVE S BETWEEN S HINDS ST AND S SPOKANE ST,,,2,Injury Collision,Rear Ended,2,0,0,2,1,0,0,2007-05-24T00:00:00.000Z,5/24/2007 12:20:00 PM,Mid-Block (but intersection related),14.0,"MOTOR VEHICLE STRUCK MOTOR VEHICLE, REAR END",,0,Clear or Partly Cloudy,Dry,Daylight,,7144042.0,,14,From same direction - both going straight - one stopped - rear-end,0,0,N,108.00589587330134,783
43546,-122.33969154121115,47.57270499771236,43547,57362,57362,2127887,Matched,Block,,EAST MARGINAL WAY S BETWEEN S HINDS ST AND S SPOKANE NR ST,,,1,Property Damage Only Collision,Sideswipe,2,0,0,2,0,0,0,2006-01-16T00:00:00.000Z,1/16/2006 11:31:00 AM,Mid-Block (not related to intersection),14.0,"MOTOR VEHICLE STRUCK MOTOR VEHICLE, REAR END",Y,0,Raining,Wet,Daylight,,6016017.0,,11,From same direction - both going straight - both moving - sideswipe,0,0,N,1893.5274673796412,178
69082,-122.32074489645002,47.60453069213444,69083,83536,83536,2899324,Matched,Intersection,29831.0,BOREN AVE AND BROADWAY,,,1,Property Damage Only Collision,Sideswipe,2,0,0,2,0,0,0,2008-08-26T00:00:00.000Z,8/26/2008 1:03:00 PM,At Intersection (intersection related),11.0,"MOTOR VEHICLE STRUCK MOTOR VEHICLE, FRONT END AT ANGLE",,0,Clear or Partly Cloudy,Dry,Daylight,,8239029.0,,81,Same direction -- both turning left -- both moving -- sideswipe,0,0,N,592.8200864968171,855
7749,-122.36400829786027,47.67508021086113,7750,21566,21566,1773482,Matched,Block,,6TH AVE NW BETWEEN NW 62ND ST AND NW 65TH W ST,,,1,Property Damage Only Collision,Parked Car,2,0,0,2,0,0,0,2004-04-24T00:00:00.000Z,4/24/2004 1:10:00 AM,Mid-Block (not related to intersection),14.0,"MOTOR VEHICLE STRUCK MOTOR VEHICLE, REAR END",,0,Clear or Partly Cloudy,Dry,Dark - Street Lights On,,4115021.0,,32,One parked--one moving,0,0,N,190.37723042986977,39
74611,-122.3145298364522,47.5716241785597,75612,89864,89864,3279633,Matched,Intersection,32247.0,S COLUMBIAN WAY AND S SPOKANE ST,,,1,Property Damage Only Collision,Other,1,0,0,1,0,0,0,2008-09-15T00:00:00.000Z,9/15/2008 7:30:00 AM,At Intersection (intersection related),11.0,"MOTOR VEHICLE STRUCK MOTOR VEHICLE, FRONT END AT ANGLE",,0,Clear or Partly Cloudy,Dry,Daylight,,8259018.0,,52,Vehicle overturned,0,0,N,386.6522823120892,178
59332,-122.3403873988192,47.625395721548074,59333,73859,73859,2826100,Matched,Block,,ROY ST BETWEEN 8TH AVE N AND 9TH AVE N,,,1,Property Damage Only Collision,Parked Car,2,0,0,2,0,0,0,2007-06-25T00:00:00.000Z,6/25/2007 7:15:00 PM,Mid-Block (not related to intersection),13.0,"MOTOR VEHICLE STRUCK MOTOR VEHICLE, LEFT SIDE AT ANGLE",,0,Clear or Partly Cloudy,Dry,Dusk,,7176034.0,,32,One parked--one moving,0,0,N,449.7735944403914,272
121980,-122.31736371435848,47.668577015544955,121981,137899,137899,3544743,Matched,Intersection,25764.0,ROOSEVELT WAY NE AND NE 55TH ST,,,1,Property Damage Only Collision,Angles,2,0,0,2,0,0,0,2012-02-10T00:00:00.000Z,2/10/2012 3:55:00 PM,At Intersection (intersection related),11.0,"MOTOR VEHICLE STRUCK MOTOR VEHICLE, FRONT END AT ANGLE",,N,Clear or Partly Cloudy,Dry,Daylight,,12041010.0,,10,Entering at angle,0,0,N,189.01445121155163,725
101323,-122.33310223043165,47.571400204509324,101324,118166,118166,3342501,Matched,Block,,S SPOKANE SR ST BETWEEN 1ST AVE S AND 2ND AVE S,,,1,Property Damage Only Collision,Other,1,0,0,1,0,0,0,2010-09-21T00:00:00.000Z,9/21/2010 5:03:00 AM,Mid-Block (not related to intersection),28.0,MOTOR VEHICLE RAN OFF ROAD - HIT FIXED OBJECT,,1,Clear or Partly Cloudy,Dry,Dark - Street Lights On,,10264018.0,Y,50,Fixed object,0,0,N,1438.9744666334002,178
77393,-122.34448582339228,47.6824609691986,77394,91441,91441,2828967,Matched,Block,,AURORA AVE N BETWEEN KEEN WAY N AND WINONA AVE N,,,1,Property Damage Only Collision,Parked Car,2,0,0,2,0,0,0,2008-01-31T00:00:00.000Z,1/31/2008 11:46:00 PM,Mid-Block (not related to intersection),11.0,"MOTOR VEHICLE STRUCK MOTOR VEHICLE, FRONT END AT ANGLE",,0,Clear or Partly Cloudy,Dry,Dark - Street Lights On,,8031022.0,,32,One parked--one moving,0,0,N,180.73102352551402,483
52688,-122.30561028279055,47.59747939482342,52689,67117,67117,2620354,Matched,Block,,S WELLER ST BETWEEN 20TH AVE S AND 20TH PL S,,,1,Property Damage Only Collision,Parked Car,2,0,0,2,0,0,0,2007-09-20T00:00:00.000Z,9/20/2007 6:58:00 AM,Mid-Block (not related to intersection),14.0,"MOTOR VEHICLE STRUCK MOTOR VEHICLE, REAR END",,0,Unknown,Unknown,Unknown,,7263015.0,,32,One parked--one moving,0,0,N,252.88360847666513,464
135973,-122.38677811089994,47.561106467756254,136974,155822,155842,3386176,Matched,Intersection,31916.0,CALIFORNIA AVE SW AND SW ALASKA ST, ,,1,Property Damage Only Collision,Angles,4,0,0,2,0,0,0,2013-10-26T00:00:00.000Z,10/26/2013 10:33:00 PM,At Intersection (intersection related),11.0,"MOTOR VEHICLE STRUCK MOTOR VEHICLE, FRONT END AT ANGLE",,N,Clear or Partly Cloudy,Dry,Dark - Street Lights On,,,,10,Entering at angle,0,0,N,409.9896099484829,249
39006,-122.33508553198868,47.706852167240676,38007,52573,52573,2624721,Matched,Block,,N 107TH ST BETWEEN N NORTHGATE WAY AND MERIDIAN AVE N,,,1,Property Damage Only Collision,Parked Car,2,0,0,2,0,0,0,2006-12-01T00:00:00.000Z,12/1/2006,Mid-Block (not related to intersection),11.0,"MOTOR VEHICLE STRUCK MOTOR VEHICLE, FRONT END AT ANGLE",,0,Snowing,Ice,Unknown,,6335040.0,,32,One parked--one moving,0,0,N,182.26750318842946,924
88300,-122.37485385913992,47.6614744182496,88301,101818,101818,3333138,Matched,Block,,NW 45TH ST BETWEEN 14TH AVE NW AND 15TH NB AVE NW,,,1,Property Damage Only Collision,Other,1,0,0,1,0,0,0,2009-12-09T00:00:00.000Z,12/9/2009,Mid-Block (not related to intersection),26.0,MOTOR VEHICLE STRUCK OBJECT IN ROAD,,0,Clear or Partly Cloudy,Dry,Dark - Street Lights On,,9343024.0,,50,Fixed object,0,0,N,663.462246814339,206
67325,-122.3567092208327,47.6245829734798,67326,82244,82244,2804998,Matched,Intersection,28632.0,MERCER ST AND QUEEN ANNE AVE N,,,1,Property Damage Only Collision,Angles,2,0,0,2,0,0,0,2008-04-15T00:00:00.000Z,4/15/2008 5:40:00 AM,At Intersection (intersection related),11.0,"MOTOR VEHICLE STRUCK MOTOR VEHICLE, FRONT END AT ANGLE",,0,Clear or Partly Cloudy,Dry,Daylight,,8106032.0,,10,Entering at angle,0,0,N,437.19640121521473,663
34597,-122.3567092208327,47.6245829734798,35598,49861,49861,1933883,Matched,Intersection,28632.0,MERCER ST AND QUEEN ANNE AVE N,,,1,Property Damage Only Collision,Left Turn,2,0,0,2,0,0,0,2006-03-14T00:00:00.000Z,3/14/2006 7:45:00 PM,At Intersection (intersection related),11.0,"MOTOR VEHICLE STRUCK MOTOR VEHICLE, FRONT END AT ANGLE",,0,Clear or Partly Cloudy,Dry,Dark - Street Lights On,,6073014.0,,28,From opposite direction - one left turn - one straight,0,0,N,437.19640121521473,663
155899,-122.26691124361365,47.55038072031744,156900,191404,191484,E411432,Matched,Block,,S MEAD ST BETWEEN 52ND AVE S AND DEAD END 3, ,,1,Property Damage Only Collision,Other,0,0,0,1,0,0,0,2015-03-25T00:00:00.000Z,3/25/2015 12:30:00 PM,Mid-Block (not related to intersection),28.0,MOTOR VEHICLE RAN OFF ROAD - HIT FIXED OBJECT,,N,Raining,Wet,Daylight,,,,50,Fixed object,0,0,N,336.74355577975035,792
141488,-122.35554263271278,47.72141750019991,141489,164184,164204,3591534,Matched,Intersection,35832.0,GREENWOOD AVE N AND N 127TH ST, ,,2,Injury Collision,Angles,2,0,0,2,1,0,0,2014-03-10T00:00:00.000Z,3/10/2014 4:56:00 PM,At Intersection (intersection related),11.0,"MOTOR VEHICLE STRUCK MOTOR VEHICLE, FRONT END AT ANGLE",,N,Overcast,Dry,Daylight,,,,10,Entering at angle,0,0,N,102.08672195127275,290
53808,-122.27263875939647,47.53860317137184,53809,68056,68056,2612785,Matched,Block,,48TH AVE S BETWEEN S MYRTLE ST AND S ORCHARD ST,,,1,Property Damage Only Collision,Other,3,0,0,1,0,0,0,2007-06-01T00:00:00.000Z,6/1/2007,Mid-Block (but intersection related),28.0,MOTOR VEHICLE RAN OFF ROAD - HIT FIXED OBJECT,,0,Clear or Partly Cloudy,Dry,Dusk,,7152027.0,Y,50,Fixed object,0,0,N,107.49936063094374,794
78764,-122.2777117685212,47.700243105365175,79765,93186,93186,2904819,Matched,Block,,SAND POINT WAY NE BETWEEN NE 97TH ST AND NE 100TH ST,,,1,Property Damage Only Collision,Rear Ended,2,0,0,2,0,0,0,2008-05-13T00:00:00.000Z,5/13/2008 1:06:00 PM,Mid-Block (not related to intersection),14.0,"MOTOR VEHICLE STRUCK MOTOR VEHICLE, REAR END",Y,0,Raining,Wet,Daylight,,8134013.0,,14,From same direction - both going straight - one stopped - rear-end,0,0,N,844.4911477177334,36
150461,-122.2856311115602,47.54605724584301,151462,181137,181177,3708341,Matched,Intersection,33645.0,M L KING JR WR WAY S AND S GRAHAM ST, ,,2,Injury Collision,Angles,4,0,0,3,3,0,0,2014-12-06T00:00:00.000Z,12/6/2014 6:07:00 AM,At Intersection (intersection related),11.0,"MOTOR VEHICLE STRUCK MOTOR VEHICLE, FRONT END AT ANGLE",,N,Overcast,Wet,Dark - Street Lights On,,,,10,Entering at angle,0,0,N,192.17272458388854,625
7110,-122.31755267370005,47.68673212838139,7111,20571,20571,04243034,Unmatched,Intersection,24395.0,ROOSEVELT WAY NE AND NE 80TH ST,,,0,Unknown,,0,0,0,0,0,0,0,2004-08-30T00:00:00.000Z,8/30/2004,At Intersection (intersection related),11.0,"MOTOR VEHICLE STRUCK MOTOR VEHICLE, FRONT END AT ANGLE",,,,,,,4243034.0,,,,0,0,N,216.17862329398343,435
132312,-122.34864156006675,47.65034060804284,130313,148530,148550,3564731,Matched,Block,,N 35TH ST BETWEEN FREMONT AVE N AND TROLL AVE N, ,,1,Property Damage Only Collision,Parked Car,2,0,0,2,0,0,0,2011-04-28T00:00:00.000Z,4/28/2011 10:00:00 PM,Mid-Block (not related to intersection),16.0,"MOTOR VEHICLE STRUCK MOTOR VEHICLE, LEFT SIDE SIDESWIPE",Y,N,Unknown,Unknown,Dark - Street Lights On,,,,32,One parked--one moving,0,0,N,293.72508287859955,1014
55151,-122.32905650500133,47.57980945110732,55152,69419,69419,2793673,Matched,Intersection,31369.0,4TH AVE S AND S LANDER ST, ,,2b,Serious Injury Collision,Pedestrian,2,1,0,1,1,1,0,2007-06-28T00:00:00.000Z,6/28/2007 9:50:00 PM,At Intersection (intersection related),24.0,MOTOR VEHCILE STRUCK PEDESTRIAN,,1,Raining,Wet,Dark - Street Lights Off,,7179009.0,,0,Vehicle going straight hits pedestrian,0,521753,N,1081.6217445555344,818
122858,-122.33754426965875,47.60612175846337,123859,139859,139859,3560845,Matched,Intersection,29611.0,1ST AVE AND SENECA ST,,,2,Injury Collision,Angles,6,0,0,2,1,0,0,2012-04-14T00:00:00.000Z,4/14/2012 8:28:00 PM,At Intersection (intersection related),11.0,"MOTOR VEHICLE STRUCK MOTOR VEHICLE, FRONT END AT ANGLE",,N,Clear or Partly Cloudy,Dry,Dark - Street Lights On,,12105009.0,,10,Entering at angle,0,0,N,1083.5397546243382,688
104032,-122.31396053178835,47.614118430837976,104033,120431,120431,3386833,Matched,Block,,E PIKE ST BETWEEN 14TH AVE AND E MADISON ST,,,1,Property Damage Only Collision,Parked Car,2,0,0,2,0,0,0,2011-01-26T00:00:00.000Z,1/26/2011 2:11:00 PM,Mid-Block (not related to intersection),16.0,"MOTOR VEHICLE STRUCK MOTOR VEHICLE, LEFT SIDE SIDESWIPE",,N,Clear or Partly Cloudy,Dry,Daylight,,11026022.0,,32,One parked--one moving,0,0,N,89.24399694229129,79
40713,-122.34729734947493,47.697342032305286,39714,54048,54048,2178626,Matched,Block,,LINDEN AVE N BETWEEN N 94TH ST AND N 95TH ST,,,1,Property Damage Only Collision,Parked Car,2,0,0,2,0,0,0,2006-02-18T00:00:00.000Z,2/18/2006 11:11:00 AM,Mid-Block (not related to intersection),14.0,"MOTOR VEHICLE STRUCK MOTOR VEHICLE, REAR END",,0,Clear or Partly Cloudy,Dry,Unknown,,6049036.0,,32,One parked--one moving,0,0,N,52.734685533526935,211
87316,-122.32958206541679,47.607479762113826,86317,102098,102098,3208720,Matched,Intersection,29935.0,7TH AVE AND MADISON ST,,,2,Injury Collision,Angles,3,0,0,3,2,0,0,2009-06-07T00:00:00.000Z,6/7/2009,At Intersection (intersection related),11.0,"MOTOR VEHICLE STRUCK MOTOR VEHICLE, FRONT END AT ANGLE",,0,Clear or Partly Cloudy,Dry,Daylight,,9158011.0,,10,Entering at angle,0,0,N,499.7367355189508,762
120002,-122.31953929246687,47.61991719995634,119003,134866,134866,3476340,Matched,Intersection,29053.0,10TH AVE E AND E JOHN ST,,,2,Injury Collision,Pedestrian,2,1,0,1,1,0,0,2012-12-13T00:00:00.000Z,12/13/2012 11:47:00 PM,At Intersection (intersection related),24.0,MOTOR VEHCILE STRUCK PEDESTRIAN,,N,Raining,Wet,Dark - Street Lights On,Y,12348022.0,,2,Vehicle turning left hits pedestrian,0,0,N,162.7478086261759,40
121521,-122.31928407328456,47.5498296307917,121522,137169,137169,2828517,Matched,Block,,S DORIS ST BETWEEN CORSON AVE S AND AIRPORT WAY S,,,1,Property Damage Only Collision,Parked Car,2,0,0,2,0,0,0,2012-03-01T00:00:00.000Z,3/1/2012 1:53:00 PM,Mid-Block (not related to intersection),15.0,"MOTOR VEHICLE STRUCK MOTOR VEHICLE, RIGHT SIDE SIDESWIPE",,N,Clear or Partly Cloudy,Dry,Daylight,,12061024.0,,32,One parked--one moving,0,0,N,288.32904163475763,202
153060,-122.34586158783074,47.612989913993864,153061,181998,182071,3732486,Matched,Block,,1ST AVE BETWEEN BLANCHARD ST AND BELL ST, ,,2,Injury Collision,Other,2,0,0,2,1,0,0,2014-11-22T00:00:00.000Z,11/22/2014 12:52:00 AM,Mid-Block (not related to intersection),11.0,"MOTOR VEHICLE STRUCK MOTOR VEHICLE, FRONT END AT ANGLE",Y,N,Clear or Partly Cloudy,Dry,Dark - Street Lights On,,,,23,From same direction - all others,0,0,N,1426.7451296184229,185
53326,-122.33315551196314,47.66029395271625,53327,67283,67283,C694727,Matched,Block,,N 44TH ST BETWEEN MERIDIAN AVE N AND BAGLEY AVE N,,,1,Property Damage Only Collision,Parked Car,2,0,0,2,0,0,0,2007-10-19T00:00:00.000Z,10/19/2007 12:01:00 AM,Mid-Block (not related to intersection),11.0,"MOTOR VEHICLE STRUCK MOTOR VEHICLE, FRONT END AT ANGLE",,0,Raining,Wet,Other,,7292078.0,,32,One parked--one moving,0,0,N,44.14209720279035,428
192960,-122.29676594715772,47.602154661356344,192961,261515,262255,C814690,Unmatched,Block,,M L KING JR WAY BETWEEN E YESLER WAY AND E FIR ST, ,,0,Unknown,,0,0,0,0,0,0,0,2017-01-30T00:00:00.000Z,1/30/2017,Mid-Block (not related to intersection),14.0,"MOTOR VEHICLE STRUCK MOTOR VEHICLE, REAR END",,,,,,,,, ,,0,0,N,99.43215439767768,421
86984,-122.32729177860695,47.618494701867675,87985,103009,103009,09241026,Unmatched,Block,,E DENNY WAY BETWEEN MELROSE AVE AND BELLEVUE AVE,,,0,Unknown,,0,0,0,0,0,0,0,2009-08-29T00:00:00.000Z,8/29/2009,Mid-Block (not related to intersection),11.0,"MOTOR VEHICLE STRUCK MOTOR VEHICLE, FRONT END AT ANGLE",,,,,,,9241026.0,,,,0,0,N,273.0968671109975,55
56525,-122.37734278448302,47.69060745290326,56526,70936,70936,2803397,Matched,Block,,NW 85TH ST BETWEEN 15TH AVE NW AND 16TH AVE NW,,,2,Injury Collision,Rear Ended,2,0,0,2,1,0,0,2007-03-18T00:00:00.000Z,3/18/2007 1:00:00 PM,Mid-Block (not related to intersection),14.0,"MOTOR VEHICLE STRUCK MOTOR VEHICLE, REAR END",,0,Clear or Partly Cloudy,Dry,Daylight,,7077009.0,,14,From same direction - both going straight - one stopped - rear-end,0,0,N,206.35747749351137,553
162416,-122.32905138779137,47.58822700712162,162417,201852,201992,E446888,Matched,Intersection,31341.0,4TH AVE S AND S MASSACHUSETTS ST, ,,2,Injury Collision,Cycles,3,0,1,1,1,0,0,2015-07-22T00:00:00.000Z,7/22/2015 10:04:00 AM,At Intersection (intersection related),14.0,"MOTOR VEHICLE STRUCK MOTOR VEHICLE, REAR END",Y,N,Clear or Partly Cloudy,Dry,Daylight,,,,45,Vehicle - Pedalcyclist,0,31341,N,1064.0872670708673,875
16236,-122.37621097745935,47.673452037117436,15237,28999,28999,1793763,Matched,Block,,15TH AVE NW BETWEEN NW 61ST ST AND NW 62ND ST,,,2,Injury Collision,Rear Ended,5,0,0,3,2,0,0,2004-09-30T00:00:00.000Z,9/30/2004 2:16:00 PM,Driveway Junction,14.0,"MOTOR VEHICLE STRUCK MOTOR VEHICLE, REAR END",Y,0,Clear or Partly Cloudy,Dry,Daylight,,4274010.0,,14,From same direction - both going straight - one stopped - rear-end,0,0,N,204.55032242490353,562
109269,-122.33754001043816,47.60779444958214,109270,123075,123075,3562308,Matched,Block,,2ND AVE BETWEEN UNIVERSITY ST AND UNION ST,,,1,Property Damage Only Collision,Parked Car,4,0,0,2,0,0,0,2011-10-15T00:00:00.000Z,10/15/2011 5:29:00 PM,Mid-Block (not related to intersection),11.0,"MOTOR VEHICLE STRUCK MOTOR VEHICLE, FRONT END AT ANGLE",,N,Overcast,Dry,Dusk,,11288027.0,,19,One car entering parked position,0,0,N,983.5242017874408,688
84293,-122.37489946277462,47.668666144477655,84294,99524,99524,3327884,Matched,Block,,NW MARKET ST BETWEEN 14TH AVE NW AND 15TH AVE NW,,,1,Property Damage Only Collision,Angles,2,0,0,2,0,0,0,2009-12-23T00:00:00.000Z,12/23/2009 2:44:00 PM,Mid-Block (not related to intersection),11.0,"MOTOR VEHICLE STRUCK MOTOR VEHICLE, FRONT END AT ANGLE",Y,0,Clear or Partly Cloudy,Dry,Daylight,,9357018.0,,10,Entering at angle,0,0,N,322.72888498178116,647
18710,-122.33396137290968,47.706850216103966,18711,32620,32620,2023344,Matched,Intersection,36588.0,MERIDIAN AVE N AND N 107TH ST,,,2,Injury Collision,Angles,2,0,0,2,1,0,0,2005-08-03T00:00:00.000Z,8/3/2005,At Intersection (intersection related),11.0,"MOTOR VEHICLE STRUCK MOTOR VEHICLE, FRONT END AT ANGLE",,0,Clear or Partly Cloudy,Dry,Daylight,,5215001.0,,10,Entering at angle,0,0,N,266.6324002403633,924
183632,-122.32672599259386,47.618492645551065,183633,240410,240850,3773530,Matched,Intersection,29164.0,BELLEVUE AVE AND E DENNY WAY, ,,1,Property Damage Only Collision,Other,1,0,0,1,0,0,0,2017-02-28T00:00:00.000Z,2/28/2017 1:43:00 AM,At Intersection (intersection related),26.0,MOTOR VEHICLE STRUCK OBJECT IN ROAD,,N,Snowing,Wet,Dark - Street Lights On,,,,50,Fixed object,0,0,N,255.14424524009127,55
167974,-122.34642720572643,47.61181649773186,167975,210772,211012,3789274,Matched,Block,,WESTERN AV OFF RP BETWEEN ALASKAN WY VI NB AND BELL ST, ,,2,Injury Collision,Rear Ended,3,0,0,2,2,0,0,2016-01-06T00:00:00.000Z,1/6/2016 9:03:00 AM,Mid-Block (not related to intersection),14.0,"MOTOR VEHICLE STRUCK MOTOR VEHICLE, REAR END",Y,N,Clear or Partly Cloudy,Dry,Daylight,,,,14,From same direction - both going straight - one stopped - rear-end,0,0,N,1474.7632903056704,185
105189,-122.29448732735297,47.73376939339338,105190,119380,119380,E123395,Matched,Block,,NE 145TH ST BETWEEN 31ST AVE NE AND 32ND AVE NE,,,2,Injury Collision,Rear Ended,5,0,0,3,1,0,0,2011-08-26T00:00:00.000Z,8/26/2011 5:45:00 PM,Mid-Block (not related to intersection),14.0,"MOTOR VEHICLE STRUCK MOTOR VEHICLE, REAR END",,N,Clear or Partly Cloudy,Dry,Daylight,,11238044.0,,13,From same direction - both going straight - both moving - rear-end,0,0,N,405.43579895511897,1003